image_id,relative_path,class_label,source_group,source_type,component,proposed_action
246d6e2751cf7e82e3d62763,early_blight/0012b9d2-2130-4a06-a834-b1f3af34f57e___RS_Erly.B 8389.JPG,early_blight,PlantVillage:Tomato___Early_blight:::179.0,verified_group,246d6e2751cf7e82e3d62763,eligible_verified_subset
357a88cff1dc147c48e4823e,early_blight/0034a551-9512-44e5-ba6c-827f85ecc688___RS_Erly.B 9432.JPG,early_blight,PlantVillage:Tomato___Early_blight:::204.0,verified_group,357a88cff1dc147c48e4823e,eligible_verified_subset
29b114dcaf425df556c8d349,early_blight/004cbe60-8ff9-4965-92df-e86694d5e9ba___RS_Erly.B 8253.JPG,early_blight,PlantVillage:Tomato___Early_blight:::162.0,verified_group,29b114dcaf425df556c8d349,eligible_verified_subset
a788b58a75a7ff68a29d737e,early_blight/00c5c908-fc25-4710-a109-db143da23112___RS_Erly.B 7778.JPG,early_blight,PlantVillage:Tomato___Early_blight:::135.0,verified_group,a788b58a75a7ff68a29d737e,eligible_verified_subset
5f1631780921ef172b905247,early_blight/00e7c4b2-3005-4558-9cfa-235e356cb7a8___RS_Erly.B 7844.JPG,early_blight,PlantVillage:Tomato___Early_blight:::151.0,verified_group,5f1631780921ef172b905247,exclude_unresolved_component
259d5bdc9a8674bc0df70199,early_blight/0114f7b3-7f56-4bef-aa47-7a82da142d4b___RS_Erly.B 7437.JPG,early_blight,PlantVillage:Tomato___Early_blight:::52.0,verified_group,259d5bdc9a8674bc0df70199,eligible_verified_subset
fa479afc02ee1ef2d2a5575e,early_blight/011aa278-a39e-40b0-b6e4-2e2f835889f0___RS_Erly.B 8251.JPG,early_blight,PlantVillage:Tomato___Early_blight:::162.0,verified_group,29b114dcaf425df556c8d349,eligible_verified_subset
7f409a285b70df3436caada9,early_blight/01861c93-ea8b-4820-aaa8-cc6003b3e75b___RS_Erly.B 7855.JPG,early_blight,PlantVillage:Tomato___Early_blight:::154.0,verified_group,7f409a285b70df3436caada9,eligible_verified_subset
82725ff28ef45e222e14e7cd,early_blight/01f87f04-ff38-4aba-b7d1-587aa06e5282___RS_Erly.B 7851.JPG,early_blight,PlantVillage:Tomato___Early_blight:::153.0,verified_group,82725ff28ef45e222e14e7cd,eligible_verified_subset
90ed3ead5030bce1091b4a0e,early_blight/0208ed52-1b28-4c9c-88e3-4667581e1109___RS_Erly.B 7829.JPG,early_blight,PlantVillage:Tomato___Early_blight:::148.0,verified_group,90ed3ead5030bce1091b4a0e,eligible_verified_subset
81af4915d23cff94881dfdb1,early_blight/023fe2d4-6e1d-40ce-99ae-85ba90f436ff___RS_Erly.B 6354.JPG,early_blight,PlantVillage:Tomato___Early_blight:::5.0,verified_group,81af4915d23cff94881dfdb1,eligible_verified_subset
c22e0453dc9b809e9acd60ef,early_blight/0378db62-5231-4eff-815d-c0deb0043e80___RS_Erly.B 7464.JPG,early_blight,PlantVillage:Tomato___Early_blight:::58.0,verified_group,c22e0453dc9b809e9acd60ef,eligible_verified_subset
3c477f5994ade33bee2a42fc,early_blight/03b4571c-b1eb-4e2a-b372-307046913f50___RS_Erly.B 7548.JPG,early_blight,PlantVillage:Tomato___Early_blight:::77.0,verified_group,3c477f5994ade33bee2a42fc,eligible_verified_subset
bf8d3e8ae76a16ac07818d01,early_blight/03b7a13c-f5c0-44c4-beed-443841670e9a___RS_Erly.B 8225.JPG,early_blight,PlantVillage:Tomato___Early_blight:::159.0,verified_group,bf8d3e8ae76a16ac07818d01,eligible_verified_subset
1b68cb74c97c285cd444a805,early_blight/0401adc0-0998-4d8e-90de-4eae8caf4248___RS_Erly.B 8446.JPG,early_blight,PlantVillage:Tomato___Early_blight:::187.0,verified_group,1b68cb74c97c285cd444a805,eligible_verified_subset
45ec483f6c5c25041b843f2d,early_blight/04747279-48b2-4ce1-932b-e511424beb6b___RS_Erly.B 8240.JPG,early_blight,PlantVillage:Tomato___Early_blight:::160.0,verified_group,45ec483f6c5c25041b843f2d,eligible_verified_subset
bb60d2357ae6c539de33b704,early_blight/04ddbde3-d33c-42bf-b849-dad24d64fd6f___RS_Erly.B 7664.JPG,early_blight,PlantVillage:Tomato___Early_blight:::106.0,verified_group,bb60d2357ae6c539de33b704,eligible_verified_subset
70bdd130a63276a5955024f5,early_blight/04e38351-80bc-4260-8a4d-187f7817c3e5___RS_Erly.B 7439.JPG,early_blight,PlantVillage:Tomato___Early_blight:::53.0,verified_group,70bdd130a63276a5955024f5,eligible_verified_subset
9dd33b950a0a33c2ebd9df5e,early_blight/055ae8d8-09e1-4b27-b385-9ff8a3e0eaae___RS_Erly.B 8247.JPG,early_blight,PlantVillage:Tomato___Early_blight:::161.0,verified_group,9dd33b950a0a33c2ebd9df5e,eligible_verified_subset
803ce875de96c08d9d4697df,early_blight/05fab431-cc13-4d6d-b4e1-912e0059c7c1___RS_Erly.B 8349.JPG,early_blight,PlantVillage:Tomato___Early_blight:::174.0,verified_group,803ce875de96c08d9d4697df,eligible_verified_subset
220cb8c44e2efce816ad2c50,early_blight/0621aab4-b9fd-4012-b0a6-ba72e63cd87d___RS_Erly.B 8220.JPG,early_blight,PlantVillage:Tomato___Early_blight:::158.0,verified_group,220cb8c44e2efce816ad2c50,eligible_verified_subset
2c51dbc587e1356078633d47,early_blight/06339fe1-154f-4bcb-be91-a29e86e25929___RS_Erly.B 7440.JPG,early_blight,PlantVillage:Tomato___Early_blight:::53.0,verified_group,70bdd130a63276a5955024f5,eligible_verified_subset
7887b8a8e61ceb04531dc36d,early_blight/06d0298e-18e5-4bf5-8d33-8feef6600f15___RS_Erly.B 7573.JPG,early_blight,PlantVillage:Tomato___Early_blight:::84.0,verified_group,7887b8a8e61ceb04531dc36d,eligible_verified_subset
6e8086063bb97ec62e3ca1b6,early_blight/06d6d114-8d26-43eb-b79f-44218bbfa0d1___RS_Erly.B 9441.JPG,early_blight,PlantVillage:Tomato___Early_blight:::206.0,verified_group,6e8086063bb97ec62e3ca1b6,exclude_unresolved_component
54b83feea452445bc4223a17,early_blight/070679a9-27e1-4e6e-8072-29f3750d525b___RS_Erly.B 6439.JPG,early_blight,PlantVillage:Tomato___Early_blight:::19.0,verified_group,54b83feea452445bc4223a17,eligible_verified_subset
0e21d439c6617c50889d19d3,early_blight/072ae43a-416b-434a-a5a2-1b48bc47fada___RS_Erly.B 7472.JPG,early_blight,PlantVillage:Tomato___Early_blight:::60.0,verified_group,0e21d439c6617c50889d19d3,eligible_verified_subset
8e87b5ee1869f85ce382dd30,early_blight/07324d80-17c5-4541-9702-62e9c744ac07___RS_Erly.B 7455.JPG,early_blight,PlantVillage:Tomato___Early_blight:::55.0,verified_group,8e87b5ee1869f85ce382dd30,eligible_verified_subset
e1f27f487655d20b2d206b64,early_blight/07409e2c-a730-4b11-b25e-31025bd63a91___RS_Erly.B 9578.JPG,early_blight,PlantVillage:Tomato___Early_blight:::240.0,verified_group,e1f27f487655d20b2d206b64,eligible_verified_subset
e393bd38e3fd03836e86000c,early_blight/074bc781-f586-46b0-bef5-0237e3bf5043___RS_Erly.B 8375.JPG,early_blight,PlantVillage:Tomato___Early_blight:::177.0,verified_group,e393bd38e3fd03836e86000c,eligible_verified_subset
974860516d0c64f07339233d,early_blight/07502bbb-1733-4d49-a3dc-557b1d4391da___RS_Erly.B 7516.JPG,early_blight,PlantVillage:Tomato___Early_blight:::70.0,verified_group,974860516d0c64f07339233d,eligible_verified_subset
f2537a9c1606ed2705140aff,early_blight/079e0d43-e9d2-4217-b8e8-2f3b989cdab2___RS_Erly.B 7588.JPG,early_blight,PlantVillage:Tomato___Early_blight:::87.0,verified_group,f2537a9c1606ed2705140aff,eligible_verified_subset
4f282f68935c317b90a79c93,early_blight/08615b7d-eca7-487e-a9ea-07842ecf81e8___RS_Erly.B 7543.JPG,early_blight,PlantVillage:Tomato___Early_blight:::76.0,verified_group,4f282f68935c317b90a79c93,eligible_verified_subset
931ad7b7f0651d59a7ca5ab2,early_blight/089243e5-f319-4ed2-b10c-603328ff4143___RS_Erly.B 9428.JPG,early_blight,PlantVillage:Tomato___Early_blight:::203.0,verified_group,931ad7b7f0651d59a7ca5ab2,eligible_verified_subset
05b03f74f067a860902f7f7b,early_blight/08fe6531-bb66-4e0a-98b3-4b86a794f9f9___RS_Erly.B 7483.JPG,early_blight,PlantVillage:Tomato___Early_blight:::62.0,verified_group,05b03f74f067a860902f7f7b,eligible_verified_subset
aa6f9f8fc2285b3b24c9da65,early_blight/090af0e4-75f2-495a-8bca-a3370c6dd2a6___RS_Erly.B 9562.JPG,early_blight,PlantVillage:Tomato___Early_blight:::236.0,verified_group,aa6f9f8fc2285b3b24c9da65,eligible_verified_subset
2adb4f82800ecf9be85536b7,early_blight/0982d864-182e-4d36-959a-dcc67d85d9e6___RS_Erly.B 9481.JPG,early_blight,PlantVillage:Tomato___Early_blight:::216.0,verified_group,2adb4f82800ecf9be85536b7,eligible_verified_subset
5f9afd009361c70d01e331cc,early_blight/0a2726e0-3358-4a46-b6dc-563a5a9f2bdf___RS_Erly.B 7860.JPG,early_blight,PlantVillage:Tomato___Early_blight:::155.0,verified_group,5f9afd009361c70d01e331cc,eligible_verified_subset
8413ff547a3fe01ec7efd1da,early_blight/0abc57ec-7f3b-482a-8579-21f3b2fb780b___RS_Erly.B 7609.JPG,early_blight,PlantVillage:Tomato___Early_blight:::93.0,verified_group,8413ff547a3fe01ec7efd1da,eligible_verified_subset
0a8ec251bde8c44d216a6b3a,early_blight/0ae44a6c-1213-4312-a11b-c7c5d4e585d0___RS_Erly.B 9442.JPG,early_blight,PlantVillage:Tomato___Early_blight:::206.0,verified_group,6e8086063bb97ec62e3ca1b6,exclude_unresolved_component
39f06b09066626ba60abc603,early_blight/0b494c44-8cd0-4491-bdfd-8a354209c3ae___RS_Erly.B 9561.JPG,early_blight,PlantVillage:Tomato___Early_blight:::235.0,verified_group,39f06b09066626ba60abc603,eligible_verified_subset
1cce7c911c3306d4941358fb,early_blight/0ba3d536-8732-4ea1-b3e1-a1be86e5dc6a___RS_Erly.B 9499.JPG,early_blight,PlantVillage:Tomato___Early_blight:::220.0,verified_group,1cce7c911c3306d4941358fb,eligible_verified_subset
96c46eb33bdd3943fbbfb0c9,early_blight/0bb52721-51a6-4343-8c54-de15cedf8e5c___RS_Erly.B 7572.JPG,early_blight,PlantVillage:Tomato___Early_blight:::83.0,verified_group,96c46eb33bdd3943fbbfb0c9,eligible_verified_subset
d2bb05b442f3219f1506755c,early_blight/0bd357fe-1e54-4c65-979c-e894e0b8a3aa___RS_Erly.B 8328.JPG,early_blight,PlantVillage:Tomato___Early_blight:::172.0,verified_group,d2bb05b442f3219f1506755c,eligible_verified_subset
7d3891aa97da44646f58093c,early_blight/0bed4d68-b82c-4e96-bbfe-e0fc10df01aa___RS_Erly.B 8301.JPG,early_blight,PlantVillage:Tomato___Early_blight:::168.0,verified_group,7d3891aa97da44646f58093c,eligible_verified_subset
8ac8394cdbd7838bd0771c40,early_blight/0c221e01-a85e-4794-b45b-3a91e349a8d2___RS_Erly.B 6425.JPG,early_blight,PlantVillage:Tomato___Early_blight:::17.0,verified_group,8ac8394cdbd7838bd0771c40,eligible_verified_subset
67e1ff327635a7c1a01d8056,early_blight/0c865fa4-b0bf-4e69-b39a-d97b068cef84___RS_Erly.B 7477.JPG,early_blight,PlantVillage:Tomato___Early_blight:::61.0,verified_group,67e1ff327635a7c1a01d8056,eligible_verified_subset
a1521470379565745999a891,early_blight/0cd17aff-13d8-439a-ac08-dae1aea55edb___RS_Erly.B 7828.JPG,early_blight,PlantVillage:Tomato___Early_blight:::147.0,verified_group,a1521470379565745999a891,eligible_verified_subset
74a1a26a5935e2d45c2ae498,early_blight/0cd1ebaf-3975-4749-b625-50b7b0751c36___RS_Erly.B 7508.JPG,early_blight,PlantVillage:Tomato___Early_blight:::68.0,verified_group,74a1a26a5935e2d45c2ae498,eligible_verified_subset
25a29998ff6fa3968eef3160,early_blight/0cd2270f-87f8-45b5-a4af-19fa34b2acaa___RS_Erly.B 9567.JPG,early_blight,PlantVillage:Tomato___Early_blight:::237.0,verified_group,25a29998ff6fa3968eef3160,eligible_verified_subset
ebdc5ee7a168f02c879eb36a,early_blight/0d5f65a3-b32f-4565-b63a-c6da73c1322b___RS_Erly.B 8310.JPG,early_blight,PlantVillage:Tomato___Early_blight:::169.0,verified_group,ebdc5ee7a168f02c879eb36a,eligible_verified_subset
310a59b25236832daf70ca7c,early_blight/0db67be3-f733-4d15-b7d9-5d075b2cafc7___RS_Erly.B 6401.JPG,early_blight,PlantVillage:Tomato___Early_blight:::13.0,verified_group,310a59b25236832daf70ca7c,eligible_verified_subset
62581416d774c4d686a9acb0,early_blight/0e03c87e-b43f-4cfe-a837-71306c68f4c0___RS_Erly.B 7733.JPG,early_blight,PlantVillage:Tomato___Early_blight:::123.0,verified_group,62581416d774c4d686a9acb0,eligible_verified_subset
a42a4df6670ac8fa61cf063f,early_blight/0e2abcfb-e62b-4c61-a24a-0800cad904a8___RS_Erly.B 7382.JPG,early_blight,PlantVillage:Tomato___Early_blight:::39.0,verified_group,a42a4df6670ac8fa61cf063f,eligible_verified_subset
3d4cd7177d26c28a9a079ce8,early_blight/0e2e58b7-1417-49c4-b014-b5efb4b4b831___RS_Erly.B 8256.JPG,early_blight,PlantVillage:Tomato___Early_blight:::163.0,verified_group,3d4cd7177d26c28a9a079ce8,eligible_verified_subset
ee63e4446a310f2e70d02c49,early_blight/0e39c18a-9e04-4f6b-b557-dc0e944d22e5___RS_Erly.B 9501.JPG,early_blight,PlantVillage:Tomato___Early_blight:::221.0,verified_group,ee63e4446a310f2e70d02c49,eligible_verified_subset
fde06bef13711f69a4af8db2,early_blight/0ecc2ee7-fb66-41fa-a23b-9bdeaf31078a___RS_Erly.B 6381.JPG,early_blight,PlantVillage:Tomato___Early_blight:::9.0,verified_group,fde06bef13711f69a4af8db2,eligible_verified_subset
ad56f24575df5a9cd4e9d904,early_blight/0efaac13-1988-48db-aec3-f31df3045b95___RS_Erly.B 8342.JPG,early_blight,PlantVillage:Tomato___Early_blight:::173.0,verified_group,ad56f24575df5a9cd4e9d904,eligible_verified_subset
60d1c81282a57e8da01107fd,early_blight/0f03a09c-aa48-4d51-95e1-752c466c3742___RS_Erly.B 6413.JPG,early_blight,PlantVillage:Tomato___Early_blight:::15.0,verified_group,60d1c81282a57e8da01107fd,eligible_verified_subset
437e65b321e127cc4ab766b0,early_blight/0f065614-a53a-4c83-9d29-5d3e4ab5b41d___RS_Erly.B 7676.JPG,early_blight,PlantVillage:Tomato___Early_blight:::109.0,verified_group,437e65b321e127cc4ab766b0,eligible_verified_subset
b93f5dc4100debba44a0231c,early_blight/0f111718-a749-42cf-9495-412f4b51acf0___RS_Erly.B 7482.JPG,early_blight,PlantVillage:Tomato___Early_blight:::62.0,verified_group,05b03f74f067a860902f7f7b,eligible_verified_subset
3a0c051808a9b975948adc0c,early_blight/0f12e22b-49a9-4d9a-84bc-76bb86ed2a14___RS_Erly.B 9572.JPG,early_blight,PlantVillage:Tomato___Early_blight:::238.0,verified_group,3a0c051808a9b975948adc0c,eligible_verified_subset
6afa09c5bb3181cb15d7acf7,early_blight/0f1fb081-c715-414e-aa64-2c398ba6c320___RS_Erly.B 6382.JPG,early_blight,PlantVillage:Tomato___Early_blight:::9.0,verified_group,fde06bef13711f69a4af8db2,eligible_verified_subset
83e7c472cf03efbb032641cc,early_blight/0f4e562d-77ee-47c2-8ee9-34b391bc0fc3___RS_Erly.B 9434.JPG,early_blight,PlantVillage:Tomato___Early_blight:::204.0,verified_group,357a88cff1dc147c48e4823e,eligible_verified_subset
440b5ba4253bd1ef43b08cac,early_blight/0f7a2408-9c26-4ff9-bee5-2bfcd91a11f7___RS_Erly.B 9440.JPG,early_blight,PlantVillage:Tomato___Early_blight:::206.0,verified_group,6e8086063bb97ec62e3ca1b6,exclude_unresolved_component
6962cf4cea1ca02436410e19,early_blight/0fbc786c-62a7-44f3-8db8-2649809bf1aa___RS_Erly.B 9514.JPG,early_blight,PlantVillage:Tomato___Early_blight:::224.0,verified_group,6962cf4cea1ca02436410e19,eligible_verified_subset
e8658e229688471b30a985cc,early_blight/0fc8cb27-a10f-4587-a91d-4dbec9f839c7___RS_Erly.B 7715.JPG,early_blight,PlantVillage:Tomato___Early_blight:::119.0,verified_group,e8658e229688471b30a985cc,eligible_verified_subset
762d9641fe2600bb905e94b7,early_blight/10a46a0b-debe-49f9-8562-c7c81855160e___RS_Erly.B 6339.JPG,early_blight,PlantVillage:Tomato___Early_blight:::2.0,verified_group,762d9641fe2600bb905e94b7,eligible_verified_subset
e0e3b6c18a0a7e876462595a,early_blight/10c1d7a4-bd14-4961-9b96-c7047589eccd___RS_Erly.B 7552.JPG,early_blight,PlantVillage:Tomato___Early_blight:::78.0,verified_group,e0e3b6c18a0a7e876462595a,eligible_verified_subset
8326186c91f8aa8e7209f87a,early_blight/10e7dcfd-2cbc-4623-ba9f-94f0e2e4fe13___RS_Erly.B 7648.JPG,early_blight,PlantVillage:Tomato___Early_blight:::102.0,verified_group,8326186c91f8aa8e7209f87a,eligible_verified_subset
4a14d70e32a0394340c5593c,early_blight/10fedb70-9786-4623-a32b-97a622037511___RS_Erly.B 7796.JPG,early_blight,PlantVillage:Tomato___Early_blight:::139.0,verified_group,4a14d70e32a0394340c5593c,eligible_verified_subset
af863c6599d8e8f1c2a631e4,early_blight/113562f3-fe24-4b28-9ec8-7ca432bded47___RS_Erly.B 9402.JPG,early_blight,PlantVillage:Tomato___Early_blight:::196.0,verified_group,af863c6599d8e8f1c2a631e4,eligible_verified_subset
d7770b302a40681a479898ed,early_blight/11922494-321b-4742-afbe-f6db6a8b4005___RS_Erly.B 9392.JPG,early_blight,PlantVillage:Tomato___Early_blight:::194.0,verified_group,d7770b302a40681a479898ed,eligible_verified_subset
16706626361c12810d4f9892,early_blight/11f247d4-f87a-4273-bb9a-317e17916a75___RS_Erly.B 9470.JPG,early_blight,PlantVillage:Tomato___Early_blight:::213.0,verified_group,16706626361c12810d4f9892,eligible_verified_subset
b4f12ef84bfa32b7ec5e13f9,early_blight/121b3f84-70ed-4d1c-882c-d3204e2af046___RS_Erly.B 8421.JPG,early_blight,PlantVillage:Tomato___Early_blight:::183.0,verified_group,b4f12ef84bfa32b7ec5e13f9,eligible_verified_subset
d99c68ed55ec8e843da5e826,early_blight/121e9cbe-77d2-43ca-8e04-17a556a1c2b2___RS_Erly.B 7512.JPG,early_blight,PlantVillage:Tomato___Early_blight:::69.0,verified_group,d99c68ed55ec8e843da5e826,eligible_verified_subset
c2ad74ff2b133c3f210c0695,early_blight/12c1c25b-6809-45d8-9a20-969de7860b5d___RS_Erly.B 6372.JPG,early_blight,PlantVillage:Tomato___Early_blight:::8.0,verified_group,c2ad74ff2b133c3f210c0695,eligible_verified_subset
730e37b88ac043fca7ce8fcd,early_blight/13c87a78-0a62-4aff-b6f3-fcbf1a8323e6___RS_Erly.B 9612.JPG,early_blight,PlantVillage:Tomato___Early_blight:::248.0,verified_group,730e37b88ac043fca7ce8fcd,eligible_verified_subset
416e9af1be33e8b50eed180d,early_blight/13e96f82-68c6-4331-9b05-92a6767a400b___RS_Erly.B 9502.JPG,early_blight,PlantVillage:Tomato___Early_blight:::221.0,verified_group,ee63e4446a310f2e70d02c49,eligible_verified_subset
61522b1195dd3ac02ec1d7ec,early_blight/141bbdef-ba38-49ed-9d6f-fe8d9de38e6f___RS_Erly.B 9579.JPG,early_blight,PlantVillage:Tomato___Early_blight:::240.0,verified_group,e1f27f487655d20b2d206b64,eligible_verified_subset
dd3c7031197909f8acb912e4,early_blight/150cfe75-133e-4e98-90cb-de96a8120c03___RS_Erly.B 9414.JPG,early_blight,PlantVillage:Tomato___Early_blight:::199.0,verified_group,dd3c7031197909f8acb912e4,eligible_verified_subset
7dbbf23d6f6dd6024f25b6ee,early_blight/15fb19ad-8a5a-4e1b-8ed2-c8d48b006b1d___RS_Erly.B 7674.JPG,early_blight,PlantVillage:Tomato___Early_blight:::109.0,verified_group,437e65b321e127cc4ab766b0,eligible_verified_subset
943cc5b2b2b49358d656ec1d,early_blight/164f6427-eeed-42da-bb51-ec07a57840dc___RS_Erly.B 9372.JPG,early_blight,PlantVillage:Tomato___Early_blight:::189.0,verified_group,943cc5b2b2b49358d656ec1d,eligible_verified_subset
b8dec149c2ff7e0dd112c814,early_blight/16ae1b64-2954-4135-bea5-d599ba56740c___RS_Erly.B 7649.JPG,early_blight,PlantVillage:Tomato___Early_blight:::103.0,verified_group,b8dec149c2ff7e0dd112c814,eligible_verified_subset
9b7c0fb78b0b90bcc10a61f5,early_blight/16c7ab4c-6940-41e9-854f-d1a9a99325ce___RS_Erly.B 8216.JPG,early_blight,PlantVillage:Tomato___Early_blight:::157.0,verified_group,9b7c0fb78b0b90bcc10a61f5,eligible_verified_subset
0444bae9634ee1f22f127a71,early_blight/16ce3799-ff03-4724-8c99-48a4243a6ff9___RS_Erly.B 9565.JPG,early_blight,PlantVillage:Tomato___Early_blight:::236.0,verified_group,aa6f9f8fc2285b3b24c9da65,eligible_verified_subset
c8dba8782b9e9da18f559aed,early_blight/16d79bd2-5c70-4e6b-a52a-0c578b501d04___RS_Erly.B 6446.JPG,early_blight,PlantVillage:Tomato___Early_blight:::20.0,verified_group,c8dba8782b9e9da18f559aed,eligible_verified_subset
c42f064d338150d04e1a013b,early_blight/16dcb9cd-05ab-46d3-b76e-d19c16077a6a___RS_Erly.B 8345.JPG,early_blight,PlantVillage:Tomato___Early_blight:::174.0,verified_group,803ce875de96c08d9d4697df,eligible_verified_subset
9ee6110824d1942a23a71d7d,early_blight/171b6622-c111-4fe9-b3f9-12b12ee0db06___RS_Erly.B 7836.JPG,early_blight,PlantVillage:Tomato___Early_blight:::149.0,verified_group,9ee6110824d1942a23a71d7d,eligible_verified_subset
2f7e402591b45c2d863b096d,early_blight/1742dfdd-c687-46ff-b958-34194feb68e4___RS_Erly.B 7453.JPG,early_blight,PlantVillage:Tomato___Early_blight:::55.0,verified_group,8e87b5ee1869f85ce382dd30,eligible_verified_subset
4b48465a321a6cb25f97900b,early_blight/17a09abf-ee69-4d46-ac80-f8608d799b19___RS_Erly.B 7451.JPG,early_blight,PlantVillage:Tomato___Early_blight:::54.0,verified_group,4b48465a321a6cb25f97900b,eligible_verified_subset
ad0becb6d6d280c816ff9d00,early_blight/17d051ce-efe1-486e-b5ed-b71b1317a9f0___RS_Erly.B 9614.JPG,early_blight,PlantVillage:Tomato___Early_blight:::249.0,verified_group,ad0becb6d6d280c816ff9d00,eligible_verified_subset
25341fa1ea379e7675a7398f,early_blight/1829d517-53ae-48a9-b721-5043dd10d0d2___RS_Erly.B 9518.JPG,early_blight,PlantVillage:Tomato___Early_blight:::225.0,verified_group,25341fa1ea379e7675a7398f,eligible_verified_subset
28ce8b460a0804828598ed05,early_blight/1863e110-8422-400b-89a6-f0ef457659cc___RS_Erly.B 6462.JPG,early_blight,PlantVillage:Tomato___Early_blight:::23.0,verified_group,28ce8b460a0804828598ed05,eligible_verified_subset
f7935db6d0231cc0ac07644e,early_blight/1873e09f-31fd-4612-920a-861fac1af687___RS_Erly.B 7797.JPG,early_blight,PlantVillage:Tomato___Early_blight:::139.0,verified_group,4a14d70e32a0394340c5593c,eligible_verified_subset
2d826100afe3cf89958fa921,early_blight/18815a60-8297-46e0-922f-e6a0fea818ef___RS_Erly.B 7808.JPG,early_blight,PlantVillage:Tomato___Early_blight:::142.0,verified_group,2d826100afe3cf89958fa921,eligible_verified_subset
258558f67a03d56587c7e1ec,early_blight/18a21f42-8794-4665-8174-b0ccd3758af8___RS_Erly.B 7650.JPG,early_blight,PlantVillage:Tomato___Early_blight:::103.0,verified_group,b8dec149c2ff7e0dd112c814,eligible_verified_subset
26eda9a54a3f5d820f57eaba,early_blight/18d8f15c-4948-4506-ae09-54169f95cf36___RS_Erly.B 7496.JPG,early_blight,PlantVillage:Tomato___Early_blight:::65.0,verified_group,26eda9a54a3f5d820f57eaba,eligible_verified_subset
a3199e7d300b4218da5c6223,early_blight/18ec9a60-a4e3-4dd7-805f-fe9eaf526c2f___RS_Erly.B 8405.JPG,early_blight,PlantVillage:Tomato___Early_blight:::181.0,verified_group,a3199e7d300b4218da5c6223,eligible_verified_subset
170e87a5a435456c1f659400,early_blight/1941f5d9-f31f-453e-b07c-3f90da6aa381___RS_Erly.B 8238.JPG,early_blight,PlantVillage:Tomato___Early_blight:::160.0,verified_group,45ec483f6c5c25041b843f2d,eligible_verified_subset
37c579194b18c7cf7f13d023,early_blight/19427ace-5a24-4e30-8a4d-228ab4a3b99b___RS_Erly.B 7403.JPG,early_blight,PlantVillage:Tomato___Early_blight:::44.0,verified_group,37c579194b18c7cf7f13d023,eligible_verified_subset
f57fa51dc3b52af9ade9878a,early_blight/197fa869-c124-436e-b3cd-bced95f52a8e___RS_Erly.B 7834.JPG,early_blight,PlantVillage:Tomato___Early_blight:::149.0,verified_group,9ee6110824d1942a23a71d7d,eligible_verified_subset
06747c607dfcfb544add7165,early_blight/1a8bd88f-309f-4392-b387-7cb423ef0ab6___RS_Erly.B 7366.JPG,early_blight,PlantVillage:Tomato___Early_blight:::36.0,verified_group,06747c607dfcfb544add7165,eligible_verified_subset
d576e5dcc11feae1916ea5b7,early_blight/1b4a2ad5-057d-4fac-9188-648edbe49751___RS_Erly.B 7767.JPG,early_blight,PlantVillage:Tomato___Early_blight:::132.0,verified_group,d576e5dcc11feae1916ea5b7,eligible_verified_subset
2a19ee719395278c03a40870,early_blight/1ba88993-c3f8-462d-bd1b-e10819b9c96f___RS_Erly.B 8396.JPG,early_blight,PlantVillage:Tomato___Early_blight:::180.0,verified_group,2a19ee719395278c03a40870,eligible_verified_subset
74848e8bf714f5507e894518,early_blight/1ba9a636-a673-45bc-b515-4fe6848f271e___RS_Erly.B 9605.JPG,early_blight,PlantVillage:Tomato___Early_blight:::246.0,verified_group,74848e8bf714f5507e894518,eligible_verified_subset
b40334f85b0be830a13dfe4d,early_blight/1bb0101c-d0a4-41a5-85b9-6e8634d01a36___RS_Erly.B 9585.JPG,early_blight,PlantVillage:Tomato___Early_blight:::241.0,verified_group,b40334f85b0be830a13dfe4d,eligible_verified_subset
dfdddb5eba085d2adb4c6202,early_blight/1bdb9ab4-1a7a-449a-b848-c446d7615d42___RS_Erly.B 8443.JPG,early_blight,PlantVillage:Tomato___Early_blight:::186.0,verified_group,dfdddb5eba085d2adb4c6202,eligible_verified_subset
a21a96495fe89898b06e6249,early_blight/1bff3ab2-9e99-4d4b-ad0e-acd943324050___RS_Erly.B 6460.JPG,early_blight,PlantVillage:Tomato___Early_blight:::23.0,verified_group,28ce8b460a0804828598ed05,eligible_verified_subset
135e8e0720b5959186e0e72c,early_blight/1c057b5e-9ad7-4d51-b407-c60637005a13___RS_Erly.B 7594.JPG,early_blight,PlantVillage:Tomato___Early_blight:::89.0,verified_group,135e8e0720b5959186e0e72c,eligible_verified_subset
5b408bdad6f6b310b264ab14,early_blight/1c29bc72-967e-46df-844b-467c95b298a3___RS_Erly.B 9549.JPG,early_blight,PlantVillage:Tomato___Early_blight:::232.0,verified_group,5b408bdad6f6b310b264ab14,eligible_verified_subset
199c5b296eee41a0fd4495d7,early_blight/1c31e2e3-e314-47a8-86fe-e7b8b9199c09___RS_Erly.B 8272.JPG,early_blight,PlantVillage:Tomato___Early_blight:::164.0,verified_group,199c5b296eee41a0fd4495d7,eligible_verified_subset
ad58c6eba5c0e6f9e991e3f2,early_blight/1c71757d-d351-4016-b5bb-06a63d0f2e24___RS_Erly.B 6388.JPG,early_blight,PlantVillage:Tomato___Early_blight:::10.0,verified_group,ad58c6eba5c0e6f9e991e3f2,eligible_verified_subset
a34ae1cc8028ac6017123740,early_blight/1c9e0f1a-7314-449c-9482-9059684ac82d___RS_Erly.B 7840.JPG,early_blight,PlantVillage:Tomato___Early_blight:::150.0,verified_group,a34ae1cc8028ac6017123740,eligible_verified_subset
84b935dd43db9b1b35408176,early_blight/1cebc4a1-5fb6-4168-8e18-e2973ef6d18f___RS_Erly.B 9552.JPG,early_blight,PlantVillage:Tomato___Early_blight:::233.0,verified_group,84b935dd43db9b1b35408176,eligible_verified_subset
b34842b1589de690e9edc854,early_blight/1d1d79c6-824d-4c48-bd59-c83a5cf29229___RS_Erly.B 9547.JPG,early_blight,PlantVillage:Tomato___Early_blight:::232.0,verified_group,5b408bdad6f6b310b264ab14,eligible_verified_subset
5e47319d3d8cb10be8083265,early_blight/1d3d164e-43a9-4e0a-9e4f-9c9abab64d88___RS_Erly.B 7824.JPG,early_blight,PlantVillage:Tomato___Early_blight:::146.0,verified_group,5e47319d3d8cb10be8083265,eligible_verified_subset
50f82c76d7419c49648f7d3a,early_blight/1dad664e-ec73-474e-aaf9-a832ca212e3f___RS_Erly.B 7533.JPG,early_blight,PlantVillage:Tomato___Early_blight:::74.0,verified_group,50f82c76d7419c49648f7d3a,eligible_verified_subset
3c229cf207b576844627fd1c,early_blight/1de17623-e625-4a3a-91e8-64973e6d09fd___RS_Erly.B 9577.JPG,early_blight,PlantVillage:Tomato___Early_blight:::239.0,verified_group,3c229cf207b576844627fd1c,eligible_verified_subset
8cb0add7c2bd666c8650e7ce,early_blight/1e02dbef-ecc2-4c1b-ae5a-b90057505574___RS_Erly.B 9475.JPG,early_blight,PlantVillage:Tomato___Early_blight:::214.0,verified_group,8cb0add7c2bd666c8650e7ce,eligible_verified_subset
fa57c85796c09653fdbe94cc,early_blight/1e08cf06-c20b-47bc-8773-a22cc730aa04___RS_Erly.B 8228.JPG,early_blight,PlantVillage:Tomato___Early_blight:::159.0,verified_group,bf8d3e8ae76a16ac07818d01,eligible_verified_subset
123ab6decfa3d328c185882a,early_blight/1e503089-ae6a-4340-8c3c-f44cbaa6cf6f___RS_Erly.B 8264.JPG,early_blight,PlantVillage:Tomato___Early_blight:::163.0,verified_group,3d4cd7177d26c28a9a079ce8,eligible_verified_subset
ba0976be89e3bfca500ec578,early_blight/1e671658-3463-4a38-8b6a-e2867aeeda10___RS_Erly.B 6359.JPG,early_blight,PlantVillage:Tomato___Early_blight:::6.0,verified_group,ba0976be89e3bfca500ec578,eligible_verified_subset
6bd1bee95979248661f9ec4c,early_blight/1f402ddb-f3e8-4907-a793-320c8e43446a___RS_Erly.B 9460.JPG,early_blight,PlantVillage:Tomato___Early_blight:::210.0,verified_group,6bd1bee95979248661f9ec4c,eligible_verified_subset
def32269b37a8197b1512e5d,early_blight/1f4c6478-a39b-4974-aeef-3fcfa5ea69a6___RS_Erly.B 7385.JPG,early_blight,PlantVillage:Tomato___Early_blight:::39.0,verified_group,a42a4df6670ac8fa61cf063f,eligible_verified_subset
4dd892b81eed041ff848fe46,early_blight/1f4c9f8a-5672-4e47-84dd-55f85f953174___RS_Erly.B 7582.JPG,early_blight,PlantVillage:Tomato___Early_blight:::86.0,verified_group,4dd892b81eed041ff848fe46,eligible_verified_subset
131c27faf7cc138e3418b51d,early_blight/203d84bc-4acc-4cad-b4f9-f659ae641876___RS_Erly.B 7615.JPG,early_blight,PlantVillage:Tomato___Early_blight:::94.0,verified_group,131c27faf7cc138e3418b51d,eligible_verified_subset
11dc182de6b5853cfb82c944,early_blight/20459a26-c07a-4592-baf8-6d4172c23cec___RS_Erly.B 8358.JPG,early_blight,PlantVillage:Tomato___Early_blight:::175.0,verified_group,11dc182de6b5853cfb82c944,eligible_verified_subset
6122a0349ef95ee232635f63,early_blight/20a276c8-90b5-475f-811b-1d63f34f1c10___RS_Erly.B 9551.JPG,early_blight,PlantVillage:Tomato___Early_blight:::233.0,verified_group,84b935dd43db9b1b35408176,eligible_verified_subset
0f7f9888cc4429656a7bb57c,early_blight/2165f0a3-1265-491d-ad8a-e53102a87e9b___RS_Erly.B 9376.JPG,early_blight,PlantVillage:Tomato___Early_blight:::190.0,verified_group,0f7f9888cc4429656a7bb57c,eligible_verified_subset
ae128bf4a7844845d4c68373,early_blight/2179421c-3ce3-4581-8b65-17da6fffd3db___RS_Erly.B 7730.JPG,early_blight,PlantVillage:Tomato___Early_blight:::123.0,verified_group,62581416d774c4d686a9acb0,eligible_verified_subset
665361b30157dc1e45b86346,early_blight/21ad39db-c205-4220-a7e6-566042e70007___RS_Erly.B 7633.JPG,early_blight,PlantVillage:Tomato___Early_blight:::99.0,verified_group,665361b30157dc1e45b86346,eligible_verified_subset
a8015db2b6e896349d2e4b2a,early_blight/21d6c7aa-20d7-4434-9248-e21d073e165a___RS_Erly.B 7495.JPG,early_blight,PlantVillage:Tomato___Early_blight:::64.0,verified_group,a8015db2b6e896349d2e4b2a,eligible_verified_subset
5d53d5fc4332837d3d2abb3b,early_blight/21f9a0a5-b145-40e7-8884-df2bb52eb592___RS_Erly.B 7391.JPG,early_blight,PlantVillage:Tomato___Early_blight:::41.0,verified_group,5d53d5fc4332837d3d2abb3b,eligible_verified_subset
0581e2d053d54cb5b145bd14,early_blight/21ffaf6b-7ad0-45bf-bd7e-7d697413ebbd___RS_Erly.B 9500.JPG,early_blight,PlantVillage:Tomato___Early_blight:::220.0,verified_group,1cce7c911c3306d4941358fb,eligible_verified_subset
997db6b577cb1a489b167c10,early_blight/22247648-1650-43d5-8a9b-e03f63cf2f1c___RS_Erly.B 7535.JPG,early_blight,PlantVillage:Tomato___Early_blight:::74.0,verified_group,50f82c76d7419c49648f7d3a,eligible_verified_subset
26d059aab855da0037fdfc90,early_blight/2245fdf5-3ff5-4624-9797-0b65bcc6cf73___RS_Erly.B 6358.JPG,early_blight,PlantVillage:Tomato___Early_blight:::5.0,verified_group,81af4915d23cff94881dfdb1,eligible_verified_subset
9d87401a5f5e0a098b495a78,early_blight/22742bf8-7e7f-41cc-bf74-5fe80d6cf0cd___RS_Erly.B 6370.JPG,early_blight,PlantVillage:Tomato___Early_blight:::7.0,verified_group,9d87401a5f5e0a098b495a78,eligible_verified_subset
53965b2ae3a9807fb764a414,early_blight/22b653c4-9e15-4081-8ece-9b5950a94120___RS_Erly.B 7814.JPG,early_blight,PlantVillage:Tomato___Early_blight:::144.0,verified_group,53965b2ae3a9807fb764a414,eligible_verified_subset
03d34138205d9494212f20ec,early_blight/22b8de0e-636d-4407-a270-ef3614c33227___RS_Erly.B 8257.JPG,early_blight,PlantVillage:Tomato___Early_blight:::163.0,verified_group,3d4cd7177d26c28a9a079ce8,eligible_verified_subset
70954908cacdfec0f5ae7a81,early_blight/22faea13-4b3e-4d87-b80c-379755a7b747___RS_Erly.B 7852.JPG,early_blight,PlantVillage:Tomato___Early_blight:::153.0,verified_group,82725ff28ef45e222e14e7cd,eligible_verified_subset
7b54acd7ef70b9b0fd0a2c3b,early_blight/2312305e-c167-4730-a07a-db5c9956077a___RS_Erly.B 7752.JPG,early_blight,PlantVillage:Tomato___Early_blight:::128.0,verified_group,7b54acd7ef70b9b0fd0a2c3b,eligible_verified_subset
80d8495ad6237245bf974b9e,early_blight/239213d8-587b-48a8-bfdf-03157ba8e95d___RS_Erly.B 6385.JPG,early_blight,PlantVillage:Tomato___Early_blight:::10.0,verified_group,ad58c6eba5c0e6f9e991e3f2,eligible_verified_subset
3abebac7be5f9397a5120a46,early_blight/23e8ae15-6cfc-4518-9266-3a289a7bced7___RS_Erly.B 6479.JPG,early_blight,PlantVillage:Tomato___Early_blight:::26.0,verified_group,3abebac7be5f9397a5120a46,eligible_verified_subset
3100baccbfb4e4a3c7746df1,early_blight/240300f1-a601-4363-84e8-670af8a124a1___RS_Erly.B 7762.JPG,early_blight,PlantVillage:Tomato___Early_blight:::131.0,verified_group,3100baccbfb4e4a3c7746df1,eligible_verified_subset
bd7bc24601519dd68e444af2,early_blight/2419fd79-cda0-4ba4-be14-31c92a2e91dd___RS_Erly.B 8255.JPG,early_blight,PlantVillage:Tomato___Early_blight:::162.0,verified_group,29b114dcaf425df556c8d349,eligible_verified_subset
c6da907b33161bda6432be6f,early_blight/24379205-969e-4cd0-9232-176c83364d60___RS_Erly.B 7617.JPG,early_blight,PlantVillage:Tomato___Early_blight:::95.0,verified_group,c6da907b33161bda6432be6f,eligible_verified_subset
fa26b9151c8dc3e235d5770d,early_blight/243a77c6-b401-43c4-9230-68b4b11f3b83___RS_Erly.B 7754.JPG,early_blight,PlantVillage:Tomato___Early_blight:::129.0,verified_group,fa26b9151c8dc3e235d5770d,eligible_verified_subset
4518593305c027fe8c7eef1d,early_blight/24455ffa-8700-475c-8b4e-a7775f40ad3f___RS_Erly.B 8365.JPG,early_blight,PlantVillage:Tomato___Early_blight:::176.0,verified_group,4518593305c027fe8c7eef1d,eligible_verified_subset
4eea25e0bc9ba8194b22a7c8,early_blight/248a61d1-ed39-452b-b985-77120c1edc7a___RS_Erly.B 7669.JPG,early_blight,PlantVillage:Tomato___Early_blight:::108.0,verified_group,4eea25e0bc9ba8194b22a7c8,eligible_verified_subset
15bddcc0d6166a6027eaac29,early_blight/248f220e-56ac-43f1-8f17-641ed4637138___RS_Erly.B 7802.JPG,early_blight,PlantVillage:Tomato___Early_blight:::141.0,verified_group,15bddcc0d6166a6027eaac29,eligible_verified_subset
d4f84e25bad7421b5a12f19f,early_blight/24f5a397-b5ac-451c-b979-28ee2bb056e6___RS_Erly.B 7795.JPG,early_blight,PlantVillage:Tomato___Early_blight:::139.0,verified_group,4a14d70e32a0394340c5593c,eligible_verified_subset
c0acbf5c5cf0fe0765a7e265,early_blight/250df77c-cb57-4e85-9cf2-531033930030___RS_Erly.B 6477.JPG,early_blight,PlantVillage:Tomato___Early_blight:::26.0,verified_group,3abebac7be5f9397a5120a46,eligible_verified_subset
5fa24ccaba1e8622919db0c0,early_blight/250f6c43-1800-4c21-9d73-cc51fe144bbc___RS_Erly.B 6356.JPG,early_blight,PlantVillage:Tomato___Early_blight:::5.0,verified_group,81af4915d23cff94881dfdb1,eligible_verified_subset
99a3f6ce5e5a93ed2bb033a1,early_blight/25281e43-2651-423f-8e7e-d354185ccd28___RS_Erly.B 7809.JPG,early_blight,PlantVillage:Tomato___Early_blight:::142.0,verified_group,2d826100afe3cf89958fa921,eligible_verified_subset
0207d351e4b0945336afbca0,early_blight/25430871-a740-4dd8-a836-bf2d52eb233b___RS_Erly.B 6420.JPG,early_blight,PlantVillage:Tomato___Early_blight:::16.0,verified_group,0207d351e4b0945336afbca0,eligible_verified_subset
e533a18fe3b2f328b66dea70,early_blight/257ffdcb-bd8b-4d18-98cc-e63a118155ea___RS_Erly.B 9520.JPG,early_blight,PlantVillage:Tomato___Early_blight:::225.0,verified_group,25341fa1ea379e7675a7398f,eligible_verified_subset
9f81f1a30783faa418575f07,early_blight/2586a260-ecf6-40e8-aa11-4b8a50845575___RS_Erly.B 7833.JPG,early_blight,PlantVillage:Tomato___Early_blight:::149.0,verified_group,9ee6110824d1942a23a71d7d,eligible_verified_subset
78ae39d75863a6e01533ec73,early_blight/258e6e39-d791-482c-921d-65048753770a___RS_Erly.B 9422.JPG,early_blight,PlantVillage:Tomato___Early_blight:::201.0,verified_group,78ae39d75863a6e01533ec73,eligible_verified_subset
cec965aa567c40ea1b141a95,early_blight/25b96058-36c9-4213-bb16-088e76cb30b1___RS_Erly.B 9417.JPG,early_blight,PlantVillage:Tomato___Early_blight:::200.0,verified_group,cec965aa567c40ea1b141a95,eligible_verified_subset
aac3447053fedf99b0e799b6,early_blight/25cc64d3-0ea1-4082-9b2a-bcaee3056580___RS_Erly.B 9602.JPG,early_blight,PlantVillage:Tomato___Early_blight:::246.0,verified_group,74848e8bf714f5507e894518,eligible_verified_subset
084e336df8405ae7061d80ef,early_blight/2606a4ae-7b2f-4fd6-a561-fc9dce2ffc02___RS_Erly.B 9570.JPG,early_blight,PlantVillage:Tomato___Early_blight:::238.0,verified_group,3a0c051808a9b975948adc0c,eligible_verified_subset
7b0029f79d9afa80b847df07,early_blight/264bc13b-2bcd-40f8-ae25-23aef0ccdc64___RS_Erly.B 7589.JPG,early_blight,PlantVillage:Tomato___Early_blight:::88.0,verified_group,7b0029f79d9afa80b847df07,eligible_verified_subset
e31998645d4c294fbc149080,early_blight/265940d8-b4e9-446f-b977-3cbd9ee4f789___RS_Erly.B 9595.JPG,early_blight,PlantVillage:Tomato___Early_blight:::244.0,verified_group,e31998645d4c294fbc149080,eligible_verified_subset
db302c612bdfb3f80d607b35,early_blight/268590f4-68f6-4de9-968e-a7465b377db4___RS_Erly.B 7614.JPG,early_blight,PlantVillage:Tomato___Early_blight:::94.0,verified_group,131c27faf7cc138e3418b51d,eligible_verified_subset
d63c3f694dad3201964f9e68,early_blight/26b721c9-94fd-4e19-bb7e-521238eb8a1b___RS_Erly.B 9380.JPG,early_blight,PlantVillage:Tomato___Early_blight:::191.0,verified_group,d63c3f694dad3201964f9e68,eligible_verified_subset
3b37829568e64fe4acbc4f2c,early_blight/26e2e7aa-800c-421b-92e8-3e20c5f5757e___RS_Erly.B 7656.JPG,early_blight,PlantVillage:Tomato___Early_blight:::104.0,verified_group,3b37829568e64fe4acbc4f2c,eligible_verified_subset
c43ebccf06216e687d01be64,early_blight/2763c9bc-ecc6-4f1a-86a7-ef8ffa370420___RS_Erly.B 8422.JPG,early_blight,PlantVillage:Tomato___Early_blight:::184.0,verified_group,c43ebccf06216e687d01be64,eligible_verified_subset
0e59957d2f81d94da3b7746b,early_blight/2792287f-aa8e-4c03-aabe-479e75cdc0f8___RS_Erly.B 9584.JPG,early_blight,PlantVillage:Tomato___Early_blight:::241.0,verified_group,b40334f85b0be830a13dfe4d,eligible_verified_subset
ade2cbd199e0b1a02fdda85b,early_blight/27ba7432-8547-436c-9b97-adf3cbe15575___RS_Erly.B 7544.JPG,early_blight,PlantVillage:Tomato___Early_blight:::76.0,verified_group,4f282f68935c317b90a79c93,eligible_verified_subset
7b96e39bf0946b77c4a25c44,early_blight/2832ca53-be67-44c0-ac55-eb815bd85fd3___RS_Erly.B 8242.JPG,early_blight,PlantVillage:Tomato___Early_blight:::161.0,verified_group,9dd33b950a0a33c2ebd9df5e,eligible_verified_subset
ba2fcb02cb81e7fdc1f38c88,early_blight/2840c2f1-b901-41c2-8d0c-7827bc7f8ab3___RS_Erly.B 9574.JPG,early_blight,PlantVillage:Tomato___Early_blight:::239.0,verified_group,3c229cf207b576844627fd1c,eligible_verified_subset
268b57d4db882c9d586bc21f,early_blight/289972f1-4f80-432d-8f44-39c16ea787c3___RS_Erly.B 7542.JPG,early_blight,PlantVillage:Tomato___Early_blight:::76.0,verified_group,4f282f68935c317b90a79c93,eligible_verified_subset
d9d9a37b161319bb98e3f617,early_blight/289ba10b-f518-445a-8c54-cc981e2ffe34___RS_Erly.B 7399.JPG,early_blight,PlantVillage:Tomato___Early_blight:::43.0,verified_group,d9d9a37b161319bb98e3f617,eligible_verified_subset
725b90446994e477cff4f9b8,early_blight/28d03063-a772-4136-80fd-3bbff0fffa41___RS_Erly.B 7370.JPG,early_blight,PlantVillage:Tomato___Early_blight:::37.0,verified_group,725b90446994e477cff4f9b8,eligible_verified_subset
9cd4adbb593d7dc002c3eec2,early_blight/28d9f1bd-ee80-46e1-b89c-5a855f0c8400___RS_Erly.B 7818.JPG,early_blight,PlantVillage:Tomato___Early_blight:::145.0,verified_group,9cd4adbb593d7dc002c3eec2,eligible_verified_subset
7bf301cc5ee4b484bd14040a,early_blight/29345423-647e-4e1b-81f4-16d8cfc0e137___RS_Erly.B 7422.JPG,early_blight,PlantVillage:Tomato___Early_blight:::49.0,verified_group,7bf301cc5ee4b484bd14040a,eligible_verified_subset
b4259863e6e4d0cd44ce801a,early_blight/29645def-a571-4442-8f95-d7ebf71befde___RS_Erly.B 7751.JPG,early_blight,PlantVillage:Tomato___Early_blight:::128.0,verified_group,7b54acd7ef70b9b0fd0a2c3b,eligible_verified_subset
258c96bd1bfdeb483d5df0b3,early_blight/297feea8-4707-4d39-a6af-b1c0e3403935___RS_Erly.B 7816.JPG,early_blight,PlantVillage:Tomato___Early_blight:::144.0,verified_group,53965b2ae3a9807fb764a414,eligible_verified_subset
28f92ff8444e06c28c281980,early_blight/2998c7f2-9f4f-4734-aa39-403dd7211869___RS_Erly.B 7528.JPG,early_blight,PlantVillage:Tomato___Early_blight:::72.0,verified_group,28f92ff8444e06c28c281980,eligible_verified_subset
cab5bb4bad9ef69f96c0d8d5,early_blight/29e36e1e-0857-4985-8d33-505290dff591___RS_Erly.B 6343.JPG,early_blight,PlantVillage:Tomato___Early_blight:::3.0,verified_group,cab5bb4bad9ef69f96c0d8d5,eligible_verified_subset
933a7d948e72a48425c20178,early_blight/29f5538a-fda9-4040-81c2-02269a45ad68___RS_Erly.B 7670.JPG,early_blight,PlantVillage:Tomato___Early_blight:::108.0,verified_group,4eea25e0bc9ba8194b22a7c8,eligible_verified_subset
de28e51e8dd771e52ff853a9,early_blight/29f6e3c2-0bf9-42fe-9a39-aef42acd5191___RS_Erly.B 9480.JPG,early_blight,PlantVillage:Tomato___Early_blight:::215.0,verified_group,de28e51e8dd771e52ff853a9,eligible_verified_subset
a01acdb65ddd8995b73c4a55,early_blight/29fb6588-a368-4143-9cdd-8a131f0d50f4___RS_Erly.B 7779.JPG,early_blight,PlantVillage:Tomato___Early_blight:::135.0,verified_group,a788b58a75a7ff68a29d737e,eligible_verified_subset
8bb49dcd9a7fa27cc1500b7d,early_blight/2a5367b1-6732-4213-b095-5953251324ee___RS_Erly.B 7585.JPG,early_blight,PlantVillage:Tomato___Early_blight:::87.0,verified_group,f2537a9c1606ed2705140aff,eligible_verified_subset
4b858416c0c3576290abbd49,early_blight/2a64ed5f-6be9-463b-894f-e2953da0a974___RS_Erly.B 7520.JPG,early_blight,PlantVillage:Tomato___Early_blight:::71.0,verified_group,4b858416c0c3576290abbd49,eligible_verified_subset
067080ae1a1f018ed97485f0,early_blight/2ab7f21e-4a55-4895-acdb-5f161167a0f1___RS_Erly.B 8318.JPG,early_blight,PlantVillage:Tomato___Early_blight:::170.0,verified_group,067080ae1a1f018ed97485f0,eligible_verified_subset
2db9c9a37b1d1d73b0d3172b,early_blight/2b5bebdd-3af4-41ca-b206-efc1a141e71d___RS_Erly.B 6363.JPG,early_blight,PlantVillage:Tomato___Early_blight:::6.0,verified_group,ba0976be89e3bfca500ec578,eligible_verified_subset
4b186cdaea169135a1ae632f,early_blight/2b7c8b0d-d906-4c93-9dc4-554ae46a3ec3___RS_Erly.B 7825.JPG,early_blight,PlantVillage:Tomato___Early_blight:::147.0,verified_group,a1521470379565745999a891,eligible_verified_subset
d3d9cb87f4ab19eab032099a,early_blight/2bdca297-e0d1-41f0-b1dc-3801384faa1a___RS_Erly.B 7858.JPG,early_blight,PlantVillage:Tomato___Early_blight:::155.0,verified_group,5f9afd009361c70d01e331cc,eligible_verified_subset
c6e5d3378532073062845a78,early_blight/2bdecb58-7e31-4129-83ff-125b7a31c0f6___RS_Erly.B 9506.JPG,early_blight,PlantVillage:Tomato___Early_blight:::222.0,verified_group,c6e5d3378532073062845a78,eligible_verified_subset
d9e9291223914ea9e7a960ab,early_blight/2c9fda20-f414-4aaa-8798-faf6bc38f014___RS_Erly.B 6491.JPG,early_blight,PlantVillage:Tomato___Early_blight:::29.0,verified_group,d9e9291223914ea9e7a960ab,eligible_verified_subset
371373f3a60b975832914482,early_blight/2d3d1221-2f62-43ad-8256-b560c1872934___RS_Erly.B 7465.JPG,early_blight,PlantVillage:Tomato___Early_blight:::58.0,verified_group,c22e0453dc9b809e9acd60ef,eligible_verified_subset
6de9157ac844f1f2aabcea44,early_blight/2e7b090e-4fc6-42f2-8bf6-3f84b32712e5___RS_Erly.B 7470.JPG,early_blight,PlantVillage:Tomato___Early_blight:::59.0,verified_group,6de9157ac844f1f2aabcea44,eligible_verified_subset
0f5e7ccb33b532af3097a30d,early_blight/2ef629c7-3366-41b5-a1b7-0e3bcb3ac28c___RS_Erly.B 9395.JPG,early_blight,PlantVillage:Tomato___Early_blight:::195.0,verified_group,0f5e7ccb33b532af3097a30d,eligible_verified_subset
82471f26355ef46b0a44000f,early_blight/2efd143b-619d-455d-9b16-95536cad01e3___RS_Erly.B 7780.JPG,early_blight,PlantVillage:Tomato___Early_blight:::135.0,verified_group,a788b58a75a7ff68a29d737e,eligible_verified_subset
b5bce0ea9b625099b7e289b2,early_blight/2f3c483a-b18d-4571-8c00-fb24f166d328___RS_Erly.B 7667.JPG,early_blight,PlantVillage:Tomato___Early_blight:::107.0,verified_group,b5bce0ea9b625099b7e289b2,eligible_verified_subset
ca0ee40ac2108f2f312d2f85,early_blight/2f6115d3-4997-4174-aa6a-9025c654e81f___RS_Erly.B 9374.JPG,early_blight,PlantVillage:Tomato___Early_blight:::189.0,verified_group,943cc5b2b2b49358d656ec1d,eligible_verified_subset
f0d0c1d39e3bc2c06b95fdb9,early_blight/2f823081-0654-47f1-bb1e-88d7e99a94ca___RS_Erly.B 9542.JPG,early_blight,PlantVillage:Tomato___Early_blight:::231.0,verified_group,f0d0c1d39e3bc2c06b95fdb9,eligible_verified_subset
e1be082a72c57fee91aa091e,early_blight/2fa6cd46-eb76-481e-b15a-44c858f705b3___RS_Erly.B 9532.JPG,early_blight,PlantVillage:Tomato___Early_blight:::228.0,verified_group,e1be082a72c57fee91aa091e,eligible_verified_subset
48117e7937d3a11593d9ca79,early_blight/2ffcdf9e-9cf5-492e-80f8-6f80cd0be7cb___RS_Erly.B 7421.JPG,early_blight,PlantVillage:Tomato___Early_blight:::48.0,verified_group,48117e7937d3a11593d9ca79,eligible_verified_subset
5ce887992acd990b6fb36e6e,early_blight/30480c06-fc07-47f2-8059-51d08240aad8___RS_Erly.B 9528.JPG,early_blight,PlantVillage:Tomato___Early_blight:::227.0,verified_group,5ce887992acd990b6fb36e6e,eligible_verified_subset
dafb5a4f3e85d1f2b3a5cc5f,early_blight/30542417-544f-4bd5-9fa6-bdeb844c11a4___RS_Erly.B 6454.JPG,early_blight,PlantVillage:Tomato___Early_blight:::22.0,verified_group,dafb5a4f3e85d1f2b3a5cc5f,eligible_verified_subset
4e1f35f169d3c34374f8a2a8,early_blight/30546f58-8d3a-4318-87d1-322427a12380___RS_Erly.B 7404.JPG,early_blight,PlantVillage:Tomato___Early_blight:::44.0,verified_group,37c579194b18c7cf7f13d023,eligible_verified_subset
e352d5f089b5d4eb1eaeed6e,early_blight/3064e2fc-3a71-4a66-8cd1-dc76ebc0c2e6___RS_Erly.B 7345.JPG,early_blight,PlantVillage:Tomato___Early_blight:::31.0,verified_group,e352d5f089b5d4eb1eaeed6e,eligible_verified_subset
c5fcf33b7e3219f96af6d48b,early_blight/3069555f-45e9-4208-bc5e-015ce47e34e2___RS_Erly.B 7663.JPG,early_blight,PlantVillage:Tomato___Early_blight:::106.0,verified_group,bb60d2357ae6c539de33b704,eligible_verified_subset
296a656e01c1eaf101558820,early_blight/30901e71-e656-4e7e-b3ec-0f813c307b88___RS_Erly.B 9396.JPG,early_blight,PlantVillage:Tomato___Early_blight:::195.0,verified_group,0f5e7ccb33b532af3097a30d,eligible_verified_subset
f1ea7a0755d3f1cd225eaaf4,early_blight/30c5bc48-7b5e-4bc0-9f0c-096042dacde2___RS_Erly.B 6333.JPG,early_blight,PlantVillage:Tomato___Early_blight:::1.0,verified_group,f1ea7a0755d3f1cd225eaaf4,eligible_verified_subset
4b49539df58b0a38272f57f4,early_blight/30e6be40-743f-49c1-a736-e279d53ffdd7___RS_Erly.B 7862.JPG,early_blight,PlantVillage:Tomato___Early_blight:::156.0,verified_group,4b49539df58b0a38272f57f4,eligible_verified_subset
597e16a336bc2029a81e6e81,early_blight/30f2c918-bb60-4d4f-b171-7fecdfac7cac___RS_Erly.B 9543.JPG,early_blight,PlantVillage:Tomato___Early_blight:::231.0,verified_group,f0d0c1d39e3bc2c06b95fdb9,eligible_verified_subset
52d6f6547c92897f69e459db,early_blight/313ff9e3-e43c-45b6-9879-b76a1e040eef___RS_Erly.B 8454.JPG,early_blight,PlantVillage:Tomato___Early_blight:::188.0,verified_group,52d6f6547c92897f69e459db,eligible_verified_subset
ccded766f8d3f87c76423c6c,early_blight/3198b703-d5d5-46e9-9b8f-399d5531b5c4___RS_Erly.B 8364.JPG,early_blight,PlantVillage:Tomato___Early_blight:::176.0,verified_group,4518593305c027fe8c7eef1d,eligible_verified_subset
e142742453ad648b67b8aa5c,early_blight/31e2b9eb-6005-493f-b1c7-293f3dd309dc___RS_Erly.B 7859.JPG,early_blight,PlantVillage:Tomato___Early_blight:::155.0,verified_group,5f9afd009361c70d01e331cc,eligible_verified_subset
b0b859e184fb1092ca2ddea2,early_blight/3205c4f9-9dd4-44ce-8e4c-0bd93405d60b___RS_Erly.B 6331.JPG,early_blight,PlantVillage:Tomato___Early_blight:::1.0,verified_group,f1ea7a0755d3f1cd225eaaf4,eligible_verified_subset
37aa601e3b8dc72990a542cf,early_blight/32065728-b0b0-4840-b2cc-7461b371e57f___RS_Erly.B 6407.JPG,early_blight,PlantVillage:Tomato___Early_blight:::14.0,verified_group,37aa601e3b8dc72990a542cf,eligible_verified_subset
fd9a703209d7c76fafe32926,early_blight/3253ff4e-90ab-475a-89d2-f99875c53367___RS_Erly.B 8356.JPG,early_blight,PlantVillage:Tomato___Early_blight:::175.0,verified_group,11dc182de6b5853cfb82c944,eligible_verified_subset
fba06fc1605f89340bc64646,early_blight/325b9138-a030-4156-ae85-20de17e89f7e___RS_Erly.B 7807.JPG,early_blight,PlantVillage:Tomato___Early_blight:::142.0,verified_group,2d826100afe3cf89958fa921,eligible_verified_subset
1a8a0fe3cd2d42741570faba,early_blight/3271f296-5264-4600-94e0-bde6cf1a2b42___RS_Erly.B 8300.JPG,early_blight,PlantVillage:Tomato___Early_blight:::168.0,verified_group,7d3891aa97da44646f58093c,eligible_verified_subset
3f2157acd18e375b7dff7984,early_blight/32ae9564-c205-4814-b579-1ebf0d732e7e___RS_Erly.B 9415.JPG,early_blight,PlantVillage:Tomato___Early_blight:::200.0,verified_group,cec965aa567c40ea1b141a95,eligible_verified_subset
378e3002dbc5be8ef94bf11d,early_blight/32e59188-5c46-4369-8991-5acfa253263b___RS_Erly.B 7781.JPG,early_blight,PlantVillage:Tomato___Early_blight:::135.0,verified_group,a788b58a75a7ff68a29d737e,eligible_verified_subset
a1e2f9704ce33db744784f32,early_blight/32f37240-9abc-4a4d-8c62-37ee3e89d0b6___RS_Erly.B 6424.JPG,early_blight,PlantVillage:Tomato___Early_blight:::16.0,verified_group,0207d351e4b0945336afbca0,eligible_verified_subset
c784ecab3f0d5ed2fe7db577,early_blight/3387fbf2-ee72-4601-b8de-c863eb96d181___RS_Erly.B 7452.JPG,early_blight,PlantVillage:Tomato___Early_blight:::55.0,verified_group,8e87b5ee1869f85ce382dd30,eligible_verified_subset
0f94f9de78144cce12cb767c,early_blight/33cd99f1-1f8a-497b-b4fc-60ff78af4b8a___RS_Erly.B 8378.JPG,early_blight,PlantVillage:Tomato___Early_blight:::178.0,verified_group,0f94f9de78144cce12cb767c,eligible_verified_subset
07ccf8b26bf3a63fb77b36f1,early_blight/34044338-c693-4604-8764-35eaece11e56___RS_Erly.B 9483.JPG,early_blight,PlantVillage:Tomato___Early_blight:::216.0,verified_group,2adb4f82800ecf9be85536b7,eligible_verified_subset
59911c960334e0155ee49f0e,early_blight/342d78c9-af97-4325-ad0f-0f12e0a206c2___RS_Erly.B 7406.JPG,early_blight,PlantVillage:Tomato___Early_blight:::45.0,verified_group,59911c960334e0155ee49f0e,eligible_verified_subset
a0442725d832e694ed24d504,early_blight/345b59b4-87fd-43a2-9783-fed3e492c4d7___RS_Erly.B 7402.JPG,early_blight,PlantVillage:Tomato___Early_blight:::44.0,verified_group,37c579194b18c7cf7f13d023,eligible_verified_subset
7bce16070327491dfb5a463c,early_blight/347120f8-e92d-43f7-9ace-196890cec04d___RS_Erly.B 9421.JPG,early_blight,PlantVillage:Tomato___Early_blight:::201.0,verified_group,78ae39d75863a6e01533ec73,eligible_verified_subset
d8a6749da16e47b4c4762c66,early_blight/352ced01-4645-44e5-bc3e-1b7172deb883___RS_Erly.B 7758.JPG,early_blight,PlantVillage:Tomato___Early_blight:::130.0,verified_group,d8a6749da16e47b4c4762c66,eligible_verified_subset
e753adf588d13d3bcc5b3618,early_blight/3537d467-9926-49dc-8d11-74a76b196354___RS_Erly.B 7665.JPG,early_blight,PlantVillage:Tomato___Early_blight:::107.0,verified_group,b5bce0ea9b625099b7e289b2,eligible_verified_subset
9b7e7174fb7d9997f216a0e6,early_blight/3592b22c-09cd-4005-97c4-cdd11318cce0___RS_Erly.B 9391.JPG,early_blight,PlantVillage:Tomato___Early_blight:::194.0,verified_group,d7770b302a40681a479898ed,eligible_verified_subset
87caef68cd616e10b04b0e32,early_blight/3596fc7f-e79e-44f5-862a-f177db2960f6___RS_Erly.B 6386.JPG,early_blight,PlantVillage:Tomato___Early_blight:::10.0,verified_group,ad58c6eba5c0e6f9e991e3f2,eligible_verified_subset
4d93d1c11e64340f04fb55a2,early_blight/366e550d-8604-44cd-b239-325d9e14a4f4___RS_Erly.B 6378.JPG,early_blight,PlantVillage:Tomato___Early_blight:::9.0,verified_group,fde06bef13711f69a4af8db2,eligible_verified_subset
bd6198b8fb518e089330a7d9,early_blight/36c17d6d-9e00-4e7c-bf14-eaadb64b508d___RS_Erly.B 7641.JPG,early_blight,PlantVillage:Tomato___Early_blight:::101.0,verified_group,bd6198b8fb518e089330a7d9,eligible_verified_subset
8a2e76769f05e12b8940133d,early_blight/3726eff6-547d-411e-bc00-f8b533d067e3___RS_Erly.B 6494.JPG,early_blight,PlantVillage:Tomato___Early_blight:::29.0,verified_group,d9e9291223914ea9e7a960ab,eligible_verified_subset
f5e4b8759aeb9119df173d9a,early_blight/3754ec0a-13b7-40c5-9839-b7499b6c365b___RS_Erly.B 7449.JPG,early_blight,PlantVillage:Tomato___Early_blight:::54.0,verified_group,4b48465a321a6cb25f97900b,eligible_verified_subset
09629cf0c740369832a44c8e,early_blight/375a4113-c296-4b3a-897b-da6f4ac660dc___RS_Erly.B 6408.JPG,early_blight,PlantVillage:Tomato___Early_blight:::14.0,verified_group,37aa601e3b8dc72990a542cf,eligible_verified_subset
1c6a24a8464139ba59b3d10f,early_blight/38685009-d6e6-4b3a-9957-bf049a210cda___RS_Erly.B 7606.JPG,early_blight,PlantVillage:Tomato___Early_blight:::92.0,verified_group,1c6a24a8464139ba59b3d10f,eligible_verified_subset
1425700202a0dc732b376632,early_blight/386b2d80-35c1-4fa5-98b6-f78c1c9cfb36___RS_Erly.B 6470.JPG,early_blight,PlantVillage:Tomato___Early_blight:::24.0,verified_group,1425700202a0dc732b376632,eligible_verified_subset
d768f059e4387d7f68eb1319,early_blight/3889a459-3e30-4345-83e1-57c68b32af30___RS_Erly.B 7638.JPG,early_blight,PlantVillage:Tomato___Early_blight:::100.0,verified_group,d768f059e4387d7f68eb1319,eligible_verified_subset
5778a4facfd7c76dfab00c1d,early_blight/389a93c4-2ea1-4df5-94c6-01ea8ad856db___RS_Erly.B 7720.JPG,early_blight,PlantVillage:Tomato___Early_blight:::120.0,verified_group,5778a4facfd7c76dfab00c1d,eligible_verified_subset
2e3f4fad66a45f951e80bdf2,early_blight/38b7f839-7d01-4062-a858-a64b841b7996___RS_Erly.B 7390.JPG,early_blight,PlantVillage:Tomato___Early_blight:::41.0,verified_group,5d53d5fc4332837d3d2abb3b,eligible_verified_subset
5e394087b20add7fd22ce193,early_blight/38c6a01b-91c0-431b-8f58-05fa43cf94b7___RS_Erly.B 9408.JPG,early_blight,PlantVillage:Tomato___Early_blight:::198.0,verified_group,5e394087b20add7fd22ce193,eligible_verified_subset
ee53a00587ff86f31cd2f641,early_blight/392df5d9-0383-4ce9-a6fa-17d09cdc3c62___RS_Erly.B 9497.JPG,early_blight,PlantVillage:Tomato___Early_blight:::220.0,verified_group,1cce7c911c3306d4941358fb,eligible_verified_subset
aa4257812b6fa2932eaf3cbc,early_blight/394ebb8a-49b8-4122-bd81-f3c862491db9___RS_Erly.B 7513.JPG,early_blight,PlantVillage:Tomato___Early_blight:::69.0,verified_group,d99c68ed55ec8e843da5e826,eligible_verified_subset
f49bd421e48645c950bbc101,early_blight/397ffe67-e784-44d5-ae1a-d1e2990c041b___RS_Erly.B 7637.JPG,early_blight,PlantVillage:Tomato___Early_blight:::100.0,verified_group,d768f059e4387d7f68eb1319,eligible_verified_subset
d601422794b1759f60b1a62f,early_blight/398d72f7-db26-4138-9364-eb506f9495f4___RS_Erly.B 9450.JPG,early_blight,PlantVillage:Tomato___Early_blight:::208.0,verified_group,d601422794b1759f60b1a62f,eligible_verified_subset
e3681164fbbf607df75e7cee,early_blight/39da27eb-fde9-474b-bf0a-1374901ed82b___RS_Erly.B 7394.JPG,early_blight,PlantVillage:Tomato___Early_blight:::42.0,verified_group,e3681164fbbf607df75e7cee,eligible_verified_subset
06523783403c28c596008ba4,early_blight/3a2f31aa-b3e1-45a0-b0e6-2ffe3a2538b2___RS_Erly.B 9393.JPG,early_blight,PlantVillage:Tomato___Early_blight:::194.0,verified_group,d7770b302a40681a479898ed,eligible_verified_subset
700cbc1e31fc68b12aa80072,early_blight/3a54f866-42a6-4ad8-8752-97c62aa1bc18___RS_Erly.B 6485.JPG,early_blight,PlantVillage:Tomato___Early_blight:::27.0,verified_group,700cbc1e31fc68b12aa80072,eligible_verified_subset
5be465eef03c257b4150e9dc,early_blight/3a5a5775-fd2c-43ea-ad6b-ce2e50b36dcf___RS_Erly.B 6469.JPG,early_blight,PlantVillage:Tomato___Early_blight:::24.0,verified_group,1425700202a0dc732b376632,eligible_verified_subset
4231fd2b04cc5583b37f685e,early_blight/3a634ad7-1119-4ea1-9268-bedc8308fdc8___RS_Erly.B 7841.JPG,early_blight,PlantVillage:Tomato___Early_blight:::151.0,verified_group,5f1631780921ef172b905247,exclude_unresolved_component
7754c4af8478f2422a6abec0,early_blight/3a7c19c6-a86d-4127-b00e-600cb0244ac4___RS_Erly.B 6415.JPG,early_blight,PlantVillage:Tomato___Early_blight:::15.0,verified_group,60d1c81282a57e8da01107fd,eligible_verified_subset
5139e53dbddceb3e7e51c97f,early_blight/3a8ed6b0-1566-4ab1-b0e2-6a670dfca65a___RS_Erly.B 7653.JPG,early_blight,PlantVillage:Tomato___Early_blight:::104.0,verified_group,3b37829568e64fe4acbc4f2c,eligible_verified_subset
81caaf4fbe36d5dd4d264701,early_blight/3af16e88-1b4d-46d5-a099-7450600f11e8___RS_Erly.B 9545.JPG,early_blight,PlantVillage:Tomato___Early_blight:::231.0,verified_group,f0d0c1d39e3bc2c06b95fdb9,eligible_verified_subset
e5d2d841d8139a9c6daa30bf,early_blight/3b0f2e65-0005-4b3a-b63c-4ec99b3b92e5___RS_Erly.B 8227.JPG,early_blight,PlantVillage:Tomato___Early_blight:::159.0,verified_group,bf8d3e8ae76a16ac07818d01,eligible_verified_subset
ba72343c2d146b99187dd162,early_blight/3b1caf5d-9b90-4adc-bde6-8a16af479f0a___RS_Erly.B 8270.JPG,early_blight,PlantVillage:Tomato___Early_blight:::164.0,verified_group,199c5b296eee41a0fd4495d7,eligible_verified_subset
e73ac54ba6661198c6de67d0,early_blight/3b3193c5-e717-4b40-b450-7ee5c6e22d1a___RS_Erly.B 9382.JPG,early_blight,PlantVillage:Tomato___Early_blight:::191.0,verified_group,d63c3f694dad3201964f9e68,eligible_verified_subset
002e682232feb37531dd8b35,early_blight/3b86d42f-4b22-4bfe-bfa9-ec4567c886dc___RS_Erly.B 7823.JPG,early_blight,PlantVillage:Tomato___Early_blight:::146.0,verified_group,5e47319d3d8cb10be8083265,eligible_verified_subset
937ba4098199213a86f01b5c,early_blight/3be94535-c405-4f67-99cb-6ffc5f596639___RS_Erly.B 7783.JPG,early_blight,PlantVillage:Tomato___Early_blight:::136.0,verified_group,937ba4098199213a86f01b5c,eligible_verified_subset
ebfed9bfd7f55fbd1c3fc798,early_blight/3c09557f-b69a-423e-a84f-8fd9ee6467d2___RS_Erly.B 9490.JPG,early_blight,PlantVillage:Tomato___Early_blight:::218.0,verified_group,ebfed9bfd7f55fbd1c3fc798,eligible_verified_subset
61e9ef8dcb6c5ae456bd358a,early_blight/3c5b8470-8596-44bf-baa3-164a03e1c818___RS_Erly.B 9611.JPG,early_blight,PlantVillage:Tomato___Early_blight:::248.0,verified_group,730e37b88ac043fca7ce8fcd,eligible_verified_subset
39eccc1f00414fdf3933fbf8,early_blight/3c5e2faa-3bca-4d88-8841-fa06cf7388f1___RS_Erly.B 9599.JPG,early_blight,PlantVillage:Tomato___Early_blight:::245.0,verified_group,39eccc1f00414fdf3933fbf8,eligible_verified_subset
a35e53258105ccf8cdd704bf,early_blight/3d7f5e7a-3149-4bce-8fc3-f0df073d5a73___RS_Erly.B 7518.JPG,early_blight,PlantVillage:Tomato___Early_blight:::70.0,verified_group,974860516d0c64f07339233d,eligible_verified_subset
345a1e376c81c9916bcfad23,early_blight/3d8e1f90-be34-4da7-b124-a98eddb346d1___RS_Erly.B 7414.JPG,early_blight,PlantVillage:Tomato___Early_blight:::47.0,verified_group,345a1e376c81c9916bcfad23,eligible_verified_subset
d024e70c0ee39575d4444bb5,early_blight/3d9a4538-4797-45fe-8cff-104237e19368___RS_Erly.B 7729.JPG,early_blight,PlantVillage:Tomato___Early_blight:::122.0,verified_group,d024e70c0ee39575d4444bb5,eligible_verified_subset
a142b9fdcfc69bd85f486b0f,early_blight/3dab5935-91ca-489d-b4f4-127300fc527e___RS_Erly.B 6342.JPG,early_blight,PlantVillage:Tomato___Early_blight:::3.0,verified_group,cab5bb4bad9ef69f96c0d8d5,eligible_verified_subset
447fe7a8e144bf64a9b11475,early_blight/3daf2ed3-e39b-4b4d-a691-a7722ef8ed32___RS_Erly.B 7373.JPG,early_blight,PlantVillage:Tomato___Early_blight:::37.0,verified_group,725b90446994e477cff4f9b8,eligible_verified_subset
e4a507eafc3bccdb18ec86e7,early_blight/3e9af11d-b43d-4bfd-9cdf-1b0d847d3bf6___RS_Erly.B 7739.JPG,early_blight,PlantVillage:Tomato___Early_blight:::125.0,verified_group,e4a507eafc3bccdb18ec86e7,eligible_verified_subset
9eb9a70f23b0e4016decd751,early_blight/3e9cd8a5-ebe7-4a65-940c-7fd721195c73___RS_Erly.B 7616.JPG,early_blight,PlantVillage:Tomato___Early_blight:::94.0,verified_group,131c27faf7cc138e3418b51d,eligible_verified_subset
6b25d72e3237d0a352c8e427,early_blight/3ecc0dc0-87b2-4f7f-894a-8b9d17d7f25d___RS_Erly.B 7413.JPG,early_blight,PlantVillage:Tomato___Early_blight:::46.0,verified_group,6b25d72e3237d0a352c8e427,eligible_verified_subset
33609e98232db3a2b134e008,early_blight/3f35dad7-734b-46ee-8193-09fd3c8562ff___RS_Erly.B 7600.JPG,early_blight,PlantVillage:Tomato___Early_blight:::90.0,verified_group,33609e98232db3a2b134e008,eligible_verified_subset
71319def57fa130f4a2b127f,early_blight/3fa32b26-e7bb-493e-b7c2-c40e3f3df380___RS_Erly.B 9546.JPG,early_blight,PlantVillage:Tomato___Early_blight:::232.0,verified_group,5b408bdad6f6b310b264ab14,eligible_verified_subset
d7242f743aadbb5f9e93f1ae,early_blight/4065f166-5f48-4277-9f51-7aa61dbd4b48___RS_Erly.B 8399.JPG,early_blight,PlantVillage:Tomato___Early_blight:::180.0,verified_group,2a19ee719395278c03a40870,eligible_verified_subset
440b8a1aeb2371d76d57b7eb,early_blight/407d9731-c2d8-48c1-8712-9719c185791c___RS_Erly.B 9496.JPG,early_blight,PlantVillage:Tomato___Early_blight:::219.0,verified_group,440b8a1aeb2371d76d57b7eb,eligible_verified_subset
d8f7cc044d0fc0c663907516,early_blight/40b67c0a-5dd8-435c-80ed-764593d2147a___RS_Erly.B 7577.JPG,early_blight,PlantVillage:Tomato___Early_blight:::85.0,verified_group,d8f7cc044d0fc0c663907516,eligible_verified_subset
dcd8156a814c7d7936344e13,early_blight/40e8b878-dc2f-4cbd-ac31-c07f372bb0fa___RS_Erly.B 7369.JPG,early_blight,PlantVillage:Tomato___Early_blight:::36.0,verified_group,06747c607dfcfb544add7165,eligible_verified_subset
40f1e554287d338791d502e8,early_blight/411f8908-2bb4-45dc-b1d1-314cc951f0a9___RS_Erly.B 9526.JPG,early_blight,PlantVillage:Tomato___Early_blight:::227.0,verified_group,5ce887992acd990b6fb36e6e,eligible_verified_subset
be5229b1a907fedede347a35,early_blight/420da335-510d-4e55-ac9c-2cad3530ad68___RS_Erly.B 8442.JPG,early_blight,PlantVillage:Tomato___Early_blight:::186.0,verified_group,dfdddb5eba085d2adb4c6202,eligible_verified_subset
9efad7ffec5feab46c29a6ab,early_blight/422802e1-cee5-43b7-b735-7f90b5e5d4e2___RS_Erly.B 7349.JPG,early_blight,PlantVillage:Tomato___Early_blight:::32.0,verified_group,9efad7ffec5feab46c29a6ab,eligible_verified_subset
f19ac9dda75555e56f89a91d,early_blight/427229e9-359c-49c5-8dfd-b721a3802899___RS_Erly.B 7861.JPG,early_blight,PlantVillage:Tomato___Early_blight:::156.0,verified_group,4b49539df58b0a38272f57f4,eligible_verified_subset
8209d936036c11851b7b9cef,early_blight/4283992b-ab8a-41aa-baeb-17a5b0f75af1___RS_Erly.B 7621.JPG,early_blight,PlantVillage:Tomato___Early_blight:::96.0,verified_group,8209d936036c11851b7b9cef,eligible_verified_subset
7823369ad82fd23f13f78fe7,early_blight/42a9a952-29d4-4a66-9dd9-65ebaac0db93___RS_Erly.B 7815.JPG,early_blight,PlantVillage:Tomato___Early_blight:::144.0,verified_group,53965b2ae3a9807fb764a414,eligible_verified_subset
c48b2a1422396ba826af8b6b,early_blight/42c0d61f-b28e-43e9-9fa3-bb03c6ec086a___RS_Erly.B 9601.JPG,early_blight,PlantVillage:Tomato___Early_blight:::245.0,verified_group,39eccc1f00414fdf3933fbf8,eligible_verified_subset
401389f287520baadde4ab0e,early_blight/42d072db-d17e-4050-882a-6a8d1c1ede05___RS_Erly.B 8430.JPG,early_blight,PlantVillage:Tomato___Early_blight:::185.0,verified_group,401389f287520baadde4ab0e,eligible_verified_subset
c374899c485dd09e92c5b12d,early_blight/42ee69ea-4c2d-4e65-9c66-e3154dd08375___RS_Erly.B 8428.JPG,early_blight,PlantVillage:Tomato___Early_blight:::184.0,verified_group,c43ebccf06216e687d01be64,eligible_verified_subset
78eec4516370883c80993770,early_blight/42ef04d9-9bea-4bd2-9ea4-54cb16c9be24___RS_Erly.B 9616.JPG,early_blight,PlantVillage:Tomato___Early_blight:::249.0,verified_group,ad0becb6d6d280c816ff9d00,eligible_verified_subset
bf1132890a82b02007643f52,early_blight/43e84adf-0897-47dc-97a4-94ef0e83eef5___RS_Erly.B 6399.JPG,early_blight,PlantVillage:Tomato___Early_blight:::12.0,verified_group,bf1132890a82b02007643f52,eligible_verified_subset
60d957a8de24825c23a5f99e,early_blight/4490b039-427d-414c-836d-a1fda6c1ad49___RS_Erly.B 8369.JPG,early_blight,PlantVillage:Tomato___Early_blight:::176.0,verified_group,4518593305c027fe8c7eef1d,eligible_verified_subset
fe66fde777033d6e2b3f7a34,early_blight/45a51377-1fd4-45f3-bfdb-02d9d0953ab2___RS_Erly.B 9471.JPG,early_blight,PlantVillage:Tomato___Early_blight:::213.0,verified_group,16706626361c12810d4f9892,eligible_verified_subset
d31dfcdfee913a68ffb66cea,early_blight/45d27217-fbb3-4b74-93e7-d84f70b784f8___RS_Erly.B 7713.JPG,early_blight,PlantVillage:Tomato___Early_blight:::118.0,verified_group,d31dfcdfee913a68ffb66cea,eligible_verified_subset
81daf25be8d8d749cd20a312,early_blight/467b230b-ca0c-4f44-bf22-3e6e0454d51a___RS_Erly.B 9429.JPG,early_blight,PlantVillage:Tomato___Early_blight:::203.0,verified_group,931ad7b7f0651d59a7ca5ab2,eligible_verified_subset
60fc33f14211301e1d15d80b,early_blight/468a0f48-b0c4-4969-9f21-826cb3ae3f61___RS_Erly.B 7725.JPG,early_blight,PlantVillage:Tomato___Early_blight:::121.0,verified_group,60fc33f14211301e1d15d80b,eligible_verified_subset
34f1269b85b5914a9fa788d9,early_blight/468dba17-366a-422f-b3b6-061261942b0d___RS_Erly.B 7853.JPG,early_blight,PlantVillage:Tomato___Early_blight:::154.0,verified_group,7f409a285b70df3436caada9,eligible_verified_subset
2e92b20ec47c63d05ea4e069,early_blight/47465f0e-80ef-4641-b24b-7147dd82596d___RS_Erly.B 9473.JPG,early_blight,PlantVillage:Tomato___Early_blight:::214.0,verified_group,8cb0add7c2bd666c8650e7ce,eligible_verified_subset
826845a3f370f777bfce5af7,early_blight/47c05777-ef2f-4baf-8f1a-61ab067a4627___RS_Erly.B 7350.JPG,early_blight,PlantVillage:Tomato___Early_blight:::32.0,verified_group,9efad7ffec5feab46c29a6ab,eligible_verified_subset
9219745f49f9c64e80923997,early_blight/47e03272-d314-4928-bf7c-eda3ba6e7371___RS_Erly.B 7380.JPG,early_blight,PlantVillage:Tomato___Early_blight:::38.0,verified_group,9219745f49f9c64e80923997,eligible_verified_subset
d7ae96b7c50ff4b34494588d,early_blight/4803a0a5-ac23-431f-b792-d60a25a268bd___RS_Erly.B 9508.JPG,early_blight,PlantVillage:Tomato___Early_blight:::222.0,verified_group,c6e5d3378532073062845a78,eligible_verified_subset
62c74e6934c39cc23419d10b,early_blight/48160d05-d3e5-44bb-810e-18d08407b529___RS_Erly.B 9606.JPG,early_blight,PlantVillage:Tomato___Early_blight:::247.0,verified_group,62c74e6934c39cc23419d10b,eligible_verified_subset
74f99eb8c4c3535c6fa22715,early_blight/484250ea-cc2c-4614-bee8-7f24007e00ac___RS_Erly.B 9463.JPG,early_blight,PlantVillage:Tomato___Early_blight:::211.0,verified_group,74f99eb8c4c3535c6fa22715,eligible_verified_subset
eebd5a503dfb88fc56b71027,early_blight/4845b02b-1b59-454b-8aae-c4df6c02cbd8___RS_Erly.B 7660.JPG,early_blight,PlantVillage:Tomato___Early_blight:::105.0,verified_group,eebd5a503dfb88fc56b71027,eligible_verified_subset
c7cebc136a8270d1518d27ea,early_blight/48749ece-911d-440f-873d-475e58132969___RS_Erly.B 7479.JPG,early_blight,PlantVillage:Tomato___Early_blight:::61.0,verified_group,67e1ff327635a7c1a01d8056,eligible_verified_subset
cfb817e11d2e3450f58e1292,early_blight/48dd3efc-400d-4b81-a569-13a51083df58___RS_Erly.B 7718.JPG,early_blight,PlantVillage:Tomato___Early_blight:::120.0,verified_group,5778a4facfd7c76dfab00c1d,eligible_verified_subset
f9160fb7131bec9ab75502be,early_blight/493f53cc-b8d5-4c71-9446-30f0365f1e4b___RS_Erly.B 7583.JPG,early_blight,PlantVillage:Tomato___Early_blight:::86.0,verified_group,4dd892b81eed041ff848fe46,eligible_verified_subset
3d9325c4ef07b31cae4a2621,early_blight/496e8f67-eec4-47be-9c37-b7e8fd4cf230___RS_Erly.B 7743.JPG,early_blight,PlantVillage:Tomato___Early_blight:::126.0,verified_group,3d9325c4ef07b31cae4a2621,eligible_verified_subset
90c2ed8204042c30792cf476,early_blight/498e5205-4421-4ec6-80b5-e4f79156b1c5___RS_Erly.B 7362.JPG,early_blight,PlantVillage:Tomato___Early_blight:::35.0,verified_group,90c2ed8204042c30792cf476,eligible_verified_subset
0d1f97fcb31ada3d20768e95,early_blight/49c8f57f-3418-45db-b807-6192c20dfc6a___RS_Erly.B 7784.JPG,early_blight,PlantVillage:Tomato___Early_blight:::136.0,verified_group,937ba4098199213a86f01b5c,eligible_verified_subset
d34882bd30e13ac8aad72a4e,early_blight/4a063384-a4c0-4acc-a787-8236eb40a54e___RS_Erly.B 8281.JPG,early_blight,PlantVillage:Tomato___Early_blight:::165.0,verified_group,d34882bd30e13ac8aad72a4e,eligible_verified_subset
7ee5c50961533478ebe5aa1b,early_blight/4a352896-5a0f-4e42-aba1-f06045d5b531___RS_Erly.B 7765.JPG,early_blight,PlantVillage:Tomato___Early_blight:::131.0,verified_group,3100baccbfb4e4a3c7746df1,eligible_verified_subset
8065ac71e6b202851b842e7e,early_blight/4aa63e45-c531-40e2-86ca-a788e74d4f18___RS_Erly.B 7549.JPG,early_blight,PlantVillage:Tomato___Early_blight:::78.0,verified_group,e0e3b6c18a0a7e876462595a,eligible_verified_subset
c0aae06d499d17bd08e9cc88,early_blight/4b8821ef-8364-4a04-9549-58d58ffe0411___RS_Erly.B 7704.JPG,early_blight,PlantVillage:Tomato___Early_blight:::116.0,verified_group,c0aae06d499d17bd08e9cc88,eligible_verified_subset
3893483000b9c332cd6e356d,early_blight/4c1481fd-12fa-4729-9de6-35c7fae918a5___RS_Erly.B 7430.JPG,early_blight,PlantVillage:Tomato___Early_blight:::51.0,verified_group,3893483000b9c332cd6e356d,eligible_verified_subset
ef71fb85d10dc148423c16ec,early_blight/4c524fa6-db92-41e1-8d32-84732f78343f___RS_Erly.B 7768.JPG,early_blight,PlantVillage:Tomato___Early_blight:::132.0,verified_group,d576e5dcc11feae1916ea5b7,eligible_verified_subset
b2541bc97d40cf84470ada8e,early_blight/4c5f5a51-0ea2-477b-a0bf-e0d511f53e87___RS_Erly.B 6397.JPG,early_blight,PlantVillage:Tomato___Early_blight:::12.0,verified_group,bf1132890a82b02007643f52,eligible_verified_subset
323d7a9b1efd46ea290b0402,early_blight/4c927622-ea22-4718-8e36-319218ee53bf___RS_Erly.B 7712.JPG,early_blight,PlantVillage:Tomato___Early_blight:::118.0,verified_group,d31dfcdfee913a68ffb66cea,eligible_verified_subset
eff9f8071c8ecd183490b9f9,early_blight/4cbe4896-66b5-4834-8eb7-5baf49ed2f7d___RS_Erly.B 8354.JPG,early_blight,PlantVillage:Tomato___Early_blight:::175.0,verified_group,11dc182de6b5853cfb82c944,eligible_verified_subset
bbba344e11d73e1a1700e5e7,early_blight/4ce52d04-06f4-4b35-af47-804fdabed996___RS_Erly.B 8254.JPG,early_blight,PlantVillage:Tomato___Early_blight:::162.0,verified_group,29b114dcaf425df556c8d349,eligible_verified_subset
a52a7aaf0acf3409ca6745ac,early_blight/4d007f46-814a-4cec-93d4-0be4b32a9ed6___RS_Erly.B 6495.JPG,early_blight,PlantVillage:Tomato___Early_blight:::29.0,verified_group,d9e9291223914ea9e7a960ab,eligible_verified_subset
1f8dd2376eecc9cf40a30477,early_blight/4d4da4c4-3de3-4eb5-93d4-a78bf274270b___RS_Erly.B 9538.JPG,early_blight,PlantVillage:Tomato___Early_blight:::230.0,verified_group,1f8dd2376eecc9cf40a30477,eligible_verified_subset
055c80643ff128b24f7eceb0,early_blight/4d80e993-6d3e-4537-92ba-39834a88e50c___RS_Erly.B 7632.JPG,early_blight,PlantVillage:Tomato___Early_blight:::98.0,verified_group,055c80643ff128b24f7eceb0,eligible_verified_subset
518419b2e858eb7f422e8c78,early_blight/4d88d7a6-b49c-4927-81de-60b6b807c839___RS_Erly.B 7655.JPG,early_blight,PlantVillage:Tomato___Early_blight:::104.0,verified_group,3b37829568e64fe4acbc4f2c,eligible_verified_subset
7f823de8858c9c9892a0fcd0,early_blight/4d8cce21-a64f-4953-8c56-218f1611ed29___RS_Erly.B 7372.JPG,early_blight,PlantVillage:Tomato___Early_blight:::37.0,verified_group,725b90446994e477cff4f9b8,eligible_verified_subset
bed50169bba28bd1c65a47f4,early_blight/4deeae7f-b339-4d5b-969c-b69ea27c1636___RS_Erly.B 7736.JPG,early_blight,PlantVillage:Tomato___Early_blight:::124.0,verified_group,bed50169bba28bd1c65a47f4,eligible_verified_subset
9d89d85486dee6141aceb867,early_blight/4e24576f-00c2-494f-b47b-b2b3885b4749___RS_Erly.B 8279.JPG,early_blight,PlantVillage:Tomato___Early_blight:::165.0,verified_group,d34882bd30e13ac8aad72a4e,eligible_verified_subset
9b44271c0979b6f56364c3ec,early_blight/4e3c2c95-69ca-41d4-9b08-4e0bb7f425eb___RS_Erly.B 7469.JPG,early_blight,PlantVillage:Tomato___Early_blight:::59.0,verified_group,6de9157ac844f1f2aabcea44,eligible_verified_subset
a9f21334179b847316ae417b,early_blight/4e3f49fc-2ff8-4d00-979d-3c15f4d90db8___RS_Erly.B 7708.JPG,early_blight,PlantVillage:Tomato___Early_blight:::117.0,verified_group,a9f21334179b847316ae417b,eligible_verified_subset
1058160f01a0ee88695869fa,early_blight/4e5f8530-2696-433d-91ec-5f53488b1d18___RS_Erly.B 8299.JPG,early_blight,PlantVillage:Tomato___Early_blight:::167.0,verified_group,1058160f01a0ee88695869fa,eligible_verified_subset
a8728be9806030250141ea43,early_blight/4e8e92ba-46f4-4e49-850b-71019f6c8640___RS_Erly.B 6346.JPG,early_blight,PlantVillage:Tomato___Early_blight:::3.0,verified_group,cab5bb4bad9ef69f96c0d8d5,eligible_verified_subset
f48430ec96c6063ee637ab9d,early_blight/4ec7e2e9-7fc3-46de-a42d-eec0cbcc990e___RS_Erly.B 7532.JPG,early_blight,PlantVillage:Tomato___Early_blight:::73.0,verified_group,f48430ec96c6063ee637ab9d,eligible_verified_subset
6b90d4ba9f996907a6016ff1,early_blight/4eccde8f-4b47-4e5e-b0aa-9eaa67b20126___RS_Erly.B 8417.JPG,early_blight,PlantVillage:Tomato___Early_blight:::183.0,verified_group,b4f12ef84bfa32b7ec5e13f9,eligible_verified_subset
6483ff4d9ef4b5cb35e3ae3d,early_blight/4ee9cff7-9693-4d51-821b-da31e5df240c___RS_Erly.B 7427.JPG,early_blight,PlantVillage:Tomato___Early_blight:::50.0,verified_group,6483ff4d9ef4b5cb35e3ae3d,eligible_verified_subset
51b965a9a6dc62ab7e0e352c,early_blight/4f4ef45f-80b4-4fde-b052-f932d2b5a9f3___RS_Erly.B 9410.JPG,early_blight,PlantVillage:Tomato___Early_blight:::198.0,verified_group,5e394087b20add7fd22ce193,eligible_verified_subset
ec8b425f7ad6921c4d387f0f,early_blight/4f6876e9-7226-49d5-aef8-cec3d8e6fbc9___RS_Erly.B 9452.JPG,early_blight,PlantVillage:Tomato___Early_blight:::208.0,verified_group,d601422794b1759f60b1a62f,eligible_verified_subset
097c7b902d4069ebe8a3468e,early_blight/4fd3f0e7-cdd9-4151-8734-5f0ad1f52614___RS_Erly.B 9564.JPG,early_blight,PlantVillage:Tomato___Early_blight:::236.0,verified_group,aa6f9f8fc2285b3b24c9da65,eligible_verified_subset
89194013acb3dc3d96b5a57c,early_blight/503785a3-9eaa-4887-b832-2288f747624a___RS_Erly.B 7636.JPG,early_blight,PlantVillage:Tomato___Early_blight:::99.0,verified_group,665361b30157dc1e45b86346,eligible_verified_subset
fdeed5e5d01aea3ea288d96c,early_blight/506f85e7-6f27-40e2-bb9c-5ddb6f35a787___RS_Erly.B 8406.JPG,early_blight,PlantVillage:Tomato___Early_blight:::181.0,verified_group,a3199e7d300b4218da5c6223,eligible_verified_subset
444636bddc2898a767a930b2,early_blight/50cd977c-9fa8-4ff2-9a82-9d848f0a8972___RS_Erly.B 7683.JPG,early_blight,PlantVillage:Tomato___Early_blight:::111.0,verified_group,444636bddc2898a767a930b2,eligible_verified_subset
b6f9c60b025ee1d10ad07fc3,early_blight/511fb1ba-bef6-4144-9e05-461a66022cba___RS_Erly.B 8435.JPG,early_blight,PlantVillage:Tomato___Early_blight:::185.0,verified_group,401389f287520baadde4ab0e,eligible_verified_subset
3c0d335e323898e912f7bee4,early_blight/51708fa7-4619-4957-bfc6-8e422ee23a99___RS_Erly.B 7630.JPG,early_blight,PlantVillage:Tomato___Early_blight:::98.0,verified_group,055c80643ff128b24f7eceb0,eligible_verified_subset
bebc1e61bac92115994b153d,early_blight/51764eb9-fb8b-4c8a-9c30-3b474d659751___RS_Erly.B 7529.JPG,early_blight,PlantVillage:Tomato___Early_blight:::73.0,verified_group,f48430ec96c6063ee637ab9d,eligible_verified_subset
1a620752dd981eb0d8ed5be3,early_blight/518d8b79-c548-42e4-b78d-f2145eb1d6da___RS_Erly.B 7794.JPG,early_blight,PlantVillage:Tomato___Early_blight:::139.0,verified_group,4a14d70e32a0394340c5593c,eligible_verified_subset
d467b51fd2f0f727be50f449,early_blight/51f589f7-d843-4d5d-8c5a-385951f58865___RS_Erly.B 9424.JPG,early_blight,PlantVillage:Tomato___Early_blight:::202.0,verified_group,d467b51fd2f0f727be50f449,eligible_verified_subset
a9607571be11947093565c89,early_blight/52082b15-4350-415a-be8c-bb0e0fc3ab88___RS_Erly.B 6332.JPG,early_blight,PlantVillage:Tomato___Early_blight:::1.0,verified_group,f1ea7a0755d3f1cd225eaaf4,eligible_verified_subset
7969817caef1b0e13f78da4d,early_blight/52232f20-1d2d-4545-9a5c-76ed0f608bd2___RS_Erly.B 6445.JPG,early_blight,PlantVillage:Tomato___Early_blight:::20.0,verified_group,c8dba8782b9e9da18f559aed,eligible_verified_subset
1227233e26ab9f4dfdd40b38,early_blight/5339898b-4bf4-4ee0-b69c-eac14c202a69___RS_Erly.B 9430.JPG,early_blight,PlantVillage:Tomato___Early_blight:::203.0,verified_group,931ad7b7f0651d59a7ca5ab2,eligible_verified_subset
a2ab01163ee6f82dcb444384,early_blight/533debcd-c993-4c11-8515-9ec280cdc023___RS_Erly.B 7389.JPG,early_blight,PlantVillage:Tomato___Early_blight:::40.0,verified_group,a2ab01163ee6f82dcb444384,eligible_verified_subset
229429598229015aa01b4613,early_blight/535c3c4f-c082-4dd7-a98b-2e16cb377d89___RS_Erly.B 7770.JPG,early_blight,PlantVillage:Tomato___Early_blight:::133.0,verified_group,229429598229015aa01b4613,eligible_verified_subset
6c192ed248d00330e522b8f4,early_blight/5390d8c0-5781-47cf-8d0a-482e000a01f3___RS_Erly.B 7400.JPG,early_blight,PlantVillage:Tomato___Early_blight:::43.0,verified_group,d9d9a37b161319bb98e3f617,eligible_verified_subset
d3b24e4a7d8ccaa340d90926,early_blight/53bb67c4-0fef-4f13-b4a3-206d06155ffc___RS_Erly.B 6434.JPG,early_blight,PlantVillage:Tomato___Early_blight:::18.0,verified_group,d3b24e4a7d8ccaa340d90926,eligible_verified_subset
ee3f0d5048aeecb7ab461f9d,early_blight/53c47cc3-e958-4e9a-811a-e19e99ef0a8c___RS_Erly.B 6373.JPG,early_blight,PlantVillage:Tomato___Early_blight:::8.0,verified_group,c2ad74ff2b133c3f210c0695,eligible_verified_subset
93634c2e6b8f1d5eddda4f8f,early_blight/546af1f7-3d4f-4024-88b1-f981fea7f2dd___RS_Erly.B 9455.JPG,early_blight,PlantVillage:Tomato___Early_blight:::209.0,verified_group,93634c2e6b8f1d5eddda4f8f,eligible_verified_subset
313e575555d7ceda0fa34299,early_blight/54a33a0e-3bf6-44de-ba94-8b5096f1cb6e___RS_Erly.B 7668.JPG,early_blight,PlantVillage:Tomato___Early_blight:::107.0,verified_group,b5bce0ea9b625099b7e289b2,eligible_verified_subset
edd4032566d8cffa23a45587,early_blight/54b09b2b-afe1-42ab-b889-7190495f1e16___RS_Erly.B 7684.JPG,early_blight,PlantVillage:Tomato___Early_blight:::111.0,verified_group,444636bddc2898a767a930b2,eligible_verified_subset
2a8a32eb059dee9f207384d3,early_blight/54d55df4-c760-4191-b998-d1e1493a35f5___RS_Erly.B 7524.JPG,early_blight,PlantVillage:Tomato___Early_blight:::71.0,verified_group,4b858416c0c3576290abbd49,eligible_verified_subset
49277a5d10faa077dc9939ba,early_blight/54e98d19-a7a0-44d8-a004-1eaee5f3610b___RS_Erly.B 7348.JPG,early_blight,PlantVillage:Tomato___Early_blight:::31.0,verified_group,e352d5f089b5d4eb1eaeed6e,eligible_verified_subset
c8c6baa732ebfbf340cf5b9d,early_blight/552787d3-3937-4ee5-9824-6b78e90e5cbb___RS_Erly.B 7510.JPG,early_blight,PlantVillage:Tomato___Early_blight:::68.0,verified_group,74a1a26a5935e2d45c2ae498,eligible_verified_subset
92164879a447bc9347a9ea93,early_blight/553d53a5-19f3-433e-9805-d3bf5a3804b1___RS_Erly.B 7580.JPG,early_blight,PlantVillage:Tomato___Early_blight:::85.0,verified_group,d8f7cc044d0fc0c663907516,eligible_verified_subset
1bc34cf883da3d36bf6ac6b2,early_blight/55761153-0f6a-4dad-981e-16fde2ac683f___RS_Erly.B 6387.JPG,early_blight,PlantVillage:Tomato___Early_blight:::10.0,verified_group,ad58c6eba5c0e6f9e991e3f2,eligible_verified_subset
f694defbbbf08f075445fcae,early_blight/5592a349-b19a-4fe8-a131-a89bbae8b655___RS_Erly.B 7474.JPG,early_blight,PlantVillage:Tomato___Early_blight:::60.0,verified_group,0e21d439c6617c50889d19d3,eligible_verified_subset
2f56dff146af1eeed64424a3,early_blight/5595a78c-8a56-4ee2-b085-a96c6fb67846___RS_Erly.B 7716.JPG,early_blight,PlantVillage:Tomato___Early_blight:::119.0,verified_group,e8658e229688471b30a985cc,eligible_verified_subset
698badd86bb66ba6f506cb12,early_blight/55d4f7b2-17d3-4987-92fe-6aff1a8c4f3a___RS_Erly.B 7558.JPG,early_blight,PlantVillage:Tomato___Early_blight:::80.0,verified_group,698badd86bb66ba6f506cb12,eligible_verified_subset
9bf606b9b62f52a341503141,early_blight/5688c1fd-cd1f-4fb5-9e0b-d12c0c095023___RS_Erly.B 9511.JPG,early_blight,PlantVillage:Tomato___Early_blight:::223.0,verified_group,9bf606b9b62f52a341503141,eligible_verified_subset
6c3499b457e78ea2eb4287a3,early_blight/56e77ea3-5b58-409c-991d-c6d1e3740f65___RS_Erly.B 7358.JPG,early_blight,PlantVillage:Tomato___Early_blight:::34.0,verified_group,6c3499b457e78ea2eb4287a3,eligible_verified_subset
02b4a82d5afe5a3bce619315,early_blight/56f361f0-4a14-4fc1-acc4-798e6614f8fb___RS_Erly.B 8313.JPG,early_blight,PlantVillage:Tomato___Early_blight:::169.0,verified_group,ebdc5ee7a168f02c879eb36a,eligible_verified_subset
09a185e57cd9344f1fdf0aa4,early_blight/573fc55b-8a73-48ba-b916-5d7f397977e4___RS_Erly.B 8384.JPG,early_blight,PlantVillage:Tomato___Early_blight:::178.0,verified_group,0f94f9de78144cce12cb767c,eligible_verified_subset
5b188a80d324002e633013f5,early_blight/579c6b36-c17e-4510-a1ba-31cabbb0951f___RS_Erly.B 7517.JPG,early_blight,PlantVillage:Tomato___Early_blight:::70.0,verified_group,974860516d0c64f07339233d,eligible_verified_subset
5df451a0e7f948c76bad4606,early_blight/57ff9c36-2345-4401-986e-d9c06a784c15___RS_Erly.B 9515.JPG,early_blight,PlantVillage:Tomato___Early_blight:::224.0,verified_group,6962cf4cea1ca02436410e19,eligible_verified_subset
51a480cb0b41a05c849c060b,early_blight/58268d35-a896-406d-9686-5f2f2b9a5b10___RS_Erly.B 7433.JPG,early_blight,PlantVillage:Tomato___Early_blight:::51.0,verified_group,3893483000b9c332cd6e356d,eligible_verified_subset
3e2529550b0954f32d154e04,early_blight/583a02eb-f2f2-4a62-8455-f77e08fc19c4___RS_Erly.B 8266.JPG,early_blight,PlantVillage:Tomato___Early_blight:::164.0,verified_group,199c5b296eee41a0fd4495d7,eligible_verified_subset
3cecb3664ff97f4755c1e598,early_blight/5870b25f-914c-4dae-aaf5-88d48cb90803___RS_Erly.B 7774.JPG,early_blight,PlantVillage:Tomato___Early_blight:::134.0,verified_group,3cecb3664ff97f4755c1e598,eligible_verified_subset
4fccdae6c30f9e83a7106ce4,early_blight/591ec786-c9bb-4054-be3a-055f0dbecbd2___RS_Erly.B 7416.JPG,early_blight,PlantVillage:Tomato___Early_blight:::47.0,verified_group,345a1e376c81c9916bcfad23,eligible_verified_subset
98bf5311447bf9512d13a108,early_blight/59cbcb57-16e3-4e35-a1d6-8672678c9d8d___RS_Erly.B 6489.JPG,early_blight,PlantVillage:Tomato___Early_blight:::28.0,verified_group,98bf5311447bf9512d13a108,eligible_verified_subset
74a0ef1ad50ab10c908b9847,early_blight/59dbd132-6e6c-4127-a218-b7602cbee670___RS_Erly.B 9449.JPG,early_blight,PlantVillage:Tomato___Early_blight:::208.0,verified_group,d601422794b1759f60b1a62f,eligible_verified_subset
c8788a2e1d8a48042be73b75,early_blight/59fbd532-f75e-4c09-be68-3707d1323868___RS_Erly.B 7863.JPG,early_blight,PlantVillage:Tomato___Early_blight:::156.0,verified_group,4b49539df58b0a38272f57f4,eligible_verified_subset
cff40011f9039c33efb4c574,early_blight/5a05e4e9-74d1-40a8-aca2-dc3500ef5fbc___RS_Erly.B 9489.JPG,early_blight,PlantVillage:Tomato___Early_blight:::218.0,verified_group,ebfed9bfd7f55fbd1c3fc798,eligible_verified_subset
9051fb30460e1c08eac3029f,early_blight/5a0ff573-924f-48c8-a3ef-ed82995ed145___RS_Erly.B 6478.JPG,early_blight,PlantVillage:Tomato___Early_blight:::26.0,verified_group,3abebac7be5f9397a5120a46,eligible_verified_subset
eec60ddbc6f964456c6467c7,early_blight/5a50d734-271b-43f8-991f-b6e6f264b686___RS_Erly.B 6488.JPG,early_blight,PlantVillage:Tomato___Early_blight:::28.0,verified_group,98bf5311447bf9512d13a108,eligible_verified_subset
802739ed96ff0b47bcee9ddb,early_blight/5a62e38f-8042-4ca8-8df6-2bdeed7e9a7b___RS_Erly.B 9493.JPG,early_blight,PlantVillage:Tomato___Early_blight:::219.0,verified_group,440b8a1aeb2371d76d57b7eb,eligible_verified_subset
c33c7b8b60d68f9d025afd98,early_blight/5ac465b8-86c9-469a-a656-add4ab1f14e4___RS_Erly.B 6473.JPG,early_blight,PlantVillage:Tomato___Early_blight:::25.0,verified_group,c33c7b8b60d68f9d025afd98,eligible_verified_subset
fa3334707ac70421824ca062,early_blight/5ac54e63-40a4-4651-a900-fd3ab4d32bae___RS_Erly.B 7727.JPG,early_blight,PlantVillage:Tomato___Early_blight:::122.0,verified_group,d024e70c0ee39575d4444bb5,eligible_verified_subset
9f16ed1651e4da49cf0a16b7,early_blight/5ad16a00-4f2d-4872-a45c-80250b507ecc___RS_Erly.B 9378.JPG,early_blight,PlantVillage:Tomato___Early_blight:::190.0,verified_group,0f7f9888cc4429656a7bb57c,eligible_verified_subset
21ddc126388869a161cbfffb,early_blight/5adb20df-006b-4a5d-a1c4-c8284eee9e20___RS_Erly.B 9484.JPG,early_blight,PlantVillage:Tomato___Early_blight:::216.0,verified_group,2adb4f82800ecf9be85536b7,eligible_verified_subset
8994ff13ffb262feea677ef1,early_blight/5b71fe03-84fc-4866-9bf8-e557ce918c6e___RS_Erly.B 9580.JPG,early_blight,PlantVillage:Tomato___Early_blight:::240.0,verified_group,e1f27f487655d20b2d206b64,eligible_verified_subset
d9ffc8c487754033418827af,early_blight/5b86ab6a-3823-4886-85fd-02190898563c___RS_Erly.B 8452.JPG,early_blight,PlantVillage:Tomato___Early_blight:::188.0,verified_group,52d6f6547c92897f69e459db,eligible_verified_subset
2020fe1ea3ef9bb20690599f,early_blight/5ba2c9ec-1d6f-4870-933d-6c9d05833d47___RS_Erly.B 6337.JPG,early_blight,PlantVillage:Tomato___Early_blight:::2.0,verified_group,762d9641fe2600bb905e94b7,eligible_verified_subset
681444fa3ab908e17949a363,early_blight/5bb67c87-9449-4365-aad2-0763164a608b___RS_Erly.B 7460.JPG,early_blight,PlantVillage:Tomato___Early_blight:::57.0,verified_group,681444fa3ab908e17949a363,eligible_verified_subset
38f61836cf839b93e91faccb,early_blight/5bbfc062-042e-4929-98ba-fd034a03092d___RS_Erly.B 7581.JPG,early_blight,PlantVillage:Tomato___Early_blight:::86.0,verified_group,4dd892b81eed041ff848fe46,eligible_verified_subset
1f99387b5c4cd8256e666c2c,early_blight/5bcb328c-9fa4-4abf-a3b6-8a015ada7d94___RS_Erly.B 7476.JPG,early_blight,PlantVillage:Tomato___Early_blight:::61.0,verified_group,67e1ff327635a7c1a01d8056,eligible_verified_subset
665ae94a4dc75c42dc9456bc,early_blight/5bd6338a-0f10-457b-a7bd-69f2ee7c6504___RS_Erly.B 9534.JPG,early_blight,PlantVillage:Tomato___Early_blight:::229.0,verified_group,665ae94a4dc75c42dc9456bc,eligible_verified_subset
dbbca542a58a9d3f3b0044c9,early_blight/5c498e4e-e9b8-4380-828e-53dfd9beb683___RS_Erly.B 7788.JPG,early_blight,PlantVillage:Tomato___Early_blight:::137.0,verified_group,dbbca542a58a9d3f3b0044c9,eligible_verified_subset
ba4bb14c91c8cf6f1c6684e8,early_blight/5c81bfc2-d377-4fc8-9f51-ff26a997c20b___RS_Erly.B 6345.JPG,early_blight,PlantVillage:Tomato___Early_blight:::3.0,verified_group,cab5bb4bad9ef69f96c0d8d5,eligible_verified_subset
456d7294c5e4875cd5b7ccd2,early_blight/5c8ced5b-fa5c-41d4-8ad9-a3c7c4891355___RS_Erly.B 6350.JPG,early_blight,PlantVillage:Tomato___Early_blight:::4.0,verified_group,456d7294c5e4875cd5b7ccd2,eligible_verified_subset
33b4de32592a9003b6cb0b78,early_blight/5d0f4647-6f88-4c84-bacf-d6bc4d469c4d___RS_Erly.B 8411.JPG,early_blight,PlantVillage:Tomato___Early_blight:::182.0,verified_group,33b4de32592a9003b6cb0b78,eligible_verified_subset
443518210c1dc00b5cdd631a,early_blight/5d45c117-439e-454a-bc77-93a27ce98761___RS_Erly.B 7546.JPG,early_blight,PlantVillage:Tomato___Early_blight:::77.0,verified_group,3c477f5994ade33bee2a42fc,eligible_verified_subset
735374b72fcd1f1cd2eda95d,early_blight/5d5d73a4-b480-4479-a5a5-8d6ba6909eac___RS_Erly.B 9409.JPG,early_blight,PlantVillage:Tomato___Early_blight:::198.0,verified_group,5e394087b20add7fd22ce193,eligible_verified_subset
9eb25c717beb32eeec51c1c5,early_blight/5d89c2ab-31d9-4f0a-bd00-2c2475b2a037___RS_Erly.B 9377.JPG,early_blight,PlantVillage:Tomato___Early_blight:::190.0,verified_group,0f7f9888cc4429656a7bb57c,eligible_verified_subset
f2b8445a00213797025069a8,early_blight/5d998134-578b-481e-9b88-df0134eb567b___RS_Erly.B 7626.JPG,early_blight,PlantVillage:Tomato___Early_blight:::97.0,verified_group,f2b8445a00213797025069a8,eligible_verified_subset
8caf223a996dc42fc729c071,early_blight/5daba301-b6f9-4fc4-8be7-a918d3a7554c___RS_Erly.B 8282.JPG,early_blight,PlantVillage:Tomato___Early_blight:::166.0,verified_group,8caf223a996dc42fc729c071,eligible_verified_subset
c8c68142973befb616c8b352,early_blight/5e10503d-8b4e-4215-9128-b92b48fce53d___RS_Erly.B 7559.JPG,early_blight,PlantVillage:Tomato___Early_blight:::80.0,verified_group,698badd86bb66ba6f506cb12,eligible_verified_subset
fb143bb809e4deea1d21f9cd,early_blight/5f96c793-8015-458b-b3fe-7e718b673b1b___RS_Erly.B 7813.JPG,early_blight,PlantVillage:Tomato___Early_blight:::143.0,verified_group,fb143bb809e4deea1d21f9cd,eligible_verified_subset
1a501785081e2b4c96cea69f,early_blight/5fc7639c-d04d-40bc-bbd3-68bf11183ed9___RS_Erly.B 7745.JPG,early_blight,PlantVillage:Tomato___Early_blight:::126.0,verified_group,3d9325c4ef07b31cae4a2621,eligible_verified_subset
fa83ee4b75900b3e26369048,early_blight/5fdc3c4f-b88a-4aef-8a56-87336f220ff4___RS_Erly.B 6376.JPG,early_blight,PlantVillage:Tomato___Early_blight:::8.0,verified_group,c2ad74ff2b133c3f210c0695,eligible_verified_subset
5a0e3ea95ffc4f04c9ffac3e,early_blight/5fef7edb-3b8a-4f74-b980-493366ead004___RS_Erly.B 6476.JPG,early_blight,PlantVillage:Tomato___Early_blight:::26.0,verified_group,3abebac7be5f9397a5120a46,eligible_verified_subset
58591034b80bc67f254d1621,early_blight/6021f415-8463-41eb-ad4c-4033f7d16798___RS_Erly.B 7710.JPG,early_blight,PlantVillage:Tomato___Early_blight:::118.0,verified_group,d31dfcdfee913a68ffb66cea,eligible_verified_subset
b44b2e6d29a8bb857ddbc5bd,early_blight/603c6233-8cc0-4bb7-97f3-0e5db1614c63___RS_Erly.B 9398.JPG,early_blight,PlantVillage:Tomato___Early_blight:::195.0,verified_group,0f5e7ccb33b532af3097a30d,eligible_verified_subset
904ff6cfa9750304dbdd61f7,early_blight/6043e8e3-0ab2-4b30-b125-e2a26123b487___RS_Erly.B 8307.JPG,early_blight,PlantVillage:Tomato___Early_blight:::169.0,verified_group,ebdc5ee7a168f02c879eb36a,eligible_verified_subset
13dc78c2c1e09ec3e1b0c61a,early_blight/605ce000-1122-45ae-8742-93a7de8c712c___RS_Erly.B 7627.JPG,early_blight,PlantVillage:Tomato___Early_blight:::97.0,verified_group,f2b8445a00213797025069a8,eligible_verified_subset
3f27bec3a0d4950175e3602b,early_blight/605e0af6-415f-4e25-8f0d-a8f36371732b___RS_Erly.B 7827.JPG,early_blight,PlantVillage:Tomato___Early_blight:::147.0,verified_group,a1521470379565745999a891,eligible_verified_subset
d48fa84570e13383460716f7,early_blight/60b089ee-97ea-4df8-bb95-cd8c2094b24e___RS_Erly.B 9426.JPG,early_blight,PlantVillage:Tomato___Early_blight:::202.0,verified_group,d467b51fd2f0f727be50f449,eligible_verified_subset
5249b0eee59d14b1a6621075,early_blight/61047d59-d93a-4133-92ab-4f2481fa6bed___RS_Erly.B 9533.JPG,early_blight,PlantVillage:Tomato___Early_blight:::228.0,verified_group,e1be082a72c57fee91aa091e,eligible_verified_subset
f69824c81a01a53dd906a3c0,early_blight/611a3c58-8a99-401e-9745-592b55bddb85___RS_Erly.B 7679.JPG,early_blight,PlantVillage:Tomato___Early_blight:::110.0,verified_group,f69824c81a01a53dd906a3c0,eligible_verified_subset
0936a6ca65df84192a9544ae,early_blight/618b7af9-69ff-4a97-a738-984fec04f25b___RS_Erly.B 7527.JPG,early_blight,PlantVillage:Tomato___Early_blight:::72.0,verified_group,28f92ff8444e06c28c281980,eligible_verified_subset
7c996a24353b0eb41cf636e1,early_blight/61f57acc-088f-45e0-b0b5-860120082ae9___RS_Erly.B 7388.JPG,early_blight,PlantVillage:Tomato___Early_blight:::40.0,verified_group,a2ab01163ee6f82dcb444384,eligible_verified_subset
4a0556d021ce67338e57a353,early_blight/620df2cc-834d-48b9-b9a8-11da26395739___RS_Erly.B 9557.JPG,early_blight,PlantVillage:Tomato___Early_blight:::234.0,verified_group,4a0556d021ce67338e57a353,eligible_verified_subset
65b68d923ef3195325151aa5,early_blight/62394305-3fca-4782-ad4a-b5670fcfac61___RS_Erly.B 7395.JPG,early_blight,PlantVillage:Tomato___Early_blight:::42.0,verified_group,e3681164fbbf607df75e7cee,eligible_verified_subset
5967bfeca69b5881b34e0acb,early_blight/62b8d81a-906b-4885-8b2d-e317d7bdd705___RS_Erly.B 7832.JPG,early_blight,PlantVillage:Tomato___Early_blight:::148.0,verified_group,90ed3ead5030bce1091b4a0e,eligible_verified_subset
0ead357cf176e92b50350cf1,early_blight/62ce29f9-81ea-4616-8562-22a5830b3286___RS_Erly.B 7436.JPG,early_blight,PlantVillage:Tomato___Early_blight:::52.0,verified_group,259d5bdc9a8674bc0df70199,eligible_verified_subset
fd8035027746ecdf3d40a693,early_blight/630ad26e-4c4e-4cfa-aa4c-75b54b5e6395___RS_Erly.B 7658.JPG,early_blight,PlantVillage:Tomato___Early_blight:::105.0,verified_group,eebd5a503dfb88fc56b71027,eligible_verified_subset
ff0a99f904180b14372d4f4a,early_blight/6376d980-2b10-4990-a58d-ca0e7dfc6af3___RS_Erly.B 8215.JPG,early_blight,PlantVillage:Tomato___Early_blight:::157.0,verified_group,9b7c0fb78b0b90bcc10a61f5,eligible_verified_subset
6aad593f0192fce8fa2be94b,early_blight/647ccba0-4f5e-4c64-a7ea-a34c8a39a439___RS_Erly.B 7355.JPG,early_blight,PlantVillage:Tomato___Early_blight:::33.0,verified_group,6aad593f0192fce8fa2be94b,eligible_verified_subset
ad137d7456110f79cd9d8219,early_blight/6485f47f-79cf-455f-9d6c-dbb04ddb580f___RS_Erly.B 7576.JPG,early_blight,PlantVillage:Tomato___Early_blight:::84.0,verified_group,7887b8a8e61ceb04531dc36d,eligible_verified_subset
16404f91a2a6e3a965f7b836,early_blight/64d0749a-a83f-41da-a321-b03d61167454___RS_Erly.B 7846.JPG,early_blight,PlantVillage:Tomato___Early_blight:::152.0,verified_group,16404f91a2a6e3a965f7b836,eligible_verified_subset
e592217c259e87f260f46486,early_blight/64e682a8-ff23-4b50-a656-72b090f5b43a___RS_Erly.B 9478.JPG,early_blight,PlantVillage:Tomato___Early_blight:::215.0,verified_group,de28e51e8dd771e52ff853a9,eligible_verified_subset
0a777d1dca049a4651ee5ac6,early_blight/64ef53fa-26cc-4734-8a94-6f83a108817f___RS_Erly.B 6348.JPG,early_blight,PlantVillage:Tomato___Early_blight:::4.0,verified_group,456d7294c5e4875cd5b7ccd2,eligible_verified_subset
632879b12715d00bd287f629,early_blight/64fade29-cabf-4ec2-a5cf-8c7aeca19eea___RS_Erly.B 6427.JPG,early_blight,PlantVillage:Tomato___Early_blight:::17.0,verified_group,8ac8394cdbd7838bd0771c40,eligible_verified_subset
91c13d9c1a5b1284ba819edc,early_blight/64fd8cac-b985-45c1-9a5d-5f2f49381047___RS_Erly.B 9494.JPG,early_blight,PlantVillage:Tomato___Early_blight:::219.0,verified_group,440b8a1aeb2371d76d57b7eb,eligible_verified_subset
ef033740df695d92ccd13c05,early_blight/654d7c11-664e-47c0-a6aa-c5c45a07e386___RS_Erly.B 7799.JPG,early_blight,PlantVillage:Tomato___Early_blight:::140.0,verified_group,ef033740df695d92ccd13c05,eligible_verified_subset
1617abf6eeaa3b73fd95f526,early_blight/65568918-2d9c-4f0c-aa9d-3f4fa8b9a60c___RS_Erly.B 7354.JPG,early_blight,PlantVillage:Tomato___Early_blight:::33.0,verified_group,6aad593f0192fce8fa2be94b,eligible_verified_subset
30106f7d5f8f5bb1d3541071,early_blight/65579d4a-eb54-47cb-a8f7-d886971c8c63___RS_Erly.B 7475.JPG,early_blight,PlantVillage:Tomato___Early_blight:::60.0,verified_group,0e21d439c6617c50889d19d3,eligible_verified_subset
a4c16c45c5107d242511ba22,early_blight/65590648-dcda-4455-b1ca-9311e4e6d0af___RS_Erly.B 7659.JPG,early_blight,PlantVillage:Tomato___Early_blight:::105.0,verified_group,eebd5a503dfb88fc56b71027,eligible_verified_subset
12b33da9eefb27f6b3425f0a,early_blight/65bc0e3e-39a0-4fde-a9b3-65d2dd7dd63e___RS_Erly.B 7485.JPG,early_blight,PlantVillage:Tomato___Early_blight:::63.0,verified_group,12b33da9eefb27f6b3425f0a,eligible_verified_subset
839b3fc27ae06d72792a2a2f,early_blight/65bcbda1-eee5-4bab-ab07-128c2a2f8ed4___RS_Erly.B 7461.JPG,early_blight,PlantVillage:Tomato___Early_blight:::57.0,verified_group,681444fa3ab908e17949a363,eligible_verified_subset
2144b7b7589a6a7d00c52498,early_blight/65e02ee3-6760-4416-b1a5-9556bea43d0b___RS_Erly.B 7772.JPG,early_blight,PlantVillage:Tomato___Early_blight:::133.0,verified_group,229429598229015aa01b4613,eligible_verified_subset
a1c5523600fad107e122bfee,early_blight/66779f6e-2eb3-4bd5-82c1-e00bab5b3b9b___RS_Erly.B 7374.JPG,early_blight,PlantVillage:Tomato___Early_blight:::38.0,verified_group,9219745f49f9c64e80923997,eligible_verified_subset
9dc3093d674d9bd017824cf0,early_blight/669eda4d-aa2e-4d84-9146-c96b047eb70e___RS_Erly.B 6369.JPG,early_blight,PlantVillage:Tomato___Early_blight:::7.0,verified_group,9d87401a5f5e0a098b495a78,eligible_verified_subset
92f0db91e887bceb4f5d0ca2,early_blight/66c98dd1-2790-4977-91ee-1b10ca8c687b___RS_Erly.B 8418.JPG,early_blight,PlantVillage:Tomato___Early_blight:::183.0,verified_group,b4f12ef84bfa32b7ec5e13f9,eligible_verified_subset
a397f774c808b54612565943,early_blight/66eef337-720e-4166-a1d0-a9d3ce7f96f3___RS_Erly.B 6422.JPG,early_blight,PlantVillage:Tomato___Early_blight:::16.0,verified_group,0207d351e4b0945336afbca0,eligible_verified_subset
820e5c4a522115e44f36bc60,early_blight/671586ac-ff93-4825-b6a5-4b7bc7cbbff2___RS_Erly.B 9531.JPG,early_blight,PlantVillage:Tomato___Early_blight:::228.0,verified_group,e1be082a72c57fee91aa091e,eligible_verified_subset
187dd0b1a031e38dd88266cb,early_blight/676eb874-87e8-4f5d-bd38-013799c31996___RS_Erly.B 6458.JPG,early_blight,PlantVillage:Tomato___Early_blight:::22.0,verified_group,dafb5a4f3e85d1f2b3a5cc5f,eligible_verified_subset
7bebc3e6c9bc04bd59905f86,early_blight/6797ee0c-20a8-4a39-ab57-f65eb9c57885___RS_Erly.B 7647.JPG,early_blight,PlantVillage:Tomato___Early_blight:::102.0,verified_group,8326186c91f8aa8e7209f87a,eligible_verified_subset
d4bcc1b02363aa52310244a5,early_blight/680b86dc-14e0-4668-95c8-776193015146___RS_Erly.B 7854.JPG,early_blight,PlantVillage:Tomato___Early_blight:::154.0,verified_group,7f409a285b70df3436caada9,eligible_verified_subset
ec65f0232344e2b90b4b9141,early_blight/6873f362-d13b-41f7-a44d-da51875e46f1___RS_Erly.B 9436.JPG,early_blight,PlantVillage:Tomato___Early_blight:::205.0,verified_group,ec65f0232344e2b90b4b9141,eligible_verified_subset
d8d94e7dfdd5c9d076068108,early_blight/68d12608-22a0-4b11-ab99-37cb4cd6fdce___RS_Erly.B 6392.JPG,early_blight,PlantVillage:Tomato___Early_blight:::11.0,verified_group,d8d94e7dfdd5c9d076068108,eligible_verified_subset
0a7aab6d8ec18fc208308433,early_blight/68d40fcc-8554-4973-9abc-27fc1928cc9c___RS_Erly.B 7595.JPG,early_blight,PlantVillage:Tomato___Early_blight:::89.0,verified_group,135e8e0720b5959186e0e72c,eligible_verified_subset
46c23cc0ead80da1411719f4,early_blight/68f9f67d-e84a-4551-871c-7b56aab9defc___RS_Erly.B 7693.JPG,early_blight,PlantVillage:Tomato___Early_blight:::114.0,verified_group,46c23cc0ead80da1411719f4,eligible_verified_subset
3606460bbecf29e2ccc7f852,early_blight/69e0581c-14a5-42d8-ad48-4f689d05632f___RS_Erly.B 6432.JPG,early_blight,PlantVillage:Tomato___Early_blight:::18.0,verified_group,d3b24e4a7d8ccaa340d90926,eligible_verified_subset
b6129a9d510becb0214da275,early_blight/69eba018-9404-4e15-ad5f-75830ea4cbc9___RS_Erly.B 7691.JPG,early_blight,PlantVillage:Tomato___Early_blight:::113.0,verified_group,b6129a9d510becb0214da275,eligible_verified_subset
cd509366a033715c910772b9,early_blight/69ec13bc-48bf-4a91-adc0-acb4386979ac___RS_Erly.B 7732.JPG,early_blight,PlantVillage:Tomato___Early_blight:::123.0,verified_group,62581416d774c4d686a9acb0,eligible_verified_subset
ccdcfaa9336e52c89f5c5584,early_blight/6a6f1594-62fa-487a-a51f-38b86e7483cf___RS_Erly.B 6360.JPG,early_blight,PlantVillage:Tomato___Early_blight:::6.0,verified_group,ba0976be89e3bfca500ec578,eligible_verified_subset
367414cb9975fca8db72b219,early_blight/6b52f204-547d-47aa-926c-b9508a5e6cbc___RS_Erly.B 7434.JPG,early_blight,PlantVillage:Tomato___Early_blight:::52.0,verified_group,259d5bdc9a8674bc0df70199,eligible_verified_subset
61671dbd10ed7623b05d9fb6,early_blight/6b9b4ddb-9ac0-4da5-9176-24c325bd6037___RS_Erly.B 7392.JPG,early_blight,PlantVillage:Tomato___Early_blight:::41.0,verified_group,5d53d5fc4332837d3d2abb3b,eligible_verified_subset
bf336797c21b44172bff80ce,early_blight/6c124f22-619b-44fc-a3d1-231286d4bfda___RS_Erly.B 6403.JPG,early_blight,PlantVillage:Tomato___Early_blight:::13.0,verified_group,310a59b25236832daf70ca7c,eligible_verified_subset
2108259e31efe55f4619e87d,early_blight/6c3feee9-23a8-46c4-8ded-5b0ef2e49ff5___RS_Erly.B 9370.JPG,early_blight,PlantVillage:Tomato___Early_blight:::188.0,verified_group,52d6f6547c92897f69e459db,eligible_verified_subset
4661f5031d9e11f8baacf975,early_blight/6c5baf51-ae97-41dd-9728-1995177e3b6a___RS_Erly.B 7723.JPG,early_blight,PlantVillage:Tomato___Early_blight:::121.0,verified_group,60fc33f14211301e1d15d80b,eligible_verified_subset
c07291a61c0f5810cb205b16,early_blight/6ccc0cdb-d420-4bc6-9a1a-d195a0521c19___RS_Erly.B 9437.JPG,early_blight,PlantVillage:Tomato___Early_blight:::205.0,verified_group,ec65f0232344e2b90b4b9141,eligible_verified_subset
ba6bd83b02d681e80537e1e0,early_blight/6cd7bfa5-f336-4227-b8cf-3461dedc3b43___RS_Erly.B 7346.JPG,early_blight,PlantVillage:Tomato___Early_blight:::31.0,verified_group,e352d5f089b5d4eb1eaeed6e,eligible_verified_subset
6eef9eb67ef3927b3ea77176,early_blight/6ceca8a9-a257-4238-a779-bdb0dccc528e___RS_Erly.B 7604.JPG,early_blight,PlantVillage:Tomato___Early_blight:::91.0,verified_group,6eef9eb67ef3927b3ea77176,eligible_verified_subset
39e1d61aa05051fa7fa65a8d,early_blight/6e673a0a-ad79-489d-bd0a-d96479fd81b5___RS_Erly.B 7441.JPG,early_blight,PlantVillage:Tomato___Early_blight:::53.0,verified_group,70bdd130a63276a5955024f5,eligible_verified_subset
136efeee1a43186f85bd53f0,early_blight/6efab540-3bb1-47fd-b55f-ed447305f500___RS_Erly.B 7397.JPG,early_blight,PlantVillage:Tomato___Early_blight:::42.0,verified_group,e3681164fbbf607df75e7cee,eligible_verified_subset
af875d95b46aa5f2a8a0be53,early_blight/6f8046e5-2fc8-4243-a887-b4e99d16397d___RS_Erly.B 6471.JPG,early_blight,PlantVillage:Tomato___Early_blight:::25.0,verified_group,c33c7b8b60d68f9d025afd98,eligible_verified_subset
3e41254dfe802f39ed73757e,early_blight/6f8ac19d-d97f-47ee-8ad4-bb53ab7984a0___RS_Erly.B 7786.JPG,early_blight,PlantVillage:Tomato___Early_blight:::137.0,verified_group,dbbca542a58a9d3f3b0044c9,eligible_verified_subset
6c3b23ee41b07497aad17f8e,early_blight/6fbefe16-4635-4a03-b245-65594ded39cf___RS_Erly.B 7654.JPG,early_blight,PlantVillage:Tomato___Early_blight:::104.0,verified_group,3b37829568e64fe4acbc4f2c,eligible_verified_subset
a685c0d307b11880b425f849,early_blight/70d0d259-85a6-4be5-8d47-dba059c5c259___RS_Erly.B 7539.JPG,early_blight,PlantVillage:Tomato___Early_blight:::75.0,verified_group,a685c0d307b11880b425f849,eligible_verified_subset
f448cd2e0e22928c40eb60f9,early_blight/70de9ac6-f90f-441f-a51f-217f55213234___RS_Erly.B 9568.JPG,early_blight,PlantVillage:Tomato___Early_blight:::237.0,verified_group,25a29998ff6fa3968eef3160,eligible_verified_subset
947fd69601ae7948966eefda,early_blight/70ef2f0f-3070-443d-b94f-983b87b41791___RS_Erly.B 9385.JPG,early_blight,PlantVillage:Tomato___Early_blight:::192.0,verified_group,947fd69601ae7948966eefda,eligible_verified_subset
5f4437c35080233072a7f94e,early_blight/70ef7eee-0584-44fc-9c5d-95b504554266___RS_Erly.B 7709.JPG,early_blight,PlantVillage:Tomato___Early_blight:::117.0,verified_group,a9f21334179b847316ae417b,eligible_verified_subset
809134d915638db9c29ba896,early_blight/71eb9b0a-a7ea-47a0-8108-71949d74e22d___RS_Erly.B 7557.JPG,early_blight,PlantVillage:Tomato___Early_blight:::80.0,verified_group,698badd86bb66ba6f506cb12,eligible_verified_subset
0973bc774621242eec4feb81,early_blight/71ec70cc-dfa7-4798-8970-80edfa6435f2___RS_Erly.B 7484.JPG,early_blight,PlantVillage:Tomato___Early_blight:::63.0,verified_group,12b33da9eefb27f6b3425f0a,eligible_verified_subset
17d364119b34dd9641a624ee,early_blight/72c6a88e-87d8-45cb-8001-3dd67f90d46c___RS_Erly.B 8245.JPG,early_blight,PlantVillage:Tomato___Early_blight:::161.0,verified_group,9dd33b950a0a33c2ebd9df5e,eligible_verified_subset
d13c302ff1a07473030b9afb,early_blight/72e0c27a-891e-4864-a473-c44d578ad2ed___RS_Erly.B 7622.JPG,early_blight,PlantVillage:Tomato___Early_blight:::96.0,verified_group,8209d936036c11851b7b9cef,eligible_verified_subset
663aa1531d463d8c805e022c,early_blight/73bbd57a-8733-4b2a-a38d-f304ea890c62___RS_Erly.B 9548.JPG,early_blight,PlantVillage:Tomato___Early_blight:::232.0,verified_group,5b408bdad6f6b310b264ab14,eligible_verified_subset
53a3d8563d0656092bd5b416,early_blight/73cf82cf-a099-4243-a7a6-b06c79eedb65___RS_Erly.B 7412.JPG,early_blight,PlantVillage:Tomato___Early_blight:::46.0,verified_group,6b25d72e3237d0a352c8e427,eligible_verified_subset
af9a12eb5906184a3d0cc9ea,early_blight/73f4d791-745e-49b8-82d8-e29b24ddd0e5___RS_Erly.B 7593.JPG,early_blight,PlantVillage:Tomato___Early_blight:::89.0,verified_group,135e8e0720b5959186e0e72c,eligible_verified_subset
096a03a7657ce7e5ab36143b,early_blight/74354e66-6888-4fac-8984-b8f887df2d86___RS_Erly.B 7578.JPG,early_blight,PlantVillage:Tomato___Early_blight:::85.0,verified_group,d8f7cc044d0fc0c663907516,eligible_verified_subset
2935433204392bca365593cc,early_blight/748ed7a9-9044-49d2-943d-8c82a1763c55___RS_Erly.B 8230.JPG,early_blight,PlantVillage:Tomato___Early_blight:::159.0,verified_group,bf8d3e8ae76a16ac07818d01,eligible_verified_subset
f2010f44e72ca909736e9016,early_blight/74b3c6cf-a35b-481b-aa22-7483a52bff76___RS_Erly.B 7792.JPG,early_blight,PlantVillage:Tomato___Early_blight:::138.0,verified_group,f2010f44e72ca909736e9016,eligible_verified_subset
5ab529d824aa8bcbffcedad0,early_blight/74c0d66d-a12d-4b9d-9f24-e283b8273a7e___RS_Erly.B 8302.JPG,early_blight,PlantVillage:Tomato___Early_blight:::168.0,verified_group,7d3891aa97da44646f58093c,eligible_verified_subset
c6b734b687793db43216df0f,early_blight/74c531fc-c39c-429c-b285-909272c4238b___RS_Erly.B 9550.JPG,early_blight,PlantVillage:Tomato___Early_blight:::233.0,verified_group,84b935dd43db9b1b35408176,eligible_verified_subset
ebc93b5bc3236072f55f8359,early_blight/75128610-8633-4000-8f74-17b6cff222d7___RS_Erly.B 6341.JPG,early_blight,fallback:ebc93b5bc3236072f55f8359,fallback_group,ebc93b5bc3236072f55f8359,exclude_unresolved_component
a025736992ad23152aa8e51b,early_blight/752de1b6-d4be-4741-9812-3681c6bd4b40___RS_Erly.B 8308.JPG,early_blight,PlantVillage:Tomato___Early_blight:::169.0,verified_group,ebdc5ee7a168f02c879eb36a,eligible_verified_subset
e9a4d00399dea6e3d1541893,early_blight/757b49d0-db8e-4352-820a-9f0bdb7d2657___RS_Erly.B 7748.JPG,early_blight,PlantVillage:Tomato___Early_blight:::127.0,verified_group,e9a4d00399dea6e3d1541893,eligible_verified_subset
507521b60fbf002a6d224d1e,early_blight/7621d943-ed1a-4ffb-8fa4-8c12d50424de___RS_Erly.B 8322.JPG,early_blight,PlantVillage:Tomato___Early_blight:::171.0,verified_group,507521b60fbf002a6d224d1e,eligible_verified_subset
f4c87f0022442a20dd5b584c,early_blight/762585ed-e09c-43c8-8297-8b6ef503ecb0___RS_Erly.B 7420.JPG,early_blight,PlantVillage:Tomato___Early_blight:::48.0,verified_group,48117e7937d3a11593d9ca79,eligible_verified_subset
5e714f5a5b578b16564e4680,early_blight/765d8e2a-ebad-4fd5-a968-a9d21986268d___RS_Erly.B 6481.JPG,early_blight,PlantVillage:Tomato___Early_blight:::27.0,verified_group,700cbc1e31fc68b12aa80072,eligible_verified_subset
7d14d4bfd86c2b7022f22a1b,early_blight/76b0d46d-8e2b-463b-8cba-eaeee6dc1851___RS_Erly.B 9527.JPG,early_blight,PlantVillage:Tomato___Early_blight:::227.0,verified_group,5ce887992acd990b6fb36e6e,eligible_verified_subset
4f55ff337fe67beaabadacd7,early_blight/76e4e737-6526-4007-923f-5b6c1e9951ed___RS_Erly.B 7759.JPG,early_blight,PlantVillage:Tomato___Early_blight:::130.0,verified_group,d8a6749da16e47b4c4762c66,eligible_verified_subset
310d9620bffb2f546f38a39e,early_blight/7763d482-8290-46f4-83aa-edb87ae15297___RS_Erly.B 7766.JPG,early_blight,PlantVillage:Tomato___Early_blight:::132.0,verified_group,d576e5dcc11feae1916ea5b7,eligible_verified_subset
9cf17698ca185885ab6a873f,early_blight/77ac0ab9-bc81-4de6-8f4d-72d15974d227___RS_Erly.B 7773.JPG,early_blight,PlantVillage:Tomato___Early_blight:::133.0,verified_group,229429598229015aa01b4613,eligible_verified_subset
9da3a8ca6bf046d9ce6e2fee,early_blight/77b824b4-8d93-44cf-8e8d-b6433fea90b7___RS_Erly.B 6459.JPG,early_blight,PlantVillage:Tomato___Early_blight:::23.0,verified_group,28ce8b460a0804828598ed05,eligible_verified_subset
e2a1d1796aecdcb2a9b86cec,early_blight/77bd1b85-eaed-41f8-97b0-d6e91b6f953d___RS_Erly.B 8212.JPG,early_blight,PlantVillage:Tomato___Early_blight:::157.0,verified_group,9b7c0fb78b0b90bcc10a61f5,eligible_verified_subset
fb5abf8e2c462966a7fe8d77,early_blight/77c9e1e4-286a-4ae0-aa62-87f99781a6fa___RS_Erly.B 7864.JPG,early_blight,PlantVillage:Tomato___Early_blight:::156.0,verified_group,4b49539df58b0a38272f57f4,eligible_verified_subset
4e2bc1cad37b1ec23bcc0c38,early_blight/7828bbde-4f60-441e-be89-6cedd12f1c1c___RS_Erly.B 7830.JPG,early_blight,PlantVillage:Tomato___Early_blight:::148.0,verified_group,90ed3ead5030bce1091b4a0e,eligible_verified_subset
3ddbf8e1fc33bb27f6195222,early_blight/784f629e-77a3-4d3b-b83c-9ef67b646234___RS_Erly.B 7371.JPG,early_blight,PlantVillage:Tomato___Early_blight:::37.0,verified_group,725b90446994e477cff4f9b8,eligible_verified_subset
341084d51c7b78e99c68378d,early_blight/7984dac1-acc8-466a-bbee-7377ea702462___RS_Erly.B 8386.JPG,early_blight,PlantVillage:Tomato___Early_blight:::179.0,verified_group,246d6e2751cf7e82e3d62763,eligible_verified_subset
22546507a5cb8f67515a9e02,early_blight/79b737a7-eca5-4eb9-b30e-dd3e85640e55___RS_Erly.B 9492.JPG,early_blight,PlantVillage:Tomato___Early_blight:::218.0,verified_group,ebfed9bfd7f55fbd1c3fc798,eligible_verified_subset
8e3f1eb8691b8ae7b13b245d,early_blight/79c34498-d83f-4afd-a339-074b4dbb20bd___RS_Erly.B 8450.JPG,early_blight,PlantVillage:Tomato___Early_blight:::187.0,verified_group,1b68cb74c97c285cd444a805,eligible_verified_subset
eedabe377dd30d92e5e898d7,early_blight/7a255c73-1a41-47f8-8705-dee13a9a5827___RS_Erly.B 9399.JPG,early_blight,PlantVillage:Tomato___Early_blight:::196.0,verified_group,af863c6599d8e8f1c2a631e4,eligible_verified_subset
07c66f91315420c654b52218,early_blight/7a259d3d-cca4-4041-88ec-d3140cd96f25___RS_Erly.B 7415.JPG,early_blight,PlantVillage:Tomato___Early_blight:::47.0,verified_group,345a1e376c81c9916bcfad23,eligible_verified_subset
c6c88e3a718c9b10fa7e3eb9,early_blight/7a5ff9e1-b55d-490c-ac89-8b5003e407d9___RS_Erly.B 8231.JPG,early_blight,PlantVillage:Tomato___Early_blight:::160.0,verified_group,45ec483f6c5c25041b843f2d,eligible_verified_subset
f4b8adf0a8519a6dc19f2ae7,early_blight/7b085d56-6867-4946-8208-5823afeba034___RS_Erly.B 7384.JPG,early_blight,PlantVillage:Tomato___Early_blight:::39.0,verified_group,a42a4df6670ac8fa61cf063f,eligible_verified_subset
1908c304eb54401776d77c9c,early_blight/7b2a8123-3905-48d9-be99-b5e749b5ba45___RS_Erly.B 6472.JPG,early_blight,PlantVillage:Tomato___Early_blight:::25.0,verified_group,c33c7b8b60d68f9d025afd98,eligible_verified_subset
74f673d9f752e41b10abc288,early_blight/7b32caa4-0d67-4b84-a1bf-cf9dffd7ffe5___RS_Erly.B 6405.JPG,early_blight,PlantVillage:Tomato___Early_blight:::13.0,verified_group,310a59b25236832daf70ca7c,eligible_verified_subset
dc35f7d283a7c7dbc128d9d0,early_blight/7b377a4c-886c-46c5-8a57-a636cc47c9a8___RS_Erly.B 6475.JPG,early_blight,PlantVillage:Tomato___Early_blight:::25.0,verified_group,c33c7b8b60d68f9d025afd98,eligible_verified_subset
6d05369ee62f7f2dbc7831ac,early_blight/7b4b71f7-ba45-45b8-80c4-a80ae73b9d0f___RS_Erly.B 7611.JPG,early_blight,PlantVillage:Tomato___Early_blight:::93.0,verified_group,8413ff547a3fe01ec7efd1da,eligible_verified_subset
79c1a3f62122b70ab0ca2930,early_blight/7b7780c0-f1b2-4095-924c-f3d7777b427e___RS_Erly.B 9613.JPG,early_blight,PlantVillage:Tomato___Early_blight:::248.0,verified_group,730e37b88ac043fca7ce8fcd,eligible_verified_subset
9db4b805eb2f4111418a8221,early_blight/7b962f23-1e0e-4c28-b741-d21c51ab6d4b___RS_Erly.B 7835.JPG,early_blight,PlantVillage:Tomato___Early_blight:::149.0,verified_group,9ee6110824d1942a23a71d7d,eligible_verified_subset
577a96eaab340e55f427165f,early_blight/7bab9b53-f608-4f3f-8325-d730d846b3d9___RS_Erly.B 7695.JPG,early_blight,PlantVillage:Tomato___Early_blight:::114.0,verified_group,46c23cc0ead80da1411719f4,eligible_verified_subset
e02eeb58ea4c50d6c537f58e,early_blight/7bd63940-1890-4263-8c8c-e0c743bb51ce___RS_Erly.B 9487.JPG,early_blight,PlantVillage:Tomato___Early_blight:::217.0,verified_group,e02eeb58ea4c50d6c537f58e,eligible_verified_subset
dbda6421cc10b2015645cd00,early_blight/7c1dc810-54ee-4442-86d5-6994d4736d92___RS_Erly.B 6430.JPG,early_blight,PlantVillage:Tomato___Early_blight:::18.0,verified_group,d3b24e4a7d8ccaa340d90926,eligible_verified_subset
485700ec03223004f51a2d51,early_blight/7c4ba770-64bf-4cd5-82ea-c5e2a16d81f3___RS_Erly.B 9556.JPG,early_blight,PlantVillage:Tomato___Early_blight:::234.0,verified_group,4a0556d021ce67338e57a353,eligible_verified_subset
7ec7e891162d93fe0b30f33c,early_blight/7c691a49-8a56-49d2-856f-6c20c34e257b___RS_Erly.B 9586.JPG,early_blight,PlantVillage:Tomato___Early_blight:::242.0,verified_group,7ec7e891162d93fe0b30f33c,eligible_verified_subset
7eecf4573c403caa601733c2,early_blight/7cd27862-7a89-4ffc-bc08-7dfbb24f76d9___RS_Erly.B 7560.JPG,early_blight,PlantVillage:Tomato___Early_blight:::80.0,verified_group,698badd86bb66ba6f506cb12,eligible_verified_subset
82ae9e5e60917e246809247d,early_blight/7d8a95e9-ea83-44f4-9f7c-ad4692b1ce1f___RS_Erly.B 7534.JPG,early_blight,PlantVillage:Tomato___Early_blight:::74.0,verified_group,50f82c76d7419c49648f7d3a,eligible_verified_subset
334f996587bd809bf13dd03c,early_blight/7dc08826-98ed-4885-abfe-85beedbd8cab___RS_Erly.B 9498.JPG,early_blight,PlantVillage:Tomato___Early_blight:::220.0,verified_group,1cce7c911c3306d4941358fb,eligible_verified_subset
f38f7e64093000e343cd80e0,early_blight/7de91b8f-80f1-41bc-af89-2cf58a89276b___RS_Erly.B 7805.JPG,early_blight,PlantVillage:Tomato___Early_blight:::141.0,verified_group,15bddcc0d6166a6027eaac29,eligible_verified_subset
e923e60444979ed00a2f87ed,early_blight/7e236dc3-40e2-4ff9-8356-4fb7a3fcc0ff___RS_Erly.B 6426.JPG,early_blight,PlantVillage:Tomato___Early_blight:::17.0,verified_group,8ac8394cdbd7838bd0771c40,eligible_verified_subset
64dc10892a45473ea3ef0d8d,early_blight/7ea52c28-a4c6-4e12-a4d2-59fbb1c441d8___RS_Erly.B 7747.JPG,early_blight,PlantVillage:Tomato___Early_blight:::127.0,verified_group,e9a4d00399dea6e3d1541893,eligible_verified_subset
3240f10d3de3d942c2ce76d3,early_blight/7ecb4521-70ac-4f49-ab74-2678cc4eab2a___RS_Erly.B 7690.JPG,early_blight,PlantVillage:Tomato___Early_blight:::113.0,verified_group,b6129a9d510becb0214da275,eligible_verified_subset
1155315943c52ae44b32b7d8,early_blight/7fe26a53-b4d8-4069-bb0a-1c6d19cbc4e1___RS_Erly.B 7810.JPG,early_blight,PlantVillage:Tomato___Early_blight:::143.0,verified_group,fb143bb809e4deea1d21f9cd,eligible_verified_subset
ce8b2cd968d4834249880a66,early_blight/801083ae-26f9-4a9a-9e9a-f73fb18b67e5___RS_Erly.B 7363.JPG,early_blight,PlantVillage:Tomato___Early_blight:::35.0,verified_group,90c2ed8204042c30792cf476,eligible_verified_subset
fd8207984fe2c28b0c7d42a8,early_blight/801a593c-82f7-4433-8c30-9defa319bdb7___RS_Erly.B 9609.JPG,early_blight,PlantVillage:Tomato___Early_blight:::247.0,verified_group,62c74e6934c39cc23419d10b,eligible_verified_subset
ee5daaaa2caf6b5b9f7f4e92,early_blight/8039671d-c264-49aa-bfbc-81fabe24b007___RS_Erly.B 9397.JPG,early_blight,PlantVillage:Tomato___Early_blight:::195.0,verified_group,0f5e7ccb33b532af3097a30d,eligible_verified_subset
8c104bd2121b5edf92effacc,early_blight/803ac166-670f-4cad-9f37-e36eea3118d9___RS_Erly.B 9457.JPG,early_blight,PlantVillage:Tomato___Early_blight:::210.0,verified_group,6bd1bee95979248661f9ec4c,eligible_verified_subset
11928ef97396c992870d50cd,early_blight/809042e0-7587-4a45-93e8-e166c07a55ec___RS_Erly.B 7692.JPG,early_blight,PlantVillage:Tomato___Early_blight:::113.0,verified_group,b6129a9d510becb0214da275,eligible_verified_subset
282635ad822bbc180c171512,early_blight/80c0ed57-74c8-4e02-9cd4-5c29ae099594___RS_Erly.B 6447.JPG,early_blight,PlantVillage:Tomato___Early_blight:::20.0,verified_group,c8dba8782b9e9da18f559aed,eligible_verified_subset
f2c5c7b83bd12a745be98963,early_blight/80c3b18f-a436-47f7-9153-2a24197f6b69___RS_Erly.B 9593.JPG,early_blight,PlantVillage:Tomato___Early_blight:::243.0,verified_group,f2c5c7b83bd12a745be98963,eligible_verified_subset
48a2da03647245f0c582a17f,early_blight/815fb4d0-7902-45a2-a7c7-2ee400a2e25a___RS_Erly.B 7646.JPG,early_blight,PlantVillage:Tomato___Early_blight:::102.0,verified_group,8326186c91f8aa8e7209f87a,eligible_verified_subset
867b4c7e7048082ce315236b,early_blight/81c427f2-5e52-43e2-a000-0a2a973e18f6___RS_Erly.B 7769.JPG,early_blight,PlantVillage:Tomato___Early_blight:::132.0,verified_group,d576e5dcc11feae1916ea5b7,eligible_verified_subset
49943aa988bc5f27989d52ca,early_blight/829d0a5e-326c-4ae6-a3c6-c65297cb5d2f___RS_Erly.B 8338.JPG,early_blight,PlantVillage:Tomato___Early_blight:::173.0,verified_group,ad56f24575df5a9cd4e9d904,eligible_verified_subset
6e78d99eefc3725a1ddcad58,early_blight/82b12772-f0ea-4d47-9e1e-8f03bb1c20c5___RS_Erly.B 7429.JPG,early_blight,PlantVillage:Tomato___Early_blight:::50.0,verified_group,6483ff4d9ef4b5cb35e3ae3d,eligible_verified_subset
4adab029c605dcdf74391bbb,early_blight/8387d34a-777f-457f-82ed-24856d75f0cc___RS_Erly.B 6394.JPG,early_blight,PlantVillage:Tomato___Early_blight:::11.0,verified_group,d8d94e7dfdd5c9d076068108,eligible_verified_subset
3d8ec70ba3c85cf31c7e9190,early_blight/8405be22-ecbb-4cec-a87d-e0d454b9926d___RS_Erly.B 7847.JPG,early_blight,PlantVillage:Tomato___Early_blight:::152.0,verified_group,16404f91a2a6e3a965f7b836,eligible_verified_subset
b84307074881ed9e47c21e77,early_blight/8485290f-ef3b-4011-8ff1-02060013a722___RS_Erly.B 7703.JPG,early_blight,PlantVillage:Tomato___Early_blight:::116.0,verified_group,c0aae06d499d17bd08e9cc88,eligible_verified_subset
0d3567d7a1b25fea51c2b118,early_blight/849f111e-9886-436e-b2ce-060a011cab43___RS_Erly.B 7359.JPG,early_blight,PlantVillage:Tomato___Early_blight:::34.0,verified_group,6c3499b457e78ea2eb4287a3,eligible_verified_subset
47e33575597e047a351d53ea,early_blight/84e8f373-1499-4e1e-afcc-ca5ec48d661c___RS_Erly.B 6440.JPG,early_blight,PlantVillage:Tomato___Early_blight:::19.0,verified_group,54b83feea452445bc4223a17,eligible_verified_subset
a72ac3e7640177d5ddb17793,early_blight/84fe717f-2161-43c2-ad2f-ee2678a31e9f___RS_Erly.B 9416.JPG,early_blight,PlantVillage:Tomato___Early_blight:::200.0,verified_group,cec965aa567c40ea1b141a95,eligible_verified_subset
73c1695a23cea288c3a3f612,early_blight/851570c6-01ac-49e1-a37e-a657ebd46cba___RS_Erly.B 7717.JPG,early_blight,PlantVillage:Tomato___Early_blight:::119.0,verified_group,e8658e229688471b30a985cc,eligible_verified_subset
8d3f96ed895523675da784b5,early_blight/8597694d-3162-40ab-9f5b-e8c7cf03e045___RS_Erly.B 9485.JPG,early_blight,PlantVillage:Tomato___Early_blight:::217.0,verified_group,e02eeb58ea4c50d6c537f58e,eligible_verified_subset
8569ee5bc3ef0d5b32878ed1,early_blight/859a134c-51f7-4294-bd1a-78140d775bca___RS_Erly.B 8327.JPG,early_blight,PlantVillage:Tomato___Early_blight:::171.0,verified_group,507521b60fbf002a6d224d1e,eligible_verified_subset
0c2a50517b0570a278bd0520,early_blight/860f1131-a11c-4e17-aaec-c7b96ba914f0___RS_Erly.B 6669.JPG,early_blight,PlantVillage:Tomato___Early_blight:::30.0,verified_group,0c2a50517b0570a278bd0520,eligible_verified_subset
2038f114bba267dc1654d3b3,early_blight/862c7fa2-1ab0-4bce-9f9b-76cbb4a096e1___RS_Erly.B 7521.JPG,early_blight,PlantVillage:Tomato___Early_blight:::71.0,verified_group,4b858416c0c3576290abbd49,eligible_verified_subset
3c22c0119891ecebe22a6475,early_blight/8647963f-aacb-44f3-82bc-fa749bc65694___RS_Erly.B 6391.JPG,early_blight,PlantVillage:Tomato___Early_blight:::11.0,verified_group,d8d94e7dfdd5c9d076068108,eligible_verified_subset
a93796c2ad7a1fb969dd61ca,early_blight/8714986a-ae97-489a-8259-67411bfa2379___RS_Erly.B 9400.JPG,early_blight,PlantVillage:Tomato___Early_blight:::196.0,verified_group,af863c6599d8e8f1c2a631e4,eligible_verified_subset
d8565dd2f72189f6f2c00263,early_blight/872ec950-8238-4f73-a366-f72f2f92d3fe___RS_Erly.B 7487.JPG,early_blight,PlantVillage:Tomato___Early_blight:::63.0,verified_group,12b33da9eefb27f6b3425f0a,eligible_verified_subset
0e7c76583ec84eb58b9305d6,early_blight/8734e1ef-fb0c-4cdd-aa97-b5a4ea8d6cf5___RS_Erly.B 7804.JPG,early_blight,PlantVillage:Tomato___Early_blight:::141.0,verified_group,15bddcc0d6166a6027eaac29,eligible_verified_subset
d0681ed998d6254937ed3f3c,early_blight/87725f1b-be8c-42b8-8eed-671b0c52276d___RS_Erly.B 7431.JPG,early_blight,PlantVillage:Tomato___Early_blight:::51.0,verified_group,3893483000b9c332cd6e356d,eligible_verified_subset
9697d21902c6becbfd69d583,early_blight/87b7f08f-2ea2-4fce-bd6a-7aeee641652d___RS_Erly.B 8413.JPG,early_blight,PlantVillage:Tomato___Early_blight:::182.0,verified_group,33b4de32592a9003b6cb0b78,eligible_verified_subset
ff2cb008b87ca7d75378a20f,early_blight/87b9735b-4018-4b28-b0b3-422a184a6716___RS_Erly.B 7509.JPG,early_blight,PlantVillage:Tomato___Early_blight:::68.0,verified_group,74a1a26a5935e2d45c2ae498,eligible_verified_subset
dbab6482a18548e4877a975e,early_blight/8824899d-1dce-4729-860b-336d563bc268___RS_Erly.B 7837.JPG,early_blight,PlantVillage:Tomato___Early_blight:::150.0,verified_group,a34ae1cc8028ac6017123740,eligible_verified_subset
9f1fa59583fc687c57adea4c,early_blight/886b8bc5-3690-4939-b5d5-066c7e62019d___RS_Erly.B 9454.JPG,early_blight,PlantVillage:Tomato___Early_blight:::209.0,verified_group,93634c2e6b8f1d5eddda4f8f,eligible_verified_subset
93391877d2b403d33a176c3e,early_blight/893b7469-eb50-4567-9292-dc8f7610c311___RS_Erly.B 6442.JPG,early_blight,PlantVillage:Tomato___Early_blight:::20.0,verified_group,c8dba8782b9e9da18f559aed,eligible_verified_subset
df7eae69fc0926e9e18f77f2,early_blight/89e0c6b5-8812-4a16-92eb-e63401b50051___RS_Erly.B 9589.JPG,early_blight,PlantVillage:Tomato___Early_blight:::242.0,verified_group,7ec7e891162d93fe0b30f33c,eligible_verified_subset
1e70647fbf09c24ee144333c,early_blight/89e7a492-7347-4659-ac0b-2df664ed4c80___RS_Erly.B 8438.JPG,early_blight,PlantVillage:Tomato___Early_blight:::186.0,verified_group,dfdddb5eba085d2adb4c6202,eligible_verified_subset
06ce34438b34cd7f4820be30,early_blight/8a089fe7-9e6a-4db7-b0e8-9792e4abc326___RS_Erly.B 7466.JPG,early_blight,PlantVillage:Tomato___Early_blight:::58.0,verified_group,c22e0453dc9b809e9acd60ef,eligible_verified_subset
2b0149b5a3ea0180eec53016,early_blight/8a13da5b-4bc2-485a-962d-df8c6634ea00___RS_Erly.B 7519.JPG,early_blight,PlantVillage:Tomato___Early_blight:::70.0,verified_group,974860516d0c64f07339233d,eligible_verified_subset
74e32291482385e2c68b04ef,early_blight/8a1d3598-cd1d-4978-9e18-b5e205108540___RS_Erly.B 8315.JPG,early_blight,PlantVillage:Tomato___Early_blight:::170.0,verified_group,067080ae1a1f018ed97485f0,eligible_verified_subset
f597f942e3952c7058ab2d99,early_blight/8ac21e2c-f953-4e96-8d43-e82dae24017e___RS_Erly.B 7459.JPG,early_blight,PlantVillage:Tomato___Early_blight:::56.0,verified_group,f597f942e3952c7058ab2d99,eligible_verified_subset
be3a708fc12723d0634bafbf,early_blight/8b2de2f4-1f12-46a7-ae3c-85fe9bd6ab6e___RS_Erly.B 7574.JPG,early_blight,PlantVillage:Tomato___Early_blight:::84.0,verified_group,7887b8a8e61ceb04531dc36d,eligible_verified_subset
49da16f9aecffe4e4fe53767,early_blight/8b448aba-68ad-461d-a8f4-99c6ccee8fbe___RS_Erly.B 7463.JPG,early_blight,PlantVillage:Tomato___Early_blight:::57.0,verified_group,681444fa3ab908e17949a363,eligible_verified_subset
54608a53f8f52d3c8d708667,early_blight/8b7b2dbe-cb3d-4ab1-a487-7c7d5553b796___RS_Erly.B 7448.JPG,early_blight,PlantVillage:Tomato___Early_blight:::54.0,verified_group,4b48465a321a6cb25f97900b,eligible_verified_subset
ebbea54c240453eb91d51a5d,early_blight/8c757ec5-a977-412f-bf8e-208fefc79063___RS_Erly.B 9504.JPG,early_blight,PlantVillage:Tomato___Early_blight:::221.0,verified_group,ee63e4446a310f2e70d02c49,eligible_verified_subset
8a439956bc318c45ec1295de,early_blight/8c9b351b-520c-46f9-960f-8850386e54ab___RS_Erly.B 7677.JPG,early_blight,PlantVillage:Tomato___Early_blight:::110.0,verified_group,f69824c81a01a53dd906a3c0,eligible_verified_subset
5603f2513a291de42ff5c45b,early_blight/8d4ae220-8a79-4ca0-886c-92e90fc7efb2___RS_Erly.B 7625.JPG,early_blight,PlantVillage:Tomato___Early_blight:::97.0,verified_group,f2b8445a00213797025069a8,eligible_verified_subset
3bd1b7e17eb9384ab06a8745,early_blight/8d70db5b-7916-4397-836d-6a73a2faaead___RS_Erly.B 6330.JPG,early_blight,PlantVillage:Tomato___Early_blight:::1.0,verified_group,f1ea7a0755d3f1cd225eaaf4,eligible_verified_subset
98c5d8d2fe22d86c618250af,early_blight/8e1c8815-49e0-4be6-a3a5-a426ab6b2445___RS_Erly.B 7822.JPG,early_blight,PlantVillage:Tomato___Early_blight:::146.0,verified_group,5e47319d3d8cb10be8083265,eligible_verified_subset
7f5a5f5a84358bcfd12af26a,early_blight/8e4238dc-b4fd-46d0-8892-965e64dad7ab___RS_Erly.B 9404.JPG,early_blight,PlantVillage:Tomato___Early_blight:::197.0,verified_group,7f5a5f5a84358bcfd12af26a,eligible_verified_subset
40358d1fc23f5ea9825633f4,early_blight/8eba4e89-f5bf-45d4-be9b-30dfde83f538___RS_Erly.B 7586.JPG,early_blight,PlantVillage:Tomato___Early_blight:::87.0,verified_group,f2537a9c1606ed2705140aff,eligible_verified_subset
8b80cd687c318625225d90b2,early_blight/8ed69ac4-4692-4154-a484-8a693ff7de64___RS_Erly.B 7775.JPG,early_blight,PlantVillage:Tomato___Early_blight:::134.0,verified_group,3cecb3664ff97f4755c1e598,eligible_verified_subset
63c123fd832168adcb2bdf46,early_blight/8f6562ec-69b1-4d97-85be-844034c98c4d___RS_Erly.B 7569.JPG,early_blight,PlantVillage:Tomato___Early_blight:::83.0,verified_group,96c46eb33bdd3943fbbfb0c9,eligible_verified_subset
e87adf3fa6c02f214de59d01,early_blight/8f709c55-ee65-4bb0-9291-6d5d79033c3f___RS_Erly.B 9603.JPG,early_blight,PlantVillage:Tomato___Early_blight:::246.0,verified_group,74848e8bf714f5507e894518,eligible_verified_subset
02410ae67490f22fcdc5fddd,early_blight/8f92a1b1-c99e-48b4-8cd2-d0bd09bc6a6b___RS_Erly.B 9479.JPG,early_blight,PlantVillage:Tomato___Early_blight:::215.0,verified_group,de28e51e8dd771e52ff853a9,eligible_verified_subset
7befba4f01bbf5582bfadeac,early_blight/8f9b3d86-42dd-4932-b638-8376529afcaa___RS_Erly.B 9575.JPG,early_blight,PlantVillage:Tomato___Early_blight:::239.0,verified_group,3c229cf207b576844627fd1c,eligible_verified_subset
7230b4ebdfcbd88c1d296695,early_blight/8fd0e481-6590-4314-8dd9-975e5da774c8___RS_Erly.B 9559.JPG,early_blight,PlantVillage:Tomato___Early_blight:::235.0,verified_group,39f06b09066626ba60abc603,eligible_verified_subset
c0d2b9ee66df288464a601b9,early_blight/906f1ca6-2923-40c2-a924-5486fc3d7ba0___RS_Erly.B 9444.JPG,early_blight,PlantVillage:Tomato___Early_blight:::207.0,verified_group,c0d2b9ee66df288464a601b9,eligible_verified_subset
215219ba8b2845ab73d72434,early_blight/9080624e-b5eb-456b-9743-2406cdd01113___RS_Erly.B 9618.JPG,early_blight,PlantVillage:Tomato___Early_blight:::250.0,verified_group,215219ba8b2845ab73d72434,eligible_verified_subset
847fcfd15ffc15718c2bcfda,early_blight/90915bb5-9440-43dd-85c1-5d30865054d5___RS_Erly.B 7493.JPG,early_blight,PlantVillage:Tomato___Early_blight:::64.0,verified_group,a8015db2b6e896349d2e4b2a,eligible_verified_subset
e67c4918202dbb006306b26e,early_blight/90b9c783-480b-4f9b-a97a-d632f60a8f24___RS_Erly.B 9566.JPG,early_blight,PlantVillage:Tomato___Early_blight:::237.0,verified_group,25a29998ff6fa3968eef3160,eligible_verified_subset
61638401b0c5d15cb092920e,early_blight/90c69e4c-c526-4f72-b0b0-4127fc6acb0a___RS_Erly.B 7782.JPG,early_blight,PlantVillage:Tomato___Early_blight:::136.0,verified_group,937ba4098199213a86f01b5c,eligible_verified_subset
53b20fb87920d8524c061ada,early_blight/90ede7d6-c45b-4a97-8e77-9e8f66206418___RS_Erly.B 9581.JPG,early_blight,PlantVillage:Tomato___Early_blight:::240.0,verified_group,e1f27f487655d20b2d206b64,eligible_verified_subset
5506e7a03909c5497f6088ad,early_blight/90fd6e55-0c2c-4c8e-8742-5a87bc669633___RS_Erly.B 7356.JPG,early_blight,PlantVillage:Tomato___Early_blight:::33.0,verified_group,6aad593f0192fce8fa2be94b,eligible_verified_subset
238c1fbe4524696693f500cc,early_blight/91866d08-cbe2-4a9a-87fd-f2b969e5340a___RS_Erly.B 9588.JPG,early_blight,PlantVillage:Tomato___Early_blight:::242.0,verified_group,7ec7e891162d93fe0b30f33c,eligible_verified_subset
005a81d93b727952f01b5f57,early_blight/9249614a-4e74-49af-81ab-f8d0689fdc50___RS_Erly.B 7610.JPG,early_blight,PlantVillage:Tomato___Early_blight:::93.0,verified_group,8413ff547a3fe01ec7efd1da,eligible_verified_subset
6562f843386f9d73d345e1bc,early_blight/92df4dc7-e952-4454-9fed-a7897d16903b___RS_Erly.B 6448.JPG,early_blight,PlantVillage:Tomato___Early_blight:::21.0,verified_group,6562f843386f9d73d345e1bc,eligible_verified_subset
fbfacc7b6472e1895ad0070a,early_blight/9302786b-4392-4e54-a7a1-c6c39043caaf___RS_Erly.B 8329.JPG,early_blight,PlantVillage:Tomato___Early_blight:::172.0,verified_group,d2bb05b442f3219f1506755c,eligible_verified_subset
fcc256927bc2e846b83d41d7,early_blight/9305f21d-4558-49ae-b831-a7a1a4d399c2___RS_Erly.B 7417.JPG,early_blight,PlantVillage:Tomato___Early_blight:::47.0,verified_group,345a1e376c81c9916bcfad23,eligible_verified_subset
4fe65fe17fa195ca19adf716,early_blight/93296d31-4bc2-4998-adce-ec243e940152___RS_Erly.B 7410.JPG,early_blight,PlantVillage:Tomato___Early_blight:::46.0,verified_group,6b25d72e3237d0a352c8e427,eligible_verified_subset
3f887d7aadbf9dc97d023c3a,early_blight/932fabe0-247e-4e51-92d3-cd824fc6bc5d___RS_Erly.B 9540.JPG,early_blight,PlantVillage:Tomato___Early_blight:::230.0,verified_group,1f8dd2376eecc9cf40a30477,eligible_verified_subset
4e6bc3cbccf000ac41fd1110,early_blight/93533fec-94de-411f-a52e-38cd4d36dbee___RS_Erly.B 9558.JPG,early_blight,PlantVillage:Tomato___Early_blight:::235.0,verified_group,39f06b09066626ba60abc603,eligible_verified_subset
52f9fe5b51658efc3e23b4a2,early_blight/93dd10f7-791e-4c52-a8d0-f9196cafaecb___RS_Erly.B 8284.JPG,early_blight,PlantVillage:Tomato___Early_blight:::166.0,verified_group,8caf223a996dc42fc729c071,eligible_verified_subset
a7060b4ba15fdbe46f03e6b6,early_blight/9407ce87-44ce-4c7f-89ae-1e497b44ae30___RS_Erly.B 9381.JPG,early_blight,PlantVillage:Tomato___Early_blight:::191.0,verified_group,d63c3f694dad3201964f9e68,eligible_verified_subset
601bf2c7743be8d4df07a207,early_blight/944646f0-3c8f-482b-8009-64d5fad8cdd7___RS_Erly.B 7468.JPG,early_blight,PlantVillage:Tomato___Early_blight:::59.0,verified_group,6de9157ac844f1f2aabcea44,eligible_verified_subset
7d4bdd005b6bfde0499b4a10,early_blight/9498ce3a-8dc1-43ec-aeec-a05825cf9af2___RS_Erly.B 7820.JPG,early_blight,PlantVillage:Tomato___Early_blight:::145.0,verified_group,9cd4adbb593d7dc002c3eec2,eligible_verified_subset
91bf2944f26b36c8af53f5ea,early_blight/957be08a-9b4f-4c28-9908-622fdb996f1c___RS_Erly.B 7591.JPG,early_blight,PlantVillage:Tomato___Early_blight:::88.0,verified_group,7b0029f79d9afa80b847df07,eligible_verified_subset
5bb2e901769cd4a4cb28e947,early_blight/95de9f94-ddb1-4303-b3d9-a3ad2b430bbf___RS_Erly.B 9554.JPG,early_blight,PlantVillage:Tomato___Early_blight:::234.0,verified_group,4a0556d021ce67338e57a353,eligible_verified_subset
44d930f8c04fc6ebf2890df3,early_blight/95f5cf16-3e2d-4b96-9f3d-732cf1c60d6e___RS_Erly.B 7564.JPG,early_blight,PlantVillage:Tomato___Early_blight:::81.0,verified_group,44d930f8c04fc6ebf2890df3,eligible_verified_subset
57f6af709b1ae37142b52e83,early_blight/96418ba8-a05f-4dea-9f8c-d4310ee564be___RS_Erly.B 7620.JPG,early_blight,PlantVillage:Tomato___Early_blight:::95.0,verified_group,c6da907b33161bda6432be6f,eligible_verified_subset
340252ae35957410b27ef68c,early_blight/96441f54-ccd3-4f34-b405-e395e5070d2c___RS_Erly.B 8336.JPG,early_blight,PlantVillage:Tomato___Early_blight:::172.0,verified_group,d2bb05b442f3219f1506755c,eligible_verified_subset
4493fe573ed3851baf4f4f47,early_blight/964b07f8-2eb7-45b4-9ac8-79ec296b1655___RS_Erly.B 7378.JPG,early_blight,PlantVillage:Tomato___Early_blight:::38.0,verified_group,9219745f49f9c64e80923997,eligible_verified_subset
39619a4f56d3f377b043dc5f,early_blight/9664a85d-6c90-46d7-98e6-cbf1b99cc53e___RS_Erly.B 7503.JPG,early_blight,PlantVillage:Tomato___Early_blight:::66.0,verified_group,39619a4f56d3f377b043dc5f,eligible_verified_subset
c9b1f82c2e435483af08ab9f,early_blight/96aa2fd2-d8dc-4650-9b56-7b0f25f27edf___RS_Erly.B 7821.JPG,early_blight,PlantVillage:Tomato___Early_blight:::146.0,verified_group,5e47319d3d8cb10be8083265,eligible_verified_subset
7707f393cd96e5f850bfc2d6,early_blight/96f7a84a-cafa-487d-a032-548cfe965bdb___RS_Erly.B 9621.JPG,early_blight,PlantVillage:Tomato___Early_blight:::250.0,verified_group,215219ba8b2845ab73d72434,eligible_verified_subset
01c83832774ced4a431e1880,early_blight/9744fa97-16b3-4a16-afc0-c86ac0397759___RS_Erly.B 6411.JPG,early_blight,PlantVillage:Tomato___Early_blight:::14.0,verified_group,37aa601e3b8dc72990a542cf,eligible_verified_subset
910059bdecf5bbb1c1e74aca,early_blight/98009062-b345-4f14-bc90-f458e6027918___RS_Erly.B 7411.JPG,early_blight,PlantVillage:Tomato___Early_blight:::46.0,verified_group,6b25d72e3237d0a352c8e427,eligible_verified_subset
e0fc9da1bd24e361b26cae5b,early_blight/983a04ad-2cc6-4d78-9365-a67012b4ffdc___RS_Erly.B 7661.JPG,early_blight,PlantVillage:Tomato___Early_blight:::106.0,verified_group,bb60d2357ae6c539de33b704,eligible_verified_subset
3af0bb2b57cd798a386fe8d9,early_blight/987851e7-b309-4b26-94bc-628374aee931___RS_Erly.B 7530.JPG,early_blight,PlantVillage:Tomato___Early_blight:::73.0,verified_group,f48430ec96c6063ee637ab9d,eligible_verified_subset
b60fa9a586ebaa832ed2d395,early_blight/98f19e26-5889-4e8e-9175-8dbbaa3439ef___RS_Erly.B 6449.JPG,early_blight,PlantVillage:Tomato___Early_blight:::21.0,verified_group,6562f843386f9d73d345e1bc,eligible_verified_subset
e56c35951a7f3eb17e2e002c,early_blight/99baac4a-7079-4c68-b2bf-c9cf123ddffc___RS_Erly.B 7619.JPG,early_blight,PlantVillage:Tomato___Early_blight:::95.0,verified_group,c6da907b33161bda6432be6f,eligible_verified_subset
6d17af45fe14b4794286444b,early_blight/99cfe9bb-77a1-4bd6-9c48-58fffac2a133___RS_Erly.B 7387.JPG,early_blight,PlantVillage:Tomato___Early_blight:::40.0,verified_group,a2ab01163ee6f82dcb444384,eligible_verified_subset
e71ff210bd74fd4f03f7f56e,early_blight/99ea67c9-4c24-40b3-8a62-88233a53dc4a___RS_Erly.B 7522.JPG,early_blight,PlantVillage:Tomato___Early_blight:::71.0,verified_group,4b858416c0c3576290abbd49,eligible_verified_subset
181d2aa738dbf4f3c76247ab,early_blight/9a2960cc-21cf-470c-990e-e315699c2029___RS_Erly.B 9467.JPG,early_blight,PlantVillage:Tomato___Early_blight:::212.0,verified_group,181d2aa738dbf4f3c76247ab,eligible_verified_subset
1ccbba71fb5c9575be7130b0,early_blight/9a86409c-60ef-4fb5-9783-665065eb5229___RS_Erly.B 7697.JPG,early_blight,PlantVillage:Tomato___Early_blight:::115.0,verified_group,1ccbba71fb5c9575be7130b0,eligible_verified_subset
10c3d8eee8812504bb7ae025,early_blight/9b0106a7-eb90-4bb2-beec-6c9eb2d90d4b___RS_Erly.B 7424.JPG,early_blight,PlantVillage:Tomato___Early_blight:::49.0,verified_group,7bf301cc5ee4b484bd14040a,eligible_verified_subset
1aaa4b042d28466a59ae3f99,early_blight/9b16a9a4-c99b-4027-a301-4a8969761746___RS_Erly.B 7428.JPG,early_blight,PlantVillage:Tomato___Early_blight:::50.0,verified_group,6483ff4d9ef4b5cb35e3ae3d,eligible_verified_subset
0f9835b2c9664073623bda26,early_blight/9b617d8b-b252-4a29-9af5-10ea563eb785___RS_Erly.B 7707.JPG,early_blight,PlantVillage:Tomato___Early_blight:::117.0,verified_group,a9f21334179b847316ae417b,eligible_verified_subset
ad5e4e88f08d6b08a2d6d7f0,early_blight/9b84e7ac-4ffd-4e0b-8099-86f30ad23cda___RS_Erly.B 7731.JPG,early_blight,PlantVillage:Tomato___Early_blight:::123.0,verified_group,62581416d774c4d686a9acb0,eligible_verified_subset
3104f4af5cbc111c99d0be5e,early_blight/9ba87e80-e0d5-4b50-8f7e-a0957c370320___RS_Erly.B 8324.JPG,early_blight,PlantVillage:Tomato___Early_blight:::171.0,verified_group,507521b60fbf002a6d224d1e,eligible_verified_subset
4b05b20aec2c963d8e1526ff,early_blight/9cb2abac-0c5b-4b49-ad84-d97805de271c___RS_Erly.B 7457.JPG,early_blight,PlantVillage:Tomato___Early_blight:::56.0,verified_group,f597f942e3952c7058ab2d99,eligible_verified_subset
885b0a204433990773fee1b2,early_blight/9cd2e960-3941-4b60-84fb-0ed227c26ed7___RS_Erly.B 7839.JPG,early_blight,PlantVillage:Tomato___Early_blight:::150.0,verified_group,a34ae1cc8028ac6017123740,eligible_verified_subset
faa931b00f72db6611d7ffbf,early_blight/9d16bfcd-955e-4a5c-90ea-c7cce8dd9135___RS_Erly.B 7811.JPG,early_blight,PlantVillage:Tomato___Early_blight:::143.0,verified_group,fb143bb809e4deea1d21f9cd,eligible_verified_subset
81a2db69689ed4dbee150c86,early_blight/9d2bc87f-f309-41a4-a533-569456706e2b___RS_Erly.B 6367.JPG,early_blight,PlantVillage:Tomato___Early_blight:::7.0,verified_group,9d87401a5f5e0a098b495a78,eligible_verified_subset
4bfd1d15e03d56a5a3b6f4e1,early_blight/9d64c577-43dd-4409-b0ed-f5460bc01dc9___RS_Erly.B 7685.JPG,early_blight,PlantVillage:Tomato___Early_blight:::112.0,verified_group,4bfd1d15e03d56a5a3b6f4e1,eligible_verified_subset
3a420706f0c738639199e69c,early_blight/9d8aacaf-ef28-4f23-a18d-4035f59d92b1___RS_Erly.B 7565.JPG,early_blight,PlantVillage:Tomato___Early_blight:::82.0,verified_group,3a420706f0c738639199e69c,eligible_verified_subset
42cfa77f0f323abec875aaa7,early_blight/9e8f1cbd-f128-47f3-b90d-9c8dc1efcb78___RS_Erly.B 7425.JPG,early_blight,PlantVillage:Tomato___Early_blight:::49.0,verified_group,7bf301cc5ee4b484bd14040a,eligible_verified_subset
b93b077e5cde6b324f9849b2,early_blight/9e92ea05-2e0f-42cb-be52-f58745ee9acc___RS_Erly.B 9476.JPG,early_blight,PlantVillage:Tomato___Early_blight:::214.0,verified_group,8cb0add7c2bd666c8650e7ce,eligible_verified_subset
eea69b40764fecd9ed1b55f8,early_blight/9eaef8d7-dd22-449e-b837-d01a7eb4afe6___RS_Erly.B 7686.JPG,early_blight,PlantVillage:Tomato___Early_blight:::112.0,verified_group,4bfd1d15e03d56a5a3b6f4e1,eligible_verified_subset
1cb8443e85b5e2ef312e8704,early_blight/9eec6625-b337-403b-b93c-e809f4e0b8c4___RS_Erly.B 7681.JPG,early_blight,PlantVillage:Tomato___Early_blight:::111.0,verified_group,444636bddc2898a767a930b2,eligible_verified_subset
3fcd4a803ab3cf95953fe359,early_blight/9f496d43-f56d-4afa-99d9-7ac5fc9d9966___RS_Erly.B 9419.JPG,early_blight,PlantVillage:Tomato___Early_blight:::201.0,verified_group,78ae39d75863a6e01533ec73,eligible_verified_subset
14e533c029e6977c8c1a65c1,early_blight/9f77a006-11c0-4466-bdb3-9273b299450d___RS_Erly.B 7800.JPG,early_blight,PlantVillage:Tomato___Early_blight:::140.0,verified_group,ef033740df695d92ccd13c05,eligible_verified_subset
1c4333b1d29811170bc89a2d,early_blight/9f98d981-b130-4238-aa34-21b0edfc1eaf___RS_Erly.B 7806.JPG,early_blight,PlantVillage:Tomato___Early_blight:::142.0,verified_group,2d826100afe3cf89958fa921,eligible_verified_subset
7fe6fb3ddb531a5f5eb2431c,early_blight/9fcb89e0-c94e-427f-930b-73b4d12b8690___RS_Erly.B 9495.JPG,early_blight,PlantVillage:Tomato___Early_blight:::219.0,verified_group,440b8a1aeb2371d76d57b7eb,eligible_verified_subset
0c3de7355dadf7fcefb1a6d1,early_blight/a007bf16-ab14-4d3c-99b1-0710882cbb17___RS_Erly.B 9388.JPG,early_blight,PlantVillage:Tomato___Early_blight:::193.0,verified_group,0c3de7355dadf7fcefb1a6d1,eligible_verified_subset
4e5bffcdfaa025cd29624424,early_blight/a00845f3-9a14-474b-967c-82b7ea7b314f___RS_Erly.B 7550.JPG,early_blight,PlantVillage:Tomato___Early_blight:::78.0,verified_group,e0e3b6c18a0a7e876462595a,eligible_verified_subset
a323a5ba4d7a8dacec3f3994,early_blight/a0cb35c3-0ae6-4b64-a42f-d14006f3d315___RS_Erly.B 7357.JPG,early_blight,PlantVillage:Tomato___Early_blight:::34.0,verified_group,6c3499b457e78ea2eb4287a3,eligible_verified_subset
6b021f2788f30a647c275ab1,early_blight/a0db48a5-bbb6-4374-ad9f-8132e33280f5___RS_Erly.B 7791.JPG,early_blight,PlantVillage:Tomato___Early_blight:::138.0,verified_group,f2010f44e72ca909736e9016,eligible_verified_subset
563bea4479d818b1dccde981,early_blight/a138ec63-9d5e-4c6d-97d6-da0159c93c0a___RS_Erly.B 7744.JPG,early_blight,PlantVillage:Tomato___Early_blight:::126.0,verified_group,3d9325c4ef07b31cae4a2621,eligible_verified_subset
2896f04ac2dbbe10dc16d173,early_blight/a1d275d1-5405-4829-9328-4225ffe69506___RS_Erly.B 7515.JPG,early_blight,PlantVillage:Tomato___Early_blight:::69.0,verified_group,d99c68ed55ec8e843da5e826,eligible_verified_subset
492b130ab6715b6d5a9b9974,early_blight/a1e875bd-5c06-4031-b0c0-9413d754df0e___RS_Erly.B 8221.JPG,early_blight,PlantVillage:Tomato___Early_blight:::158.0,verified_group,220cb8c44e2efce816ad2c50,eligible_verified_subset
8b16b0e83ff14e99ef97c857,early_blight/a20bd77c-4ecf-473c-89aa-329b1719fbe1___RS_Erly.B 7639.JPG,early_blight,PlantVillage:Tomato___Early_blight:::100.0,verified_group,d768f059e4387d7f68eb1319,eligible_verified_subset
0b43f71ce4621e34f25986d4,early_blight/a24d6927-cb21-4d9b-acc1-780ef36cbbf8___RS_Erly.B 7671.JPG,early_blight,PlantVillage:Tomato___Early_blight:::108.0,verified_group,4eea25e0bc9ba8194b22a7c8,eligible_verified_subset
60fcfa8dc9d6e0f58e1eac99,early_blight/a278a40a-bb25-4210-b646-2d232245851a___RS_Erly.B 7719.JPG,early_blight,PlantVillage:Tomato___Early_blight:::120.0,verified_group,5778a4facfd7c76dfab00c1d,eligible_verified_subset
2bf075bec59f0e863381b5f2,early_blight/a28eb895-ef7c-49cc-bc0f-5e01498e5ca2___RS_Erly.B 6463.JPG,early_blight,PlantVillage:Tomato___Early_blight:::23.0,verified_group,28ce8b460a0804828598ed05,eligible_verified_subset
3ab92185cd95d9a57113f88e,early_blight/a2b13360-65ce-4302-8bec-50bdc1b9789d___RS_Erly.B 9446.JPG,early_blight,PlantVillage:Tomato___Early_blight:::207.0,verified_group,c0d2b9ee66df288464a601b9,eligible_verified_subset
32006774d2992ce3ed57ec41,early_blight/a2da7455-c116-4d02-b506-89183f817d78___RS_Erly.B 9371.JPG,early_blight,PlantVillage:Tomato___Early_blight:::189.0,verified_group,943cc5b2b2b49358d656ec1d,eligible_verified_subset
08aea904cf272fe62fe9fdff,early_blight/a2ec9710-99ea-4dc5-a88c-69974e0557dc___RS_Erly.B 9412.JPG,early_blight,PlantVillage:Tomato___Early_blight:::199.0,verified_group,dd3c7031197909f8acb912e4,eligible_verified_subset
6654cea651a706c8a0cfec81,early_blight/a3611dae-1359-41af-b506-0b012c37a451___RS_Erly.B 7368.JPG,early_blight,PlantVillage:Tomato___Early_blight:::36.0,verified_group,06747c607dfcfb544add7165,eligible_verified_subset
53ec25a18ce8399574c601d8,early_blight/a3af61fe-3cde-4083-963f-909bfced23db___RS_Erly.B 7590.JPG,early_blight,PlantVillage:Tomato___Early_blight:::88.0,verified_group,7b0029f79d9afa80b847df07,eligible_verified_subset
1c1960d8ece29ddff45fcb62,early_blight/a3d07302-420d-4b4e-94f2-6694ef9d2088___RS_Erly.B 7652.JPG,early_blight,PlantVillage:Tomato___Early_blight:::103.0,verified_group,b8dec149c2ff7e0dd112c814,eligible_verified_subset
9651139cac151c393e7a2102,early_blight/a40e0118-57f7-4a3c-92f5-07e968449dd0___RS_Erly.B 9536.JPG,early_blight,PlantVillage:Tomato___Early_blight:::229.0,verified_group,665ae94a4dc75c42dc9456bc,eligible_verified_subset
f746db797cfeb9f63c5f5173,early_blight/a442ef7e-3c93-45d9-85c0-5fa66fe32bb8___RS_Erly.B 7504.JPG,early_blight,PlantVillage:Tomato___Early_blight:::67.0,verified_group,f746db797cfeb9f63c5f5173,eligible_verified_subset
48c7c4cbdbd36e7a6e9017a5,early_blight/a47435d5-cd96-4f92-96b9-edd35046c88f___RS_Erly.B 6390.JPG,early_blight,PlantVillage:Tomato___Early_blight:::11.0,verified_group,d8d94e7dfdd5c9d076068108,eligible_verified_subset
c79c91f71925779241786369,early_blight/a48e8b60-3636-4f7e-8ce2-d6625d866720___RS_Erly.B 7458.JPG,early_blight,PlantVillage:Tomato___Early_blight:::56.0,verified_group,f597f942e3952c7058ab2d99,eligible_verified_subset
b4b250c002de2511424f608a,early_blight/a4bf3663-8d32-49e7-8394-cd0d29531704___RS_Erly.B 9465.JPG,early_blight,PlantVillage:Tomato___Early_blight:::212.0,verified_group,181d2aa738dbf4f3c76247ab,eligible_verified_subset
c39650700e0b79107036d41f,early_blight/a52492e3-7916-4a13-a175-6a6c0dd3440a___RS_Erly.B 7613.JPG,early_blight,PlantVillage:Tomato___Early_blight:::94.0,verified_group,131c27faf7cc138e3418b51d,eligible_verified_subset
6f6779b33bf71a4cd2bfbee3,early_blight/a54e9f9d-e56b-4097-83c2-b137f9111edf___RS_Erly.B 9411.JPG,early_blight,PlantVillage:Tomato___Early_blight:::199.0,verified_group,dd3c7031197909f8acb912e4,eligible_verified_subset
357fcee6bea8ce991bc42d31,early_blight/a5b33d5a-99bc-43b9-b408-aaf9535189e0___RS_Erly.B 8372.JPG,early_blight,PlantVillage:Tomato___Early_blight:::177.0,verified_group,e393bd38e3fd03836e86000c,eligible_verified_subset
1d7fe7801e8490e5b73a1dae,early_blight/a5c26ace-e91d-4afc-a958-eee6bbe7aed2___RS_Erly.B 6361.JPG,early_blight,PlantVillage:Tomato___Early_blight:::6.0,verified_group,ba0976be89e3bfca500ec578,eligible_verified_subset
864acf49c1d98561fd27f9da,early_blight/a6041f09-68f2-4865-ad78-81018617d2c4___RS_Erly.B 6450.JPG,early_blight,PlantVillage:Tomato___Early_blight:::21.0,verified_group,6562f843386f9d73d345e1bc,eligible_verified_subset
8f29c816a3b505719a9c4b4b,early_blight/a67b9ba1-99ff-4826-8f7b-1b89ca61980e___RS_Erly.B 7597.JPG,early_blight,PlantVillage:Tomato___Early_blight:::90.0,verified_group,33609e98232db3a2b134e008,eligible_verified_subset
3325b2b2667b7406e8026759,early_blight/a6abb0cb-af59-4136-a928-f08d5313ae36___RS_Erly.B 7561.JPG,early_blight,PlantVillage:Tomato___Early_blight:::81.0,verified_group,44d930f8c04fc6ebf2890df3,eligible_verified_subset
b0e67d938ac577251df5702b,early_blight/a6d7438a-35f6-40fb-ab5c-a46cdfef7e83___RS_Erly.B 9594.JPG,early_blight,PlantVillage:Tomato___Early_blight:::244.0,verified_group,e31998645d4c294fbc149080,eligible_verified_subset
31a163f54a749a80ef7d5cc4,early_blight/a725f34d-c57c-4189-9ec8-6aeec7fb6a78___RS_Erly.B 6452.JPG,early_blight,PlantVillage:Tomato___Early_blight:::21.0,verified_group,6562f843386f9d73d345e1bc,eligible_verified_subset
e75ab5fba7dc64331065845a,early_blight/a7782a03-c8c5-459a-af4c-fbca70cea302___RS_Erly.B 8303.JPG,early_blight,PlantVillage:Tomato___Early_blight:::168.0,verified_group,7d3891aa97da44646f58093c,eligible_verified_subset
fe7819a35fff235f2a96e9f1,early_blight/a7a4d12c-61bf-401d-ab88-0572c4dec56d___RS_Erly.B 9464.JPG,early_blight,PlantVillage:Tomato___Early_blight:::211.0,verified_group,74f99eb8c4c3535c6fa22715,eligible_verified_subset
5f2cd0d4e3a573385d800bca,early_blight/a7aac68f-92a8-42dd-ad5b-662c172fa594___RS_Erly.B 7579.JPG,early_blight,PlantVillage:Tomato___Early_blight:::85.0,verified_group,d8f7cc044d0fc0c663907516,eligible_verified_subset
e96ee54934a908cc60646df7,early_blight/a86f36c6-2089-4367-ba3e-5b7c8b3c0084___RS_Erly.B 7492.JPG,early_blight,PlantVillage:Tomato___Early_blight:::64.0,verified_group,a8015db2b6e896349d2e4b2a,eligible_verified_subset
d4fd7206c12f2dd79ba141f1,early_blight/a87f4fa1-5d7b-42e9-81ed-127aa62ad1e6___RS_Erly.B 8258.JPG,early_blight,PlantVillage:Tomato___Early_blight:::163.0,verified_group,3d4cd7177d26c28a9a079ce8,eligible_verified_subset
8f40ab149f4eb68ab98ffb14,early_blight/a8844870-0efc-494c-af8c-d5c94fd619f3___RS_Erly.B 7756.JPG,early_blight,PlantVillage:Tomato___Early_blight:::129.0,verified_group,fa26b9151c8dc3e235d5770d,eligible_verified_subset
ff1c7972bfa3b73696b3c4bf,early_blight/a8b2bbbc-5bef-4ef4-8322-48cde639a9aa___RS_Erly.B 7438.JPG,early_blight,PlantVillage:Tomato___Early_blight:::53.0,verified_group,70bdd130a63276a5955024f5,eligible_verified_subset
e096ee16d4a414ff811ff507,early_blight/a8cade96-090a-4dcd-bc79-d13a4046370d___RS_Erly.B 7721.JPG,early_blight,PlantVillage:Tomato___Early_blight:::120.0,verified_group,5778a4facfd7c76dfab00c1d,eligible_verified_subset
4f42427fa748585e0629ec95,early_blight/a8d430c0-7dff-4474-a6c1-1fd601198ff6___RS_Erly.B 7738.JPG,early_blight,PlantVillage:Tomato___Early_blight:::125.0,verified_group,e4a507eafc3bccdb18ec86e7,eligible_verified_subset
a5ef98eadf1a0494686ded65,early_blight/a8d93308-45b8-46e0-b708-02c325d6b027___RS_Erly.B 9535.JPG,early_blight,PlantVillage:Tomato___Early_blight:::229.0,verified_group,665ae94a4dc75c42dc9456bc,eligible_verified_subset
975b3970156348b8e6381621,early_blight/a8e1a7a4-d45d-4072-9c25-6f7685f8f08b___RS_Erly.B 9387.JPG,early_blight,PlantVillage:Tomato___Early_blight:::193.0,verified_group,0c3de7355dadf7fcefb1a6d1,eligible_verified_subset
d3fe442034b3972e34bea4a0,early_blight/a98a655f-a2f5-44eb-a73b-edf25ca85921___RS_Erly.B 6351.JPG,early_blight,PlantVillage:Tomato___Early_blight:::4.0,verified_group,456d7294c5e4875cd5b7ccd2,eligible_verified_subset
59ab16ac5e0a3fc8490d5e1f,early_blight/a9a349e8-bf20-4495-8db5-70ca9293608d___RS_Erly.B 7367.JPG,early_blight,PlantVillage:Tomato___Early_blight:::36.0,verified_group,06747c607dfcfb544add7165,eligible_verified_subset
7fcbb841d6d1063e770806e9,early_blight/aafda29f-64e8-4f9a-8b71-d32b5ee27fef___RS_Erly.B 9431.JPG,early_blight,PlantVillage:Tomato___Early_blight:::204.0,verified_group,357a88cff1dc147c48e4823e,eligible_verified_subset
191c11c045511387c0c215fe,early_blight/ab1f0275-f2db-4dcf-befb-8921c6101b80___RS_Erly.B 7596.JPG,early_blight,PlantVillage:Tomato___Early_blight:::89.0,verified_group,135e8e0720b5959186e0e72c,eligible_verified_subset
52b750d66947006baaae8425,early_blight/ab26012b-d88e-4b69-b985-1cba46315762___RS_Erly.B 9468.JPG,early_blight,PlantVillage:Tomato___Early_blight:::212.0,verified_group,181d2aa738dbf4f3c76247ab,eligible_verified_subset
f3675f0b6d5acefa694e86f9,early_blight/ab52bc97-6e53-4e96-b54c-c883999143ae___RS_Erly.B 7531.JPG,early_blight,PlantVillage:Tomato___Early_blight:::73.0,verified_group,f48430ec96c6063ee637ab9d,eligible_verified_subset
045cecce5df04ffbcb460c4a,early_blight/ab6d16d4-8426-472d-9644-61609392cd6a___RS_Erly.B 7628.JPG,early_blight,PlantVillage:Tomato___Early_blight:::97.0,verified_group,f2b8445a00213797025069a8,eligible_verified_subset
9647a4629218cd1830a51d93,early_blight/abb2b25f-a1a8-49c7-8bc9-a66dc224481d___RS_Erly.B 9573.JPG,early_blight,PlantVillage:Tomato___Early_blight:::238.0,verified_group,3a0c051808a9b975948adc0c,eligible_verified_subset
73031c8b8ca2134f900e2add,early_blight/ac04851f-ae27-4dc8-9ccf-d23e5a56d6f3___RS_Erly.B 9587.JPG,early_blight,PlantVillage:Tomato___Early_blight:::242.0,verified_group,7ec7e891162d93fe0b30f33c,eligible_verified_subset
737a16a5a46a9487efa3f0d0,early_blight/ac57ab70-6d8c-4065-8bab-3a88b5239aea___RS_Erly.B 7408.JPG,early_blight,PlantVillage:Tomato___Early_blight:::45.0,verified_group,59911c960334e0155ee49f0e,eligible_verified_subset
cd5529b7c1dff023423f462f,early_blight/ac6a9426-691d-46f4-941a-6637659bbbf7___RS_Erly.B 9394.JPG,early_blight,PlantVillage:Tomato___Early_blight:::194.0,verified_group,d7770b302a40681a479898ed,eligible_verified_subset
ca22d14895af424a201acc1c,early_blight/ac804481-f1b0-498c-a6af-a66da467f84e___RS_Erly.B 7760.JPG,early_blight,PlantVillage:Tomato___Early_blight:::130.0,verified_group,d8a6749da16e47b4c4762c66,eligible_verified_subset
8f60297035c76126e313b29b,early_blight/aca65de6-6464-4f8c-803d-b55f92f950f8___RS_Erly.B 6663.JPG,early_blight,PlantVillage:Tomato___Early_blight:::30.0,verified_group,0c2a50517b0570a278bd0520,eligible_verified_subset
e2a62406ebcb9e0a33ab5c18,early_blight/acc5fb41-7b03-44c2-8167-47346b97791a___RS_Erly.B 8320.JPG,early_blight,PlantVillage:Tomato___Early_blight:::170.0,verified_group,067080ae1a1f018ed97485f0,eligible_verified_subset
3735f64edf2f2597099d4f3b,early_blight/accd568b-73d3-49f9-8ddb-4a51e1595383___RS_Erly.B 6375.JPG,early_blight,PlantVillage:Tomato___Early_blight:::8.0,verified_group,c2ad74ff2b133c3f210c0695,eligible_verified_subset
c8b6a8711dd7f52b4b30767a,early_blight/ad302c48-1f27-43d8-b004-4ca61dfa61c1___RS_Erly.B 7566.JPG,early_blight,PlantVillage:Tomato___Early_blight:::82.0,verified_group,3a420706f0c738639199e69c,eligible_verified_subset
4bb98abcfca16ff82bbc216a,early_blight/ad567130-1714-4f31-9735-9ffe4b373964___RS_Erly.B 7623.JPG,early_blight,PlantVillage:Tomato___Early_blight:::96.0,verified_group,8209d936036c11851b7b9cef,eligible_verified_subset
756f5834e958cbdb485010d2,early_blight/ad898210-9539-4fe4-abf0-a568b57ff205___RS_Erly.B 6336.JPG,early_blight,PlantVillage:Tomato___Early_blight:::2.0,verified_group,762d9641fe2600bb905e94b7,eligible_verified_subset
666d7d544522d1edbe79bacb,early_blight/aea263ac-87a1-42b7-a3ca-15d69e55204e___RS_Erly.B 9486.JPG,early_blight,PlantVillage:Tomato___Early_blight:::217.0,verified_group,e02eeb58ea4c50d6c537f58e,eligible_verified_subset
e51f32ab4c84ce67d184e188,early_blight/aea7d3be-648a-4e1b-932a-b0058b085a7a___RS_Erly.B 9517.JPG,early_blight,PlantVillage:Tomato___Early_blight:::224.0,verified_group,6962cf4cea1ca02436410e19,eligible_verified_subset
bdadae2b5dffdd3bd5d7ab0d,early_blight/aeb5a5ed-0672-49e9-a805-74b9390d4972___RS_Erly.B 9529.JPG,early_blight,PlantVillage:Tomato___Early_blight:::227.0,verified_group,5ce887992acd990b6fb36e6e,eligible_verified_subset
eb8456793623f5d2d0d23b19,early_blight/af454559-8f93-4b2d-b961-80bafe6bf43b___RS_Erly.B 8367.JPG,early_blight,PlantVillage:Tomato___Early_blight:::176.0,verified_group,4518593305c027fe8c7eef1d,eligible_verified_subset
e6927c58455e1bc2f4b28225,early_blight/afc527c5-c9b2-478b-8df0-ff66767191df___RS_Erly.B 7473.JPG,early_blight,PlantVillage:Tomato___Early_blight:::60.0,verified_group,0e21d439c6617c50889d19d3,eligible_verified_subset
6ceeedb08375f45e86d243c1,early_blight/b037f266-a24e-4f2c-9115-cf2eadd17293___RS_Erly.B 8214.JPG,early_blight,PlantVillage:Tomato___Early_blight:::157.0,verified_group,9b7c0fb78b0b90bcc10a61f5,eligible_verified_subset
4edf62616065577b7cf2b9f6,early_blight/b06d301b-8cae-475a-9de3-80a42e908ae5___RS_Erly.B 9375.JPG,early_blight,PlantVillage:Tomato___Early_blight:::190.0,verified_group,0f7f9888cc4429656a7bb57c,eligible_verified_subset
b73f11631ca1d142178ebb5f,early_blight/b0bc0b85-fce9-43cc-87d1-481d4a107b5c___RS_Erly.B 9451.JPG,early_blight,PlantVillage:Tomato___Early_blight:::208.0,verified_group,d601422794b1759f60b1a62f,eligible_verified_subset
1b91539f95d16f7f5283875b,early_blight/b0f9d534-0c29-4185-bdd1-43b83dc586f8___RS_Erly.B 6453.JPG,early_blight,PlantVillage:Tomato___Early_blight:::22.0,verified_group,dafb5a4f3e85d1f2b3a5cc5f,eligible_verified_subset
cd83d871c7e872c6fae331e5,early_blight/b165d0d3-726d-4913-8b92-3f14e1b99410___RS_Erly.B 6377.JPG,early_blight,PlantVillage:Tomato___Early_blight:::9.0,verified_group,fde06bef13711f69a4af8db2,eligible_verified_subset
63ec95fceeeac4c3a5e184a8,early_blight/b24b9d32-857b-45ef-be89-552232fadfb2___RS_Erly.B 7763.JPG,early_blight,PlantVillage:Tomato___Early_blight:::131.0,verified_group,3100baccbfb4e4a3c7746df1,eligible_verified_subset
2284a68544bec6261baa196e,early_blight/b24f8f98-4bfe-4605-85f5-738fc09e58fe___RS_Erly.B 6406.JPG,early_blight,PlantVillage:Tomato___Early_blight:::13.0,verified_group,310a59b25236832daf70ca7c,eligible_verified_subset
0cc442e763b0f3c236dd69d6,early_blight/b2b63d7c-d8f7-44ff-b53e-6214ddbed5d9___RS_Erly.B 9509.JPG,early_blight,PlantVillage:Tomato___Early_blight:::223.0,verified_group,9bf606b9b62f52a341503141,eligible_verified_subset
9b3b57141f07fe767d253192,early_blight/b3129245-a3b0-4451-a213-b15fe08734b7___RS_Erly.B 9423.JPG,early_blight,PlantVillage:Tomato___Early_blight:::202.0,verified_group,d467b51fd2f0f727be50f449,eligible_verified_subset
3642f4724945b39183675dee,early_blight/b383b96d-13d9-454a-a179-3093e48d8708___RS_Erly.B 7500.JPG,early_blight,PlantVillage:Tomato___Early_blight:::66.0,verified_group,39619a4f56d3f377b043dc5f,eligible_verified_subset
5e10f4d8bf44bdaa2a9db3f3,early_blight/b450abe9-9282-42a8-af4d-3fa7da258f40___RS_Erly.B 7735.JPG,early_blight,PlantVillage:Tomato___Early_blight:::124.0,verified_group,bed50169bba28bd1c65a47f4,eligible_verified_subset
59048e52a3b997f2fdb6a601,early_blight/b45de15f-76b6-46bf-9990-e819dbef21d1___RS_Erly.B 9491.JPG,early_blight,PlantVillage:Tomato___Early_blight:::218.0,verified_group,ebfed9bfd7f55fbd1c3fc798,eligible_verified_subset
d40a830f077bdd58f5f42a5b,early_blight/b4cfa208-cee0-4383-b0e2-6988814fbb9a___RS_Erly.B 7645.JPG,early_blight,PlantVillage:Tomato___Early_blight:::102.0,verified_group,8326186c91f8aa8e7209f87a,eligible_verified_subset
7cdd48833fbba5b80743c77a,early_blight/b4d37218-1f10-4232-8eeb-dd4106f0f1af___RS_Erly.B 7702.JPG,early_blight,PlantVillage:Tomato___Early_blight:::116.0,verified_group,c0aae06d499d17bd08e9cc88,eligible_verified_subset
7601f0980090789773dec046,early_blight/b5183a61-b8c0-489e-8d38-46fa5e240d34___RS_Erly.B 9461.JPG,early_blight,PlantVillage:Tomato___Early_blight:::211.0,verified_group,74f99eb8c4c3535c6fa22715,eligible_verified_subset
b515864cb2c1e77b4332061f,early_blight/b5367f51-874a-4202-a6b6-02327196fd93___RS_Erly.B 8235.JPG,early_blight,PlantVillage:Tomato___Early_blight:::160.0,verified_group,45ec483f6c5c25041b843f2d,eligible_verified_subset
c84db9a5cac1b494399b1f39,early_blight/b559ff8f-efd7-4897-8596-69447c2e6b89___RS_Erly.B 6409.JPG,early_blight,PlantVillage:Tomato___Early_blight:::14.0,verified_group,37aa601e3b8dc72990a542cf,eligible_verified_subset
0364438df1cdff3b0869bd18,early_blight/b5795f23-792b-47ef-bd5e-5a2a4a01bdc6___RS_Erly.B 7501.JPG,early_blight,PlantVillage:Tomato___Early_blight:::66.0,verified_group,39619a4f56d3f377b043dc5f,eligible_verified_subset
ff41066ebffc937492876719,early_blight/b58d7a66-097f-4167-abae-92f865407d90___RS_Erly.B 7845.JPG,early_blight,PlantVillage:Tomato___Early_blight:::152.0,verified_group,16404f91a2a6e3a965f7b836,eligible_verified_subset
c47c590c44bd334b045ad4da,early_blight/b5c94157-7110-420f-99fc-040594d6ff12___RS_Erly.B 9474.JPG,early_blight,PlantVillage:Tomato___Early_blight:::214.0,verified_group,8cb0add7c2bd666c8650e7ce,eligible_verified_subset
67c2a65571771241c959f372,early_blight/b60702b4-a7dd-4201-bfcc-4a13c7dcc44f___RS_Erly.B 7657.JPG,early_blight,PlantVillage:Tomato___Early_blight:::105.0,verified_group,eebd5a503dfb88fc56b71027,eligible_verified_subset
3226b21945fbbe94eed1a027,early_blight/b63549aa-e944-482e-9329-3b1fb95f92c8___RS_Erly.B 9597.JPG,early_blight,PlantVillage:Tomato___Early_blight:::244.0,verified_group,e31998645d4c294fbc149080,eligible_verified_subset
b825f4a6102ac33b42b7d4a6,early_blight/b6611980-ad87-4121-a6d0-b648b946b432___RS_Erly.B 8426.JPG,early_blight,PlantVillage:Tomato___Early_blight:::184.0,verified_group,c43ebccf06216e687d01be64,eligible_verified_subset
e5f2f2a1c577c2d034c8cd47,early_blight/b69edd18-e303-41b5-92a7-769154106917___RS_Erly.B 7587.JPG,early_blight,PlantVillage:Tomato___Early_blight:::87.0,verified_group,f2537a9c1606ed2705140aff,eligible_verified_subset
f1bc9d211cf7ec6b001f1562,early_blight/b6bdfe3b-7cb9-48e1-86b2-4ccaf3770af1___RS_Erly.B 9477.JPG,early_blight,PlantVillage:Tomato___Early_blight:::215.0,verified_group,de28e51e8dd771e52ff853a9,eligible_verified_subset
31600f9d478cca5653e6b98b,early_blight/b6d8ce15-f786-4998-a67c-1390da696a07___RS_Erly.B 9521.JPG,early_blight,PlantVillage:Tomato___Early_blight:::225.0,verified_group,25341fa1ea379e7675a7398f,eligible_verified_subset
0e2ba63cea3d128db578f95d,early_blight/b7294a44-e1fd-4eab-97ac-ed6669c58d8f___RS_Erly.B 7514.JPG,early_blight,PlantVillage:Tomato___Early_blight:::69.0,verified_group,d99c68ed55ec8e843da5e826,eligible_verified_subset
334de06ac4c3010e786ed0e6,early_blight/b7b39e7d-16ca-4b55-9b3a-9bd68b746055___RS_Erly.B 7386.JPG,early_blight,PlantVillage:Tomato___Early_blight:::40.0,verified_group,a2ab01163ee6f82dcb444384,eligible_verified_subset
6e9322c37e6c99dce1028ad6,early_blight/b7ca5e36-608f-4441-9549-88b011e7088a___RS_Erly.B 7753.JPG,early_blight,PlantVillage:Tomato___Early_blight:::128.0,verified_group,7b54acd7ef70b9b0fd0a2c3b,eligible_verified_subset
2b280e3f97b8447000b3431a,early_blight/b81b4276-e0c9-460a-ab94-79b6a5d0f2d6___RS_Erly.B 7538.JPG,early_blight,PlantVillage:Tomato___Early_blight:::75.0,verified_group,a685c0d307b11880b425f849,eligible_verified_subset
b2d03f0dd8c61b558bddd51e,early_blight/b8421c32-9111-49c0-8e78-f86a9912ece4___RS_Erly.B 7706.JPG,early_blight,PlantVillage:Tomato___Early_blight:::117.0,verified_group,a9f21334179b847316ae417b,eligible_verified_subset
696e945b058e1411674b1803,early_blight/b857a91a-c6e2-4d47-a025-5a5c3254e0a2___RS_Erly.B 7662.JPG,early_blight,PlantVillage:Tomato___Early_blight:::106.0,verified_group,bb60d2357ae6c539de33b704,eligible_verified_subset
334b92a519c380644a60531f,early_blight/b868515e-a566-4b0b-9633-30203270943f___RS_Erly.B 9401.JPG,early_blight,PlantVillage:Tomato___Early_blight:::196.0,verified_group,af863c6599d8e8f1c2a631e4,eligible_verified_subset
6475254b268c9b87753ddb72,early_blight/b86c17e0-d24a-4edf-a67f-c16c421d36ae___RS_Erly.B 7746.JPG,early_blight,PlantVillage:Tomato___Early_blight:::127.0,verified_group,e9a4d00399dea6e3d1541893,eligible_verified_subset
1d2973e5c71253077233bf9b,early_blight/b8b9300b-f085-49ce-a052-5c003e493f7e___RS_Erly.B 7507.JPG,early_blight,PlantVillage:Tomato___Early_blight:::67.0,verified_group,f746db797cfeb9f63c5f5173,eligible_verified_subset
a904c7c454b55d763b233f8f,early_blight/ba19f779-d0cf-4bc7-88df-96e6080fdc96___RS_Erly.B 7599.JPG,early_blight,PlantVillage:Tomato___Early_blight:::90.0,verified_group,33609e98232db3a2b134e008,eligible_verified_subset
a8fdd61cd34822bb3fdd634e,early_blight/ba75cd48-68cb-49cb-9d79-d03c1b007852___RS_Erly.B 7432.JPG,early_blight,PlantVillage:Tomato___Early_blight:::51.0,verified_group,3893483000b9c332cd6e356d,eligible_verified_subset
5f09b5adde8e7e82969b4b66,early_blight/ba789eab-7c04-4012-b8fa-98106b20b50c___RS_Erly.B 7771.JPG,early_blight,PlantVillage:Tomato___Early_blight:::133.0,verified_group,229429598229015aa01b4613,eligible_verified_subset
79c7ca2ebbdb030a5acb86b0,early_blight/bab7dc71-f5d2-4b07-a582-11a13f785b3d___RS_Erly.B 7764.JPG,early_blight,PlantVillage:Tomato___Early_blight:::131.0,verified_group,3100baccbfb4e4a3c7746df1,eligible_verified_subset
d40f2f8919613a0eebe0443b,early_blight/bac5677d-59b4-4183-839f-24860287ed6a___RS_Erly.B 9503.JPG,early_blight,PlantVillage:Tomato___Early_blight:::221.0,verified_group,ee63e4446a310f2e70d02c49,eligible_verified_subset
1d17a5739eb3424a53b5dec8,early_blight/bac9d43f-fc43-4b89-bc2a-b8ba4a040059___RS_Erly.B 7724.JPG,early_blight,PlantVillage:Tomato___Early_blight:::121.0,verified_group,60fc33f14211301e1d15d80b,eligible_verified_subset
20a8ea2b974fdef7ab9f403d,early_blight/bad3a868-aed5-408f-b0a8-f018994ce28b___RS_Erly.B 7789.JPG,early_blight,PlantVillage:Tomato___Early_blight:::137.0,verified_group,dbbca542a58a9d3f3b0044c9,eligible_verified_subset
243cf86c70365868c1100c33,early_blight/baea464c-e54b-4e22-8bbc-8047d19ed0cf___RS_Erly.B 8323.JPG,early_blight,PlantVillage:Tomato___Early_blight:::171.0,verified_group,507521b60fbf002a6d224d1e,eligible_verified_subset
41357e6bf0fdfd223f159f75,early_blight/bb12ec71-c438-43f5-a077-e5924af2409e___RS_Erly.B 8402.JPG,early_blight,PlantVillage:Tomato___Early_blight:::181.0,verified_group,a3199e7d300b4218da5c6223,eligible_verified_subset
56392057c5244bed6eb6fa63,early_blight/bb2586ff-9676-4100-89f7-200d9ce5ecd6___RS_Erly.B 9386.JPG,early_blight,PlantVillage:Tomato___Early_blight:::192.0,verified_group,947fd69601ae7948966eefda,eligible_verified_subset
3eae93d1ce893f48a5bf5c7f,early_blight/bb843f3f-a4cd-4a42-94ff-152199d78895___RS_Erly.B 7381.JPG,early_blight,PlantVillage:Tomato___Early_blight:::38.0,verified_group,9219745f49f9c64e80923997,eligible_verified_subset
47ec331673b6874ab8c2eee1,early_blight/bbaa5bf2-ded0-422a-babb-350da80266a9___RS_Erly.B 7575.JPG,early_blight,PlantVillage:Tomato___Early_blight:::84.0,verified_group,7887b8a8e61ceb04531dc36d,eligible_verified_subset
7eb9a06b8104f485f214309b,early_blight/bbb5a1cf-9b5f-4e2f-9e3d-e04a241c2806___RS_Erly.B 8283.JPG,early_blight,PlantVillage:Tomato___Early_blight:::166.0,verified_group,8caf223a996dc42fc729c071,eligible_verified_subset
982f5a7fdd9d62a0b3b1f2ed,early_blight/bbcccb3c-bcf2-4dc9-b2e2-6aecd86f52d5___RS_Erly.B 8370.JPG,early_blight,PlantVillage:Tomato___Early_blight:::177.0,verified_group,e393bd38e3fd03836e86000c,eligible_verified_subset
18fcbfe3c5065d0ce258be73,early_blight/bbd73cdc-a2e5-4740-9a66-7e59d0416f25___RS_Erly.B 7502.JPG,early_blight,PlantVillage:Tomato___Early_blight:::66.0,verified_group,39619a4f56d3f377b043dc5f,eligible_verified_subset
f948db8c102e98469980d019,early_blight/bc351ae2-a270-4e17-aff9-b1f559f665f3___RS_Erly.B 7634.JPG,early_blight,PlantVillage:Tomato___Early_blight:::99.0,verified_group,665361b30157dc1e45b86346,eligible_verified_subset
61512d6bbd0f2ae3474e65d3,early_blight/bc894aa4-76ca-427e-a964-e86236fc0217___RS_Erly.B 7526.JPG,early_blight,PlantVillage:Tomato___Early_blight:::72.0,verified_group,28f92ff8444e06c28c281980,eligible_verified_subset
3947d4943d50d23bfc7a43bc,early_blight/bcae6e76-f374-446e-b5c3-a7d18f1444f6___RS_Erly.B 7643.JPG,early_blight,PlantVillage:Tomato___Early_blight:::101.0,verified_group,bd6198b8fb518e089330a7d9,eligible_verified_subset
7657ca3620d3abe944d11f70,early_blight/bd0f06fb-1f9a-4de8-8c96-926d312cea27___RS_Erly.B 7603.JPG,early_blight,PlantVillage:Tomato___Early_blight:::91.0,verified_group,6eef9eb67ef3927b3ea77176,eligible_verified_subset
820204ea2195f49d0402f1ed,early_blight/bde8917a-9b0c-4a7b-8ff1-26f31609d6d7___RS_Erly.B 7750.JPG,early_blight,PlantVillage:Tomato___Early_blight:::128.0,verified_group,7b54acd7ef70b9b0fd0a2c3b,eligible_verified_subset
5180defd84fa5f621792748d,early_blight/bdf7f885-1619-4b3f-bba8-e97896af0de5___RS_Erly.B 7819.JPG,early_blight,PlantVillage:Tomato___Early_blight:::145.0,verified_group,9cd4adbb593d7dc002c3eec2,eligible_verified_subset
03b5f442b2ab48cf396e214e,early_blight/be03b7aa-4c59-4ea9-b3cc-33a93a34b402___RS_Erly.B 7742.JPG,early_blight,PlantVillage:Tomato___Early_blight:::126.0,verified_group,3d9325c4ef07b31cae4a2621,eligible_verified_subset
064a5180d6e1fc6d4917e35f,early_blight/be847eed-94b5-4f0e-9b34-68cc842565a2___RS_Erly.B 7831.JPG,early_blight,PlantVillage:Tomato___Early_blight:::148.0,verified_group,90ed3ead5030bce1091b4a0e,eligible_verified_subset
7bb6ef1f77f7c083b1864e60,early_blight/bec8a4aa-dd9c-44db-815a-c760d49a8868___RS_Erly.B 7680.JPG,early_blight,PlantVillage:Tomato___Early_blight:::110.0,verified_group,f69824c81a01a53dd906a3c0,eligible_verified_subset
4eb79031580b775823c53e22,early_blight/beeaf08d-f961-4bd9-8612-a162500a83f6___RS_Erly.B 9407.JPG,early_blight,PlantVillage:Tomato___Early_blight:::198.0,verified_group,5e394087b20add7fd22ce193,eligible_verified_subset
408160e0afb7f9033e5ce03c,early_blight/bef16984-17c5-4796-9496-85808dfa3a56___RS_Erly.B 9405.JPG,early_blight,PlantVillage:Tomato___Early_blight:::197.0,verified_group,7f5a5f5a84358bcfd12af26a,eligible_verified_subset
bd8fcab9a0ba895a869cf093,early_blight/bfbf7eb4-8a12-4595-96f7-dcec497d3917___RS_Erly.B 7682.JPG,early_blight,PlantVillage:Tomato___Early_blight:::111.0,verified_group,444636bddc2898a767a930b2,eligible_verified_subset
3129fb7c471f6ff485a60887,early_blight/c03bec63-8b1d-42ef-90d5-5dff0c2455ea___RS_Erly.B 9555.JPG,early_blight,PlantVillage:Tomato___Early_blight:::234.0,verified_group,4a0556d021ce67338e57a353,eligible_verified_subset
d2a155f0b1b6b8a1afa3419a,early_blight/c084fdcc-8347-4e73-be57-e66840ffba28___RS_Erly.B 7787.JPG,early_blight,PlantVillage:Tomato___Early_blight:::137.0,verified_group,dbbca542a58a9d3f3b0044c9,eligible_verified_subset
fb66ef5b93c1aed515cacef8,early_blight/c0caae76-1327-4d16-95dd-138603f7573b___RS_Erly.B 8362.JPG,early_blight,PlantVillage:Tomato___Early_blight:::175.0,verified_group,11dc182de6b5853cfb82c944,eligible_verified_subset
1b372d6fa8eb70b8dfb48adc,early_blight/c10623b4-33fe-458c-9d8e-d9a74fb74a6a___RS_Erly.B 7450.JPG,early_blight,PlantVillage:Tomato___Early_blight:::54.0,verified_group,4b48465a321a6cb25f97900b,eligible_verified_subset
4a11bc6e03d7e0bfe6e57317,early_blight/c1291fe6-06c2-477e-b30f-dca9a9a80079___RS_Erly.B 8371.JPG,early_blight,PlantVillage:Tomato___Early_blight:::177.0,verified_group,e393bd38e3fd03836e86000c,eligible_verified_subset
1b1b8e05e90ed3217aaf4ad9,early_blight/c163bdbd-0c60-44da-be29-a1d0cad71b72___RS_Erly.B 8343.JPG,early_blight,PlantVillage:Tomato___Early_blight:::173.0,verified_group,ad56f24575df5a9cd4e9d904,eligible_verified_subset
ed7c9b6dc914eaef391b95d5,early_blight/c21e480d-8263-4b9c-b429-4beceb2cb7d0___RS_Erly.B 8292.JPG,early_blight,PlantVillage:Tomato___Early_blight:::167.0,verified_group,1058160f01a0ee88695869fa,eligible_verified_subset
659971a20ca579c50b947816,early_blight/c2369b01-d04f-443c-b6ab-9e62e1480420___RS_Erly.B 8397.JPG,early_blight,PlantVillage:Tomato___Early_blight:::180.0,verified_group,2a19ee719395278c03a40870,eligible_verified_subset
ef2b96386631c93a84c3bc40,early_blight/c27f6ed4-7ae2-4187-8e96-edafd886f123___RS_Erly.B 7618.JPG,early_blight,PlantVillage:Tomato___Early_blight:::95.0,verified_group,c6da907b33161bda6432be6f,eligible_verified_subset
05362628a3ee55c1618c2935,early_blight/c29f66a1-5df9-4bd7-a6cd-89a0d4a4cba5___RS_Erly.B 9608.JPG,early_blight,PlantVillage:Tomato___Early_blight:::247.0,verified_group,62c74e6934c39cc23419d10b,eligible_verified_subset
82f0487fd48970aa8fe18cbd,early_blight/c2a64948-bda7-4a89-aec6-be714ba7cf99___RS_Erly.B 8330.JPG,early_blight,PlantVillage:Tomato___Early_blight:::172.0,verified_group,d2bb05b442f3219f1506755c,eligible_verified_subset
f857199968d17811fbf30ba5,early_blight/c35fc6de-4796-4f7a-a350-7bff160cbbd5___RS_Erly.B 7740.JPG,early_blight,PlantVillage:Tomato___Early_blight:::125.0,verified_group,e4a507eafc3bccdb18ec86e7,eligible_verified_subset
4827fbbd543125747b001c5c,early_blight/c3e85d27-e5e0-4897-a039-22640e696184___RS_Erly.B 9459.JPG,early_blight,PlantVillage:Tomato___Early_blight:::210.0,verified_group,6bd1bee95979248661f9ec4c,eligible_verified_subset
9565d1dd01ecbb822cb517b4,early_blight/c410d512-4708-49dd-ba8f-efce2796a3f5___RS_Erly.B 7602.JPG,early_blight,PlantVillage:Tomato___Early_blight:::91.0,verified_group,6eef9eb67ef3927b3ea77176,eligible_verified_subset
95f9439293ac780f41eb83d9,early_blight/c43cc003-56f4-4d9d-b224-6948f499cf95___RS_Erly.B 7675.JPG,early_blight,PlantVillage:Tomato___Early_blight:::109.0,verified_group,437e65b321e127cc4ab766b0,eligible_verified_subset
b8e698426ce12f861262db16,early_blight/c581e384-d3bd-4a55-a03a-761ebe1e4895___RS_Erly.B 7567.JPG,early_blight,PlantVillage:Tomato___Early_blight:::82.0,verified_group,3a420706f0c738639199e69c,eligible_verified_subset
f956393c70b016b75b96fd21,early_blight/c5ab9d87-f1bf-4fce-8133-c80ac2d52dd5___RS_Erly.B 7849.JPG,early_blight,PlantVillage:Tomato___Early_blight:::153.0,verified_group,82725ff28ef45e222e14e7cd,eligible_verified_subset
961b321e20753fb70346529e,early_blight/c5b268b2-80e3-45b2-8ba8-2412df3d6444___RS_Erly.B 7364.JPG,early_blight,PlantVillage:Tomato___Early_blight:::35.0,verified_group,90c2ed8204042c30792cf476,eligible_verified_subset
6a17f0c9600dbb33f7641950,early_blight/c63ff9c7-0422-4a71-8727-7c2581fdee6e___RS_Erly.B 9406.JPG,early_blight,PlantVillage:Tomato___Early_blight:::197.0,verified_group,7f5a5f5a84358bcfd12af26a,eligible_verified_subset
b0b69461e52e488f6badaae9,early_blight/c66ca8bd-a004-4efb-a66c-3be5168aaaca___RS_Erly.B 7826.JPG,early_blight,PlantVillage:Tomato___Early_blight:::147.0,verified_group,a1521470379565745999a891,eligible_verified_subset
27b8cdf4f6f4bf29ccd9acec,early_blight/c684414e-2c2b-4d12-bca0-2a5fb271e1da___RS_Erly.B 8425.JPG,early_blight,PlantVillage:Tomato___Early_blight:::184.0,verified_group,c43ebccf06216e687d01be64,eligible_verified_subset
9b39214fe25736fc73d786f5,early_blight/c684e255-de5d-4905-b934-962180be33cb___RS_Erly.B 7353.JPG,early_blight,PlantVillage:Tomato___Early_blight:::33.0,verified_group,6aad593f0192fce8fa2be94b,eligible_verified_subset
264e661de83e47271e7f8087,early_blight/c6e96373-484c-45da-b043-0a294a59ad2c___RS_Erly.B 7401.JPG,early_blight,PlantVillage:Tomato___Early_blight:::43.0,verified_group,d9d9a37b161319bb98e3f617,eligible_verified_subset
32316bd701568b0a3fe1c6b2,early_blight/c7005da5-2322-44e9-aceb-c6abe348f98c___RS_Erly.B 6490.JPG,early_blight,PlantVillage:Tomato___Early_blight:::28.0,verified_group,98bf5311447bf9512d13a108,eligible_verified_subset
9bff3a149356b948593291ad,early_blight/c73fd35a-bc55-46c3-baf3-a943a6e396c5___RS_Erly.B 9563.JPG,early_blight,PlantVillage:Tomato___Early_blight:::236.0,verified_group,aa6f9f8fc2285b3b24c9da65,eligible_verified_subset
7d97d3719f38338f68fb3fde,early_blight/c78483c5-424f-4a5f-aab3-5b909b62a7e6___RS_Erly.B 7541.JPG,early_blight,PlantVillage:Tomato___Early_blight:::76.0,verified_group,4f282f68935c317b90a79c93,eligible_verified_subset
c4348a6e61af7f0589cb7ba0,early_blight/c78c9d19-e83d-4c3b-a690-e6e3b95c979d___RS_Erly.B 9569.JPG,early_blight,PlantVillage:Tomato___Early_blight:::237.0,verified_group,25a29998ff6fa3968eef3160,eligible_verified_subset
53539f46feb57000ac0bdcfa,early_blight/c793a3d2-1f1d-486c-9140-87d2354c4874___RS_Erly.B 7545.JPG,early_blight,PlantVillage:Tomato___Early_blight:::77.0,verified_group,3c477f5994ade33bee2a42fc,eligible_verified_subset
e7e16848903a90b1d22eb24c,early_blight/c83d0821-505b-4270-acd7-1a5c79f671b4___RS_Erly.B 7629.JPG,early_blight,PlantVillage:Tomato___Early_blight:::98.0,verified_group,055c80643ff128b24f7eceb0,eligible_verified_subset
2a3178fe648879fd4781cc2b,early_blight/c8412a1c-4e61-4a35-9538-c3d3a7c46cbe___RS_Erly.B 7383.JPG,early_blight,PlantVillage:Tomato___Early_blight:::39.0,verified_group,a42a4df6670ac8fa61cf063f,eligible_verified_subset
23d6fd78ece80f2e9a88c838,early_blight/c87a666a-07bb-44cc-952a-33d69f075e14___RS_Erly.B 7631.JPG,early_blight,PlantVillage:Tomato___Early_blight:::98.0,verified_group,055c80643ff128b24f7eceb0,eligible_verified_subset
0f90bda7968ffd48ba11545d,early_blight/c882c715-ae30-410e-9585-bd7061cf44a4___RS_Erly.B 7734.JPG,early_blight,PlantVillage:Tomato___Early_blight:::124.0,verified_group,bed50169bba28bd1c65a47f4,eligible_verified_subset
270239c370a34ff89835b823,early_blight/c8dd6713-727e-4811-b951-e70e44d0c483___RS_Erly.B 7817.JPG,early_blight,PlantVillage:Tomato___Early_blight:::144.0,verified_group,53965b2ae3a9807fb764a414,eligible_verified_subset
21a8ade8a0c313445e57d82e,early_blight/c98f4286-f846-4c26-b74f-9859de9699e6___RS_Erly.B 9607.JPG,early_blight,PlantVillage:Tomato___Early_blight:::247.0,verified_group,62c74e6934c39cc23419d10b,eligible_verified_subset
a3f3175203b2f980026eb19b,early_blight/c9fa82b3-776c-4a44-8309-a6faf88898e3___RS_Erly.B 7498.JPG,early_blight,PlantVillage:Tomato___Early_blight:::65.0,verified_group,26eda9a54a3f5d820f57eaba,eligible_verified_subset
f9f35b197890816f7f78fba1,early_blight/c9ff37ca-a310-49ad-8978-0913b3c55f58___RS_Erly.B 7714.JPG,early_blight,PlantVillage:Tomato___Early_blight:::119.0,verified_group,e8658e229688471b30a985cc,eligible_verified_subset
5eebc9119954d24b9800c9cd,early_blight/ca408b6b-bc8b-45a0-a04e-f0341169524c___RS_Erly.B 7640.JPG,early_blight,PlantVillage:Tomato___Early_blight:::100.0,verified_group,d768f059e4387d7f68eb1319,eligible_verified_subset
bca30d32aa1f42e18f4c0485,early_blight/ca7035fa-f55d-49c7-9d89-3d513c8e35b1___RS_Erly.B 7556.JPG,early_blight,PlantVillage:Tomato___Early_blight:::79.0,verified_group,bca30d32aa1f42e18f4c0485,eligible_verified_subset
9ea6f4084c331f62bacc2e69,early_blight/ca7d6cd9-e24e-43af-82c2-742a922ce421___RS_Erly.B 9488.JPG,early_blight,PlantVillage:Tomato___Early_blight:::217.0,verified_group,e02eeb58ea4c50d6c537f58e,eligible_verified_subset
4b7a61170c03a9a2427963cc,early_blight/cab96269-77a2-47cd-bfdf-02ad2535293d___RS_Erly.B 8439.JPG,early_blight,PlantVillage:Tomato___Early_blight:::186.0,verified_group,dfdddb5eba085d2adb4c6202,eligible_verified_subset
4b5f27b31742005c610168af,early_blight/cacbfac0-f563-452c-b506-1ce7bd06d680___RS_Erly.B 9379.JPG,early_blight,PlantVillage:Tomato___Early_blight:::191.0,verified_group,d63c3f694dad3201964f9e68,eligible_verified_subset
7209f1c72463304f2beae225,early_blight/caf4e799-6574-4eb6-81df-edd5d256fd45___RS_Erly.B 7536.JPG,early_blight,PlantVillage:Tomato___Early_blight:::74.0,verified_group,50f82c76d7419c49648f7d3a,eligible_verified_subset
47e3fe24d3878c97c2aa3aa5,early_blight/cb0e04ea-9d44-4c3f-b528-d7aa32aa0b85___RS_Erly.B 7850.JPG,early_blight,PlantVillage:Tomato___Early_blight:::153.0,verified_group,82725ff28ef45e222e14e7cd,eligible_verified_subset
f61129e28046e1a9fe3cc09f,early_blight/cbbd6255-f338-45b2-816d-47903ab67be7___RS_Erly.B 7537.JPG,early_blight,PlantVillage:Tomato___Early_blight:::75.0,verified_group,a685c0d307b11880b425f849,eligible_verified_subset
f676993f76f7494cfac83950,early_blight/cbff5638-51d0-4eae-90a2-9ce6e00acf9b___RS_Erly.B 9456.JPG,early_blight,PlantVillage:Tomato___Early_blight:::209.0,verified_group,93634c2e6b8f1d5eddda4f8f,eligible_verified_subset
a1f1d44aa4b86a94d987b870,early_blight/cc60f915-6dc1-42f2-8e12-aedaef4bc70c___RS_Erly.B 6468.JPG,early_blight,PlantVillage:Tomato___Early_blight:::24.0,verified_group,1425700202a0dc732b376632,eligible_verified_subset
7d048ccb996ecb1b3cdc4edd,early_blight/cc822ace-0411-4ff9-b040-3670031c6467___RS_Erly.B 7553.JPG,early_blight,PlantVillage:Tomato___Early_blight:::79.0,verified_group,bca30d32aa1f42e18f4c0485,eligible_verified_subset
ba1cf143a67175a39a15cb2d,early_blight/ccd788af-4fd4-46a5-96af-c6ad44314d45___RS_Erly.B 8436.JPG,early_blight,PlantVillage:Tomato___Early_blight:::185.0,verified_group,401389f287520baadde4ab0e,eligible_verified_subset
87b6dea82a6ddec3d6e020b0,early_blight/cd2d8a7b-2389-4a2c-8647-b986092fa506___RS_Erly.B 8377.JPG,early_blight,PlantVillage:Tomato___Early_blight:::178.0,verified_group,0f94f9de78144cce12cb767c,eligible_verified_subset
f60ec4cda1f6b9f457e38b30,early_blight/cd76ee4d-d516-4189-b40b-12959dc02f91___RS_Erly.B 7798.JPG,early_blight,PlantVillage:Tomato___Early_blight:::140.0,verified_group,ef033740df695d92ccd13c05,eligible_verified_subset
17c37a9dc42c7aeddf5a63c2,early_blight/cdb26b0e-04b6-4ccf-855c-d85a106c1f95___RS_Erly.B 8387.JPG,early_blight,PlantVillage:Tomato___Early_blight:::179.0,verified_group,246d6e2751cf7e82e3d62763,eligible_verified_subset
473875322c85a987e27de6de,early_blight/cef9fa90-aca2-4354-b79e-2486409ac685___RS_Erly.B 7563.JPG,early_blight,PlantVillage:Tomato___Early_blight:::81.0,verified_group,44d930f8c04fc6ebf2890df3,eligible_verified_subset
95eb5be6385b81630c125eb7,early_blight/cf2919ca-2b62-4f23-8a55-5dfa953db83c___RS_Erly.B 7352.JPG,early_blight,PlantVillage:Tomato___Early_blight:::32.0,verified_group,9efad7ffec5feab46c29a6ab,eligible_verified_subset
9997211e7a72a8f5781133f2,early_blight/cf3cffb2-f822-402d-90b9-d1df870c13f3___RS_Erly.B 7741.JPG,early_blight,PlantVillage:Tomato___Early_blight:::125.0,verified_group,e4a507eafc3bccdb18ec86e7,eligible_verified_subset
8de12d8cd4f9baa756535fac,early_blight/cf7acf3d-e079-4587-b3e8-bafe507c40d5___RS_Erly.B 8246.JPG,early_blight,PlantVillage:Tomato___Early_blight:::161.0,verified_group,9dd33b950a0a33c2ebd9df5e,eligible_verified_subset
5725ad33e08d9911408f2c45,early_blight/cf8c6e28-201c-4c8e-994f-8dcf98362e64___RS_Erly.B 7651.JPG,early_blight,PlantVillage:Tomato___Early_blight:::103.0,verified_group,b8dec149c2ff7e0dd112c814,eligible_verified_subset
6e52a4d5bef7fb40682c9bfd,early_blight/cfe67544-6d8c-48e5-af01-51732c571cb5___RS_Erly.B 8291.JPG,early_blight,PlantVillage:Tomato___Early_blight:::167.0,verified_group,1058160f01a0ee88695869fa,eligible_verified_subset
fc9141c999b1377fd30849ed,early_blight/d032b2d0-3c5b-4f1d-9532-4fd09cbd5482___RS_Erly.B 7689.JPG,early_blight,PlantVillage:Tomato___Early_blight:::113.0,verified_group,b6129a9d510becb0214da275,eligible_verified_subset
d490b32429382b85f5a1bf75,early_blight/d099777c-8b33-4924-af9e-d3dd96c2de37___RS_Erly.B 7790.JPG,early_blight,PlantVillage:Tomato___Early_blight:::138.0,verified_group,f2010f44e72ca909736e9016,eligible_verified_subset
09f9417efd1eae0a4f8414b1,early_blight/d0b75b16-bdf9-4e9d-bac9-47bf98c6258a___RS_Erly.B 6416.JPG,early_blight,PlantVillage:Tomato___Early_blight:::15.0,verified_group,60d1c81282a57e8da01107fd,eligible_verified_subset
4caf07f17699d9515395b1a0,early_blight/d0efac0c-12e0-4481-bf88-a99d9407b31b___RS_Erly.B 6466.JPG,early_blight,PlantVillage:Tomato___Early_blight:::24.0,verified_group,1425700202a0dc732b376632,eligible_verified_subset
c74076fc0c1c365fe9060494,early_blight/d1668361-aac6-41e3-b729-c5e5092326c1___RS_Erly.B 7562.JPG,early_blight,PlantVillage:Tomato___Early_blight:::81.0,verified_group,44d930f8c04fc6ebf2890df3,eligible_verified_subset
1bea6b7b6473a06cf9fc38f6,early_blight/d204ed67-ae0c-40fa-84a4-0e7ef9bca62d___RS_Erly.B 8432.JPG,early_blight,PlantVillage:Tomato___Early_blight:::185.0,verified_group,401389f287520baadde4ab0e,eligible_verified_subset
e48da294dfdfcd0d88e7613d,early_blight/d344e6d5-259e-4f1c-a72e-919ae9e13005___RS_Erly.B 6482.JPG,early_blight,PlantVillage:Tomato___Early_blight:::27.0,verified_group,700cbc1e31fc68b12aa80072,eligible_verified_subset
039f8e15ed14a27c0208a803,early_blight/d354267e-4855-4197-a18a-668d706db705___RS_Erly.B 7405.JPG,early_blight,PlantVillage:Tomato___Early_blight:::44.0,verified_group,37c579194b18c7cf7f13d023,eligible_verified_subset
ee31c094314de947ccb25089,early_blight/d368153c-6779-4a7e-a82d-9ae10dd36bb2___RS_Erly.B 7678.JPG,early_blight,PlantVillage:Tomato___Early_blight:::110.0,verified_group,f69824c81a01a53dd906a3c0,eligible_verified_subset
9cc73ee1cb9c7cfb135bd11d,early_blight/d3b3f060-60d3-4b72-8797-8406fcf2815f___RS_Erly.B 7607.JPG,early_blight,PlantVillage:Tomato___Early_blight:::92.0,verified_group,1c6a24a8464139ba59b3d10f,eligible_verified_subset
992386c643d982e91163d5ae,early_blight/d3ebceea-8021-4168-85a4-27ef48cdaacb___RS_Erly.B 7857.JPG,early_blight,PlantVillage:Tomato___Early_blight:::155.0,verified_group,5f9afd009361c70d01e331cc,eligible_verified_subset
9e253d9e74cfe15701e7018e,early_blight/d3fd3d9c-60ba-432c-a4a7-049f014ecace___RS_Erly.B 7696.JPG,early_blight,PlantVillage:Tomato___Early_blight:::114.0,verified_group,46c23cc0ead80da1411719f4,eligible_verified_subset
bab8e1073cc042d2a1e79a41,early_blight/d418610e-e676-4722-b84a-6de973499fa9___RS_Erly.B 9425.JPG,early_blight,PlantVillage:Tomato___Early_blight:::202.0,verified_group,d467b51fd2f0f727be50f449,eligible_verified_subset
78c4978596fd4b2e9648eb04,early_blight/d41e78aa-0020-457b-a17d-736d426adad5___RS_Erly.B 7755.JPG,early_blight,PlantVillage:Tomato___Early_blight:::129.0,verified_group,fa26b9151c8dc3e235d5770d,eligible_verified_subset
9ffe104ee50e204b7d28545d,early_blight/d44e75f7-59ac-4296-ac62-893125ddf04e___RS_Erly.B 7856.JPG,early_blight,PlantVillage:Tomato___Early_blight:::154.0,verified_group,7f409a285b70df3436caada9,eligible_verified_subset
d0357119e118d2c9c8443d6b,early_blight/d452210c-ee07-4a6e-a0e0-15676dafacb1___RS_Erly.B 7419.JPG,early_blight,PlantVillage:Tomato___Early_blight:::48.0,verified_group,48117e7937d3a11593d9ca79,eligible_verified_subset
88b8f198cc7673a22061f20f,early_blight/d4971b21-317f-4fbd-95a8-ac21d69d7461___RS_Erly.B 6429.JPG,early_blight,PlantVillage:Tomato___Early_blight:::17.0,verified_group,8ac8394cdbd7838bd0771c40,eligible_verified_subset
26b605a7df988aecc5ec1fc0,early_blight/d4a47a64-0c10-4a43-8712-4eee11c8cf1b___RS_Erly.B 9524.JPG,early_blight,PlantVillage:Tomato___Early_blight:::226.0,verified_group,26b605a7df988aecc5ec1fc0,eligible_verified_subset
fd6463f7803e45b8a0d70101,early_blight/d4d20c99-4cf3-4ecc-95ae-a964560cfeed___RS_Erly.B 9604.JPG,early_blight,PlantVillage:Tomato___Early_blight:::246.0,verified_group,74848e8bf714f5507e894518,eligible_verified_subset
899d24240f67e7191cb80ed8,early_blight/d4e4bce8-d7ca-492b-8dda-69f3e95f4e5a___RS_Erly.B 6418.JPG,early_blight,PlantVillage:Tomato___Early_blight:::15.0,verified_group,60d1c81282a57e8da01107fd,eligible_verified_subset
3fa4e9d3a0f591134ee9d076,early_blight/d4f5f0b5-3706-437f-826c-6328d479cba6___RS_Erly.B 9516.JPG,early_blight,PlantVillage:Tomato___Early_blight:::224.0,verified_group,6962cf4cea1ca02436410e19,eligible_verified_subset
808d9306e697f9aa83b4f908,early_blight/d529889a-662a-4321-9bd8-888244d50af8___RS_Erly.B 8381.JPG,early_blight,PlantVillage:Tomato___Early_blight:::178.0,verified_group,0f94f9de78144cce12cb767c,eligible_verified_subset
452063fccd86c60b23ea2caf,early_blight/d53bdcff-1ea7-46c7-9d46-701d104bf130___RS_Erly.B 8353.JPG,early_blight,PlantVillage:Tomato___Early_blight:::174.0,verified_group,803ce875de96c08d9d4697df,eligible_verified_subset
baec478db2921c1023686d16,early_blight/d5690b72-b319-457e-a837-0e38915aab55___RS_Erly.B 7347.JPG,early_blight,PlantVillage:Tomato___Early_blight:::31.0,verified_group,e352d5f089b5d4eb1eaeed6e,eligible_verified_subset
4f10d99fbb22c5ebcb1f8d89,early_blight/d59a0542-4c2a-441b-8566-e1f741e917d4___RS_Erly.B 6437.JPG,early_blight,PlantVillage:Tomato___Early_blight:::19.0,verified_group,54b83feea452445bc4223a17,eligible_verified_subset
00dfe1656d40ffcf3a394227,early_blight/d5bddab9-06bd-488f-a844-97bd75c6b061___RS_Erly.B 6662.JPG,early_blight,PlantVillage:Tomato___Early_blight:::30.0,verified_group,0c2a50517b0570a278bd0520,eligible_verified_subset
3af95ac5473f9c1ff1a0cd50,early_blight/d60c253c-b97e-4076-8eac-bae34e1bbdc9___RS_Erly.B 7749.JPG,early_blight,PlantVillage:Tomato___Early_blight:::127.0,verified_group,e9a4d00399dea6e3d1541893,eligible_verified_subset
162eae0d1d694a440d5ce8e3,early_blight/d6ac1972-b67c-422e-b81d-11f2f1d9ec5f___RS_Erly.B 9435.JPG,early_blight,PlantVillage:Tomato___Early_blight:::204.0,verified_group,357a88cff1dc147c48e4823e,eligible_verified_subset
bd0b63ccd9c735a3f3144395,early_blight/d71f9e9f-e7e3-44e3-8376-0820971fe2c1___RS_Erly.B 9384.JPG,early_blight,PlantVillage:Tomato___Early_blight:::192.0,verified_group,947fd69601ae7948966eefda,eligible_verified_subset
62167f0c1e8d31c9d69c8f52,early_blight/d7dd7c0b-8c0f-46e7-88df-18e6f4e01e0b___RS_Erly.B 7687.JPG,early_blight,PlantVillage:Tomato___Early_blight:::112.0,verified_group,4bfd1d15e03d56a5a3b6f4e1,eligible_verified_subset
f812f44680bd36ffedf27dd5,early_blight/d7e11d88-60e8-41d3-a840-2ad9bab04fe2___RS_Erly.B 6355.JPG,early_blight,PlantVillage:Tomato___Early_blight:::5.0,verified_group,81af4915d23cff94881dfdb1,eligible_verified_subset
815e985387e3c97b2304dccd,early_blight/d7f1e802-0b8e-4cba-88b4-e61328322cac___RS_Erly.B 8222.JPG,early_blight,PlantVillage:Tomato___Early_blight:::158.0,verified_group,220cb8c44e2efce816ad2c50,eligible_verified_subset
e8de0467c43cf0b0bd03e211,early_blight/d8754b7f-53a4-4e69-8f54-1ec9f7581799___RS_Erly.B 6436.JPG,early_blight,PlantVillage:Tomato___Early_blight:::19.0,verified_group,54b83feea452445bc4223a17,eligible_verified_subset
2fc0a5ee7de000d1c963b17b,early_blight/d8bfc53d-7b22-48a7-a884-c808927dc149___RS_Erly.B 6349.JPG,early_blight,PlantVillage:Tomato___Early_blight:::4.0,verified_group,456d7294c5e4875cd5b7ccd2,eligible_verified_subset
73077a54e98619086ae8466e,early_blight/d934ba74-0149-457f-b5e7-c11d595f285e___RS_Erly.B 7365.JPG,early_blight,PlantVillage:Tomato___Early_blight:::35.0,verified_group,90c2ed8204042c30792cf476,eligible_verified_subset
0ad9ad6b51338eba64b6e06f,early_blight/d94db5d9-2492-4680-bd2d-8ad66287243d___RS_Erly.B 7612.JPG,early_blight,PlantVillage:Tomato___Early_blight:::93.0,verified_group,8413ff547a3fe01ec7efd1da,eligible_verified_subset
dda71816e1b1f1538bb4e89c,early_blight/d96c3244-39ec-4188-9870-a6e32aad81d6___RS_Erly.B 7540.JPG,early_blight,PlantVillage:Tomato___Early_blight:::75.0,verified_group,a685c0d307b11880b425f849,eligible_verified_subset
05593c1ba767e38b7f3cc873,early_blight/d98cdabc-9183-4829-aa46-d40538d25462___RS_Erly.B 7554.JPG,early_blight,PlantVillage:Tomato___Early_blight:::79.0,verified_group,bca30d32aa1f42e18f4c0485,eligible_verified_subset
c49a81c5fdae3d51a09e8a80,early_blight/da3ad71b-85ba-4e94-bd12-8eff52776138___RS_Erly.B 9469.JPG,early_blight,PlantVillage:Tomato___Early_blight:::213.0,verified_group,16706626361c12810d4f9892,eligible_verified_subset
2c23d57e45a28d079a1311f5,early_blight/da84925b-554a-465d-bdb2-91851f77d5ce___RS_Erly.B 9420.JPG,early_blight,PlantVillage:Tomato___Early_blight:::201.0,verified_group,78ae39d75863a6e01533ec73,eligible_verified_subset
38dfbc630cef0ac462eacd63,early_blight/db228bdf-309f-4dd5-a3c7-d77af0acadb8___RS_Erly.B 7584.JPG,early_blight,PlantVillage:Tomato___Early_blight:::86.0,verified_group,4dd892b81eed041ff848fe46,eligible_verified_subset
6cf27955d2909e6ada549b2a,early_blight/db4241a0-d3ee-44c8-aebb-ba1783e47609___RS_Erly.B 7547.JPG,early_blight,PlantVillage:Tomato___Early_blight:::77.0,verified_group,3c477f5994ade33bee2a42fc,eligible_verified_subset
781c8654311bd04d52991696,early_blight/dbbc206a-90ab-4b29-abe0-5613028278be___RS_Erly.B 8409.JPG,early_blight,PlantVillage:Tomato___Early_blight:::182.0,verified_group,33b4de32592a9003b6cb0b78,eligible_verified_subset
b77af4523d11792938464329,early_blight/dc29e8de-633c-472e-8e12-c1a032437d1e___RS_Erly.B 8447.JPG,early_blight,PlantVillage:Tomato___Early_blight:::187.0,verified_group,1b68cb74c97c285cd444a805,eligible_verified_subset
e3507a61a1c39a9ead9b32fd,early_blight/dc474f67-5e4c-4c60-b1fd-aaafea2bc34c___RS_Erly.B 9519.JPG,early_blight,PlantVillage:Tomato___Early_blight:::225.0,verified_group,25341fa1ea379e7675a7398f,eligible_verified_subset
7cdb52c3b1bb4f5727ce632f,early_blight/dc4cc3e3-0181-48e9-93a2-7c019df0e04b___RS_Erly.B 9513.JPG,early_blight,PlantVillage:Tomato___Early_blight:::223.0,verified_group,9bf606b9b62f52a341503141,eligible_verified_subset
6b34d20c2ce4105937256465,early_blight/dc4e5770-ed70-4ff3-b61d-a6296faae7e1___RS_Erly.B 7568.JPG,early_blight,PlantVillage:Tomato___Early_blight:::82.0,verified_group,3a420706f0c738639199e69c,eligible_verified_subset
1142f356c5ecbe5a6980fbf8,early_blight/dc5fc62b-20c7-441b-bd70-aa24790302eb___RS_Erly.B 9510.JPG,early_blight,PlantVillage:Tomato___Early_blight:::223.0,verified_group,9bf606b9b62f52a341503141,eligible_verified_subset
759248dc5385c656a5e166cb,early_blight/dc64e0f0-9f55-4341-b256-649bebd6ca75___RS_Erly.B 7785.JPG,early_blight,PlantVillage:Tomato___Early_blight:::136.0,verified_group,937ba4098199213a86f01b5c,eligible_verified_subset
34d3a94659cf17057782a0c7,early_blight/dc6eeebe-ebc4-406c-b5df-f4861f491db8___RS_Erly.B 9615.JPG,early_blight,PlantVillage:Tomato___Early_blight:::249.0,verified_group,ad0becb6d6d280c816ff9d00,eligible_verified_subset
61c675858317ba94c244c1e6,early_blight/dda45973-b7a1-4080-93a2-bd7cd3e3026f___RS_Erly.B 8407.JPG,early_blight,PlantVillage:Tomato___Early_blight:::181.0,verified_group,a3199e7d300b4218da5c6223,eligible_verified_subset
58b2d46a42f07cbd87ae9b5a,early_blight/de57a88b-7170-4eca-93f6-330df50fa8b5___RS_Erly.B 9541.JPG,early_blight,PlantVillage:Tomato___Early_blight:::230.0,verified_group,1f8dd2376eecc9cf40a30477,eligible_verified_subset
9df0b5c0bfd534c3b787dcc0,early_blight/de8d6c32-2b7c-4c2c-a974-9c1c9c30486e___RS_Erly.B 9560.JPG,early_blight,PlantVillage:Tomato___Early_blight:::235.0,verified_group,39f06b09066626ba60abc603,eligible_verified_subset
c3870d7c99fe1982384035e2,early_blight/de96e7a2-6de3-4699-9680-9eb4d4e215c8___RS_Erly.B 9445.JPG,early_blight,PlantVillage:Tomato___Early_blight:::207.0,verified_group,c0d2b9ee66df288464a601b9,eligible_verified_subset
0912eb3e276006151df65e9b,early_blight/deed458f-ec5b-46c7-9658-c005cf90fc11___RS_Erly.B 7480.JPG,early_blight,PlantVillage:Tomato___Early_blight:::62.0,verified_group,05b03f74f067a860902f7f7b,eligible_verified_subset
2572e25a6c33caf1c6987833,early_blight/df721edd-686e-4bb8-a05b-e8c67743c8ca___RS_Erly.B 8265.JPG,early_blight,PlantVillage:Tomato___Early_blight:::164.0,verified_group,199c5b296eee41a0fd4495d7,eligible_verified_subset
47745dac04a56558f84a4c93,early_blight/df86b9f1-3871-4139-be7d-928bd3e6d642___RS_Erly.B 7497.JPG,early_blight,PlantVillage:Tomato___Early_blight:::65.0,verified_group,26eda9a54a3f5d820f57eaba,eligible_verified_subset
a43c6642c81a663d8e4c2bb4,early_blight/df9e0c7e-59cb-4a87-abbd-66f0f78e5130___RS_Erly.B 8275.JPG,early_blight,PlantVillage:Tomato___Early_blight:::165.0,verified_group,d34882bd30e13ac8aad72a4e,eligible_verified_subset
7843d00572c4906431edec3d,early_blight/dfa9f6bb-92ac-4b41-ac6c-fd2a7ddd093a___RS_Erly.B 8276.JPG,early_blight,PlantVillage:Tomato___Early_blight:::165.0,verified_group,d34882bd30e13ac8aad72a4e,eligible_verified_subset
1b03257170da20815c8bdc8e,early_blight/dfd261ab-30ad-456c-93b3-874a4ebaeaaf___RS_Erly.B 8451.JPG,early_blight,PlantVillage:Tomato___Early_blight:::188.0,verified_group,52d6f6547c92897f69e459db,eligible_verified_subset
d7afd6edc23693bfdedd13e3,early_blight/e008f248-eaa3-4d65-a649-4ba7134f4c56___RS_Erly.B 9537.JPG,early_blight,PlantVillage:Tomato___Early_blight:::229.0,verified_group,665ae94a4dc75c42dc9456bc,eligible_verified_subset
bfcd38b944edf66879b9b519,early_blight/e084577f-bb13-4baf-8384-2b37eb430236___RS_Erly.B 7673.JPG,early_blight,PlantVillage:Tomato___Early_blight:::109.0,verified_group,437e65b321e127cc4ab766b0,eligible_verified_subset
58dfaa128e42f0c51a62f09d,early_blight/e0f7927f-2310-4db1-92cf-cb89a3e14678___RS_Erly.B 7848.JPG,early_blight,PlantVillage:Tomato___Early_blight:::152.0,verified_group,16404f91a2a6e3a965f7b836,eligible_verified_subset
bdd92b60600806d257627f35,early_blight/e11ee1f8-8de2-4d9c-a0c1-86bc42350fd9___RS_Erly.B 9472.JPG,early_blight,PlantVillage:Tomato___Early_blight:::213.0,verified_group,16706626361c12810d4f9892,eligible_verified_subset
3f3be83ccb14086cdaf4b3ef,early_blight/e20f17f5-507c-45a8-8f6e-fcd76b29e564___RS_Erly.B 7694.JPG,early_blight,PlantVillage:Tomato___Early_blight:::114.0,verified_group,46c23cc0ead80da1411719f4,eligible_verified_subset
26ca229f9f1d5c6f454f7b67,early_blight/e20fb98a-26f9-43a1-8d55-e1daa9b6a455___RS_Erly.B 7351.JPG,early_blight,PlantVillage:Tomato___Early_blight:::32.0,verified_group,9efad7ffec5feab46c29a6ab,eligible_verified_subset
e06d712378aaed2c035e9606,early_blight/e219e45e-3a8e-46dc-9621-9914f42bf3af___RS_Erly.B 7838.JPG,early_blight,PlantVillage:Tomato___Early_blight:::150.0,verified_group,a34ae1cc8028ac6017123740,eligible_verified_subset
0f7b2e129a3d2bc8a5df625f,early_blight/e221d1fa-e003-44eb-a0b0-57e8fcd73fd3___RS_Erly.B 7571.JPG,early_blight,PlantVillage:Tomato___Early_blight:::83.0,verified_group,96c46eb33bdd3943fbbfb0c9,eligible_verified_subset
f09d0264f23209e2328e3e29,early_blight/e229da8f-a130-49c3-8f78-485842c8a994___RS_Erly.B 7462.JPG,early_blight,PlantVillage:Tomato___Early_blight:::57.0,verified_group,681444fa3ab908e17949a363,eligible_verified_subset
fde38ddf0f8ea3cc13a91a67,early_blight/e29ee209-e895-434f-9078-db727c5a98dd___RS_Erly.B 9383.JPG,early_blight,PlantVillage:Tomato___Early_blight:::192.0,verified_group,947fd69601ae7948966eefda,eligible_verified_subset
5f2c8d6c7823cbcdedcba230,early_blight/e2ce6add-93e2-4c1f-9ee3-2354d1542e8b___RS_Erly.B 7698.JPG,early_blight,PlantVillage:Tomato___Early_blight:::115.0,verified_group,1ccbba71fb5c9575be7130b0,eligible_verified_subset
b9ab2faa418b29b11e2df566,early_blight/e2e0a1a0-4f52-4320-ac24-69fa7f0fd033___RS_Erly.B 9596.JPG,early_blight,PlantVillage:Tomato___Early_blight:::244.0,verified_group,e31998645d4c294fbc149080,eligible_verified_subset
28b24b4cd0a23fd79d30a90b,early_blight/e2e1bccc-15ec-47f8-8ee7-d33be16fac07___RS_Erly.B 9523.JPG,early_blight,PlantVillage:Tomato___Early_blight:::226.0,verified_group,26b605a7df988aecc5ec1fc0,eligible_verified_subset
89cc4ed9f53c3ce365f3bfdc,early_blight/e2edea17-f5cf-4496-8cce-7e421375c452___RS_Erly.B 7666.JPG,early_blight,PlantVillage:Tomato___Early_blight:::107.0,verified_group,b5bce0ea9b625099b7e289b2,eligible_verified_subset
0e58d96819ccb12d9bd7af0a,early_blight/e31c2f10-8b8d-4aec-9bc7-764d2995ebec___RS_Erly.B 7398.JPG,early_blight,PlantVillage:Tomato___Early_blight:::43.0,verified_group,d9d9a37b161319bb98e3f617,eligible_verified_subset
afde74dc0c0d4b85e3550b65,early_blight/e330dc16-fdf9-4eee-8b09-88bfb5537180___RS_Erly.B 7601.JPG,early_blight,PlantVillage:Tomato___Early_blight:::91.0,verified_group,6eef9eb67ef3927b3ea77176,eligible_verified_subset
02ff0b495eef87f665b356d5,early_blight/e332b0b1-ed0c-49b0-aad2-da29a8636126___RS_Erly.B 9418.JPG,early_blight,PlantVillage:Tomato___Early_blight:::200.0,verified_group,cec965aa567c40ea1b141a95,eligible_verified_subset
e1b2007634edb2d2e038d283,early_blight/e3aef05b-9ed6-421c-a44d-82a996b3e3bb___RS_Erly.B 7803.JPG,early_blight,PlantVillage:Tomato___Early_blight:::141.0,verified_group,15bddcc0d6166a6027eaac29,eligible_verified_subset
ea5722aba6c68ea59d1a751c,early_blight/e3b74c49-7e82-4094-8a02-5ae7644a1d00___RS_Erly.B 7393.JPG,early_blight,PlantVillage:Tomato___Early_blight:::41.0,verified_group,5d53d5fc4332837d3d2abb3b,eligible_verified_subset
29b032d4d0dc80788a75e6a4,early_blight/e3e8305e-a7f1-4ac2-9ed0-7a09660b2fa3___RS_Erly.B 9447.JPG,early_blight,PlantVillage:Tomato___Early_blight:::207.0,verified_group,c0d2b9ee66df288464a601b9,eligible_verified_subset
4463fa0776e6983f52cea0f3,early_blight/e468b44a-912b-4e7f-9383-41050a5d421b___RS_Erly.B 8445.JPG,early_blight,PlantVillage:Tomato___Early_blight:::187.0,verified_group,1b68cb74c97c285cd444a805,eligible_verified_subset
d46c13f0f85b8f3695d0d90a,early_blight/e4739018-9e7b-4251-917f-c8502e8b5e86___RS_Erly.B 9443.JPG,early_blight,PlantVillage:Tomato___Early_blight:::206.0,verified_group,6e8086063bb97ec62e3ca1b6,exclude_unresolved_component
ebd62dffb84e15a9ce20d06c,early_blight/e5266d06-0ba7-49c6-9bc6-c8351b56fc88___RS_Erly.B 8294.JPG,early_blight,PlantVillage:Tomato___Early_blight:::167.0,verified_group,1058160f01a0ee88695869fa,eligible_verified_subset
a02b4a6539855d061d9ab4a4,early_blight/e56354a5-5e3f-4ed6-bfe5-3c783a32dc98___RS_Erly.B 9413.JPG,early_blight,PlantVillage:Tomato___Early_blight:::199.0,verified_group,dd3c7031197909f8acb912e4,eligible_verified_subset
d76b039cfb5a263d1159980a,early_blight/e592659e-566b-454b-95ba-851f3a53197c___RS_Erly.B 7843.JPG,early_blight,PlantVillage:Tomato___Early_blight:::151.0,verified_group,5f1631780921ef172b905247,exclude_unresolved_component
c5cfb93c5ca68b34d2d20602,early_blight/e5f8bd02-fa52-4ba0-9074-cb7618adacda___RS_Erly.B 9617.JPG,early_blight,PlantVillage:Tomato___Early_blight:::249.0,verified_group,ad0becb6d6d280c816ff9d00,eligible_verified_subset
cdb0ff99f366401acae73609,early_blight/e626a672-48b8-490d-8314-a70ff37153f4___RS_Erly.B 7467.JPG,early_blight,PlantVillage:Tomato___Early_blight:::58.0,verified_group,c22e0453dc9b809e9acd60ef,eligible_verified_subset
b305bb3ac06fab3a5c45cc66,early_blight/e63371a7-2fb1-4446-9fb2-6d679485d2b0___RS_Erly.B 8415.JPG,early_blight,PlantVillage:Tomato___Early_blight:::182.0,verified_group,33b4de32592a9003b6cb0b78,eligible_verified_subset
aeed855035da8f0405c9f88d,early_blight/e6645f63-afc8-416a-a4cb-0f5c719476ae___RS_Erly.B 6419.JPG,early_blight,PlantVillage:Tomato___Early_blight:::16.0,verified_group,0207d351e4b0945336afbca0,eligible_verified_subset
422994841027840cf7c18869,early_blight/e701c578-1fa3-4ed3-9874-5f90c6d2eb3c___RS_Erly.B 9583.JPG,early_blight,PlantVillage:Tomato___Early_blight:::241.0,verified_group,b40334f85b0be830a13dfe4d,eligible_verified_subset
fbfd24af4af95cc53313a4df,early_blight/e7120235-6ae1-4642-8ec8-a16812aedce5___RS_Erly.B 9507.JPG,early_blight,PlantVillage:Tomato___Early_blight:::222.0,verified_group,c6e5d3378532073062845a78,eligible_verified_subset
24e1f35e2f52032fe4550ead,early_blight/e7d248e4-a5e5-431f-9061-6383c14d8526___RS_Erly.B 7426.JPG,early_blight,PlantVillage:Tomato___Early_blight:::50.0,verified_group,6483ff4d9ef4b5cb35e3ae3d,eligible_verified_subset
16a8ed953a27f0b9919b31d9,early_blight/e803b217-d9a9-4b0d-9ea1-679145625159___RS_Erly.B 9571.JPG,early_blight,PlantVillage:Tomato___Early_blight:::238.0,verified_group,3a0c051808a9b975948adc0c,eligible_verified_subset
901601615c3fffeb502a86a4,early_blight/e81dfd96-227c-41a7-8cf8-dbc14f2e4b33___RS_Erly.B 7407.JPG,early_blight,PlantVillage:Tomato___Early_blight:::45.0,verified_group,59911c960334e0155ee49f0e,eligible_verified_subset
9ea101af39bb8ca8f23f52df,early_blight/e87f8d6a-9728-4d12-b6b3-e07c77db939b___RS_Erly.B 9576.JPG,early_blight,PlantVillage:Tomato___Early_blight:::239.0,verified_group,3c229cf207b576844627fd1c,eligible_verified_subset
9229f3092743f0d08266c4a3,early_blight/e94d68c8-f185-4b3d-9b44-ad12e3dc891d___RS_Erly.B 9598.JPG,early_blight,PlantVillage:Tomato___Early_blight:::245.0,verified_group,39eccc1f00414fdf3933fbf8,eligible_verified_subset
cd1ada6fc077f326e5e0217d,early_blight/e9adf635-754d-4bc3-af3d-4b3e1bd81812___RS_Erly.B 9438.JPG,early_blight,PlantVillage:Tomato___Early_blight:::205.0,verified_group,ec65f0232344e2b90b4b9141,eligible_verified_subset
f76984bd24de738b0c4e6622,early_blight/e9e56650-8172-4a98-8100-72e79a3a5858___RS_Erly.B 7481.JPG,early_blight,PlantVillage:Tomato___Early_blight:::62.0,verified_group,05b03f74f067a860902f7f7b,eligible_verified_subset
895d54261ba6ac852776923b,early_blight/ea08bf85-06df-41d8-8b09-29feb53cdccf___RS_Erly.B 7486.JPG,early_blight,PlantVillage:Tomato___Early_blight:::63.0,verified_group,12b33da9eefb27f6b3425f0a,eligible_verified_subset
5d7d4f068ac5880ef2fdbab0,early_blight/eaaea397-5e49-47e8-adad-f9a17e1cce65___RS_Erly.B 6487.JPG,early_blight,PlantVillage:Tomato___Early_blight:::28.0,verified_group,98bf5311447bf9512d13a108,eligible_verified_subset
6d556f81b55b0dcd78a09173,early_blight/eabc47ee-5023-476b-9992-53baa566d270___RS_Erly.B 7757.JPG,early_blight,PlantVillage:Tomato___Early_blight:::129.0,verified_group,fa26b9151c8dc3e235d5770d,eligible_verified_subset
53e4a4b327314c5833446190,early_blight/eaf0d111-089a-4808-a34c-dd40e3bb4db4___RS_Erly.B 8393.JPG,early_blight,PlantVillage:Tomato___Early_blight:::180.0,verified_group,2a19ee719395278c03a40870,eligible_verified_subset
9a942ab23bc7d73177bf4427,early_blight/eb2537b2-d6fa-4c70-b919-f90bbe2c65f2___RS_Erly.B 7605.JPG,early_blight,PlantVillage:Tomato___Early_blight:::92.0,verified_group,1c6a24a8464139ba59b3d10f,eligible_verified_subset
06d1bcec95bd36338f187ba7,early_blight/eb807a4d-9d14-49a0-af1f-1e26b093edff___RS_Erly.B 7409.JPG,early_blight,PlantVillage:Tomato___Early_blight:::45.0,verified_group,59911c960334e0155ee49f0e,eligible_verified_subset
b314e35cc52dc13e5d7e6b70,early_blight/eb84cf99-aee8-4acc-8d3d-c5a24c672eb4___RS_Erly.B 7423.JPG,early_blight,PlantVillage:Tomato___Early_blight:::49.0,verified_group,7bf301cc5ee4b484bd14040a,eligible_verified_subset
098935c15d9f2272ed7ad415,early_blight/eb94014e-83b7-46a4-9b1a-7cae23876302___RS_Erly.B 7471.JPG,early_blight,PlantVillage:Tomato___Early_blight:::59.0,verified_group,6de9157ac844f1f2aabcea44,eligible_verified_subset
9014814f5470df134e5610bc,early_blight/ec5d1d0a-2909-4c2d-81d5-4bbed298167b___RS_Erly.B 6340.JPG,early_blight,PlantVillage:Tomato___Early_blight:::2.0,verified_group,762d9641fe2600bb905e94b7,eligible_verified_subset
94fd7064a8641da2c819f800,early_blight/ecafc299-bc29-4b5a-9a9b-537362b81ed2___RS_Erly.B 7435.JPG,early_blight,PlantVillage:Tomato___Early_blight:::52.0,verified_group,259d5bdc9a8674bc0df70199,eligible_verified_subset
f49c5d68768561df2babbd7b,early_blight/eccf8abf-a178-464f-ba55-1d203f5f8a47___RS_Erly.B 6395.JPG,early_blight,PlantVillage:Tomato___Early_blight:::12.0,verified_group,bf1132890a82b02007643f52,eligible_verified_subset
05aeefe31d99c247aa5631ab,early_blight/ed68595a-4d05-413c-a173-fa32cc8aae38___RS_Erly.B 7635.JPG,early_blight,PlantVillage:Tomato___Early_blight:::99.0,verified_group,665361b30157dc1e45b86346,eligible_verified_subset
5bfb16119faf055876852566,early_blight/ed8eb85d-c4fa-4403-8b97-148ec0ac0661___RS_Erly.B 7642.JPG,early_blight,PlantVillage:Tomato___Early_blight:::101.0,verified_group,bd6198b8fb518e089330a7d9,eligible_verified_subset
d2849458e6663edac1a15831,early_blight/ee083b4e-3abc-4d9a-8395-de6c8ee27331___RS_Erly.B 9525.JPG,early_blight,PlantVillage:Tomato___Early_blight:::226.0,verified_group,26b605a7df988aecc5ec1fc0,eligible_verified_subset
d19418168947f1059574b975,early_blight/ee18e688-a12c-45aa-bd18-74df670c71bb___RS_Erly.B 7776.JPG,early_blight,PlantVillage:Tomato___Early_blight:::134.0,verified_group,3cecb3664ff97f4755c1e598,eligible_verified_subset
7e55e0316bb8522d46de2b9e,early_blight/ee69b7e2-34d6-455f-97f6-6f5c06216131___RS_Erly.B 7478.JPG,early_blight,PlantVillage:Tomato___Early_blight:::61.0,verified_group,67e1ff327635a7c1a01d8056,eligible_verified_subset
caf3f4a51b63156e9d0dbee9,early_blight/ee7a6de8-1aca-4a55-8c12-69be6277c1c1___RS_Erly.B 9591.JPG,early_blight,PlantVillage:Tomato___Early_blight:::243.0,verified_group,f2c5c7b83bd12a745be98963,eligible_verified_subset
2fb502cc7dd1dda7f0db697b,early_blight/eea79799-a869-4a1f-bfa2-5c85a27716ae___RS_Erly.B 8391.JPG,early_blight,PlantVillage:Tomato___Early_blight:::179.0,verified_group,246d6e2751cf7e82e3d62763,eligible_verified_subset
d8db7bfcdf051bded5c77dbe,early_blight/eefcdf5d-5207-47ca-916d-0479f010bae8___RS_Erly.B 9482.JPG,early_blight,PlantVillage:Tomato___Early_blight:::216.0,verified_group,2adb4f82800ecf9be85536b7,eligible_verified_subset
24716fe8ebed076f1aeb548c,early_blight/ef1bea6d-41dd-4f88-9a5e-854abf1a5101___RS_Erly.B 9539.JPG,early_blight,PlantVillage:Tomato___Early_blight:::230.0,verified_group,1f8dd2376eecc9cf40a30477,eligible_verified_subset
fe7c486c6f52c919d1191d56,early_blight/ef68398c-ec92-4e44-961a-5ec1a29d3c28___RS_Erly.B 9620.JPG,early_blight,PlantVillage:Tomato___Early_blight:::250.0,verified_group,215219ba8b2845ab73d72434,eligible_verified_subset
7cfa16e85e79a6118c49a3d9,early_blight/ef7a2893-ca76-4f77-beb4-5bfcc729e324___RS_Erly.B 7454.JPG,early_blight,PlantVillage:Tomato___Early_blight:::55.0,verified_group,8e87b5ee1869f85ce382dd30,eligible_verified_subset
a9e7b34fb33c4152cdadbc29,early_blight/efb0d54f-53c7-4a6a-a194-2bd449799c8c___RS_Erly.B 7726.JPG,early_blight,PlantVillage:Tomato___Early_blight:::122.0,verified_group,d024e70c0ee39575d4444bb5,eligible_verified_subset
022c40ead51aa167fcb9f121,early_blight/efd88799-7fbc-4638-b66b-4e49c7bf7b9f___RS_Erly.B 9390.JPG,early_blight,PlantVillage:Tomato___Early_blight:::193.0,verified_group,0c3de7355dadf7fcefb1a6d1,eligible_verified_subset
906a01621bad985f325705fa,early_blight/efe14014-c5b8-433b-a469-e10ca8d7c551___RS_Erly.B 7499.JPG,early_blight,PlantVillage:Tomato___Early_blight:::65.0,verified_group,26eda9a54a3f5d820f57eaba,eligible_verified_subset
4dba00ba779f643d41ea60aa,early_blight/f035e3c9-069a-4392-9f0c-80262511f616___RS_Erly.B 9373.JPG,early_blight,PlantVillage:Tomato___Early_blight:::189.0,verified_group,943cc5b2b2b49358d656ec1d,eligible_verified_subset
cbb9759ad76797158b08b47a,early_blight/f0763973-1898-4ae6-9350-c9b61976c600___RS_Erly.B 6456.JPG,early_blight,PlantVillage:Tomato___Early_blight:::22.0,verified_group,dafb5a4f3e85d1f2b3a5cc5f,eligible_verified_subset
d470b340402ee4626e3027da,early_blight/f0dfdada-f425-46d7-8cf3-2957850b5a2e___RS_Erly.B 9466.JPG,early_blight,PlantVillage:Tomato___Early_blight:::212.0,verified_group,181d2aa738dbf4f3c76247ab,eligible_verified_subset
c97d3892d6c3b8ef6261275f,early_blight/f0eb00dc-22da-4c8b-b86d-72157ea9e71d___RS_Erly.B 9610.JPG,early_blight,PlantVillage:Tomato___Early_blight:::248.0,verified_group,730e37b88ac043fca7ce8fcd,eligible_verified_subset
e4ed87f739799bc996cd0a12,early_blight/f188144b-d52c-40c5-a06f-07d5796f9ab0___RS_Erly.B 9553.JPG,early_blight,PlantVillage:Tomato___Early_blight:::233.0,verified_group,84b935dd43db9b1b35408176,eligible_verified_subset
cc4594c09590e5f55f5e3afd,early_blight/f26a0950-0a68-4850-8945-a8aca58da4fa___RS_Erly.B 7505.JPG,early_blight,PlantVillage:Tomato___Early_blight:::67.0,verified_group,f746db797cfeb9f63c5f5173,eligible_verified_subset
3d6f501f5e7168b6aa838bf7,early_blight/f33995ae-6456-476c-b832-4ff4cbaf49f7___RS_Erly.B 7525.JPG,early_blight,PlantVillage:Tomato___Early_blight:::72.0,verified_group,28f92ff8444e06c28c281980,eligible_verified_subset
c9d898cecdc6cf31a6813149,early_blight/f398656e-d695-4cea-89d8-13490de9264c___RS_Erly.B 7592.JPG,early_blight,PlantVillage:Tomato___Early_blight:::88.0,verified_group,7b0029f79d9afa80b847df07,eligible_verified_subset
48036c2617f220e89fd3179a,early_blight/f40b2786-1a17-46e6-b2cb-4ac1beb386fa___RS_Erly.B 6483.JPG,early_blight,PlantVillage:Tomato___Early_blight:::27.0,verified_group,700cbc1e31fc68b12aa80072,eligible_verified_subset
907f5444a42b3af5d7fa4667,early_blight/f432e10d-7fd7-4517-b635-cc7677f53d8e___RS_Erly.B 9590.JPG,early_blight,PlantVillage:Tomato___Early_blight:::243.0,verified_group,f2c5c7b83bd12a745be98963,eligible_verified_subset
01e831725a3aff58bc988f86,early_blight/f459c3ee-91f9-42e4-8a61-8c2b6ba9a435___RS_Erly.B 9522.JPG,early_blight,PlantVillage:Tomato___Early_blight:::226.0,verified_group,26b605a7df988aecc5ec1fc0,eligible_verified_subset
7c455a7784490430171b4ba3,early_blight/f4d4fe0b-d711-4a2c-b331-213787eda9b0___RS_Erly.B 6665.JPG,early_blight,PlantVillage:Tomato___Early_blight:::30.0,verified_group,0c2a50517b0570a278bd0520,eligible_verified_subset
7c4d12e2d29d3f4bce7585a5,early_blight/f4e5115b-ca57-4f02-9271-0c8eda45717e___RS_Erly.B 8317.JPG,early_blight,PlantVillage:Tomato___Early_blight:::170.0,verified_group,067080ae1a1f018ed97485f0,eligible_verified_subset
21fe2040db8a3df85a456a25,early_blight/f51330a5-e187-434f-add0-bd89f488eeee___RS_Erly.B 7699.JPG,early_blight,PlantVillage:Tomato___Early_blight:::115.0,verified_group,1ccbba71fb5c9575be7130b0,eligible_verified_subset
8963b3180e1a71c264619565,early_blight/f525cb66-09b6-4f96-93dd-d6bc936f5645___RS_Erly.B 7700.JPG,early_blight,PlantVillage:Tomato___Early_blight:::115.0,verified_group,1ccbba71fb5c9575be7130b0,eligible_verified_subset
c99f544adcd78917d8ef0b8f,early_blight/f547a0f4-912a-45ec-81aa-371ad12ecacf___RS_Erly.B 7608.JPG,early_blight,PlantVillage:Tomato___Early_blight:::92.0,verified_group,1c6a24a8464139ba59b3d10f,eligible_verified_subset
b278aed0ecf2b88ee9149148,early_blight/f59545f4-cded-405a-bf6f-f4b77e51e2ff___RS_Erly.B 7737.JPG,early_blight,PlantVillage:Tomato___Early_blight:::124.0,verified_group,bed50169bba28bd1c65a47f4,eligible_verified_subset
fd2a7aab5df9e62ca06329cf,early_blight/f5ec4428-6e58-4bc6-9ba2-3a6f5b4f374e___RS_Erly.B 6365.JPG,early_blight,PlantVillage:Tomato___Early_blight:::7.0,verified_group,9d87401a5f5e0a098b495a78,eligible_verified_subset
f17ad29d6547c753d343f076,early_blight/f62b2695-c850-47d4-9e42-e35e5596e729___RS_Erly.B 7777.JPG,early_blight,PlantVillage:Tomato___Early_blight:::134.0,verified_group,3cecb3664ff97f4755c1e598,eligible_verified_subset
e88521dc6443ef33ed7e57e7,early_blight/f62e84ae-2bd4-4b15-918a-639c0470c25d___RS_Erly.B 7761.JPG,early_blight,PlantVillage:Tomato___Early_blight:::130.0,verified_group,d8a6749da16e47b4c4762c66,eligible_verified_subset
5cad04fa24406fa8670d728a,early_blight/f63f3650-9f84-45f9-898b-a6adef0294a3___RS_Erly.B 8419.JPG,early_blight,PlantVillage:Tomato___Early_blight:::183.0,verified_group,b4f12ef84bfa32b7ec5e13f9,eligible_verified_subset
d9e6befacd06446df8cbcb5c,early_blight/f64da90c-b9ca-4453-896f-4cd9e358c24a___RS_Erly.B 8223.JPG,early_blight,PlantVillage:Tomato___Early_blight:::158.0,verified_group,220cb8c44e2efce816ad2c50,eligible_verified_subset
456da1c3011aaf55743d0f17,early_blight/f6ddeb19-8aa3-40f5-8b60-b2f404f13407___RS_Erly.B 7705.JPG,early_blight,PlantVillage:Tomato___Early_blight:::116.0,verified_group,c0aae06d499d17bd08e9cc88,eligible_verified_subset
f1f1f1429a1db95ebb97c92d,early_blight/f7065117-14b1-44f1-b9ec-953b61fd3368___RS_Erly.B 9544.JPG,early_blight,PlantVillage:Tomato___Early_blight:::231.0,verified_group,f0d0c1d39e3bc2c06b95fdb9,eligible_verified_subset
165aca4831448d07432aa705,early_blight/f7357222-4e77-4c46-a0ff-a17e165a70ff___RS_Erly.B 9619.JPG,early_blight,PlantVillage:Tomato___Early_blight:::250.0,verified_group,215219ba8b2845ab73d72434,eligible_verified_subset
c3a4885dfda970c59efdea3f,early_blight/f7682a27-eeb7-4e22-89f0-df8531c5fb8f___RS_Erly.B 7728.JPG,early_blight,PlantVillage:Tomato___Early_blight:::122.0,verified_group,d024e70c0ee39575d4444bb5,eligible_verified_subset
ba04c42e57d968ec5f77c2ce,early_blight/f79134d0-8c6a-43ad-ba78-9323f9a9f84f___RS_Erly.B 9427.JPG,early_blight,PlantVillage:Tomato___Early_blight:::203.0,verified_group,931ad7b7f0651d59a7ca5ab2,eligible_verified_subset
12b0e2fcb49b00f132c75831,early_blight/f7ab79a6-43d3-4ece-9461-43742519a221___RS_Erly.B 8290.JPG,early_blight,PlantVillage:Tomato___Early_blight:::166.0,verified_group,8caf223a996dc42fc729c071,eligible_verified_subset
7076f2176e419e8126d9cc06,early_blight/f7beb64a-f8be-46d8-b4ea-637fb71e7509___RS_Erly.B 7711.JPG,early_blight,PlantVillage:Tomato___Early_blight:::118.0,verified_group,d31dfcdfee913a68ffb66cea,eligible_verified_subset
30250634949e718ea5478434,early_blight/f834c581-d183-4a7a-98a5-77e8e2cbfa69___RS_Erly.B 7722.JPG,early_blight,PlantVillage:Tomato___Early_blight:::121.0,verified_group,60fc33f14211301e1d15d80b,eligible_verified_subset
e4ae2ddb9a1da0fb9e935ca8,early_blight/f8374b63-016a-4b76-9ca8-df348cb44564___RS_Erly.B 7688.JPG,early_blight,PlantVillage:Tomato___Early_blight:::112.0,verified_group,4bfd1d15e03d56a5a3b6f4e1,eligible_verified_subset
3033a65fdb047f78377ec73a,early_blight/f870ea24-aac9-41cd-92a3-72f87d395c33___RS_Erly.B 7598.JPG,early_blight,PlantVillage:Tomato___Early_blight:::90.0,verified_group,33609e98232db3a2b134e008,eligible_verified_subset
79d62c38347cb78c4b82a19e,early_blight/f882f8cc-49bc-49f6-a6c0-fbffe60d81a0___RS_Erly.B 7672.JPG,early_blight,PlantVillage:Tomato___Early_blight:::108.0,verified_group,4eea25e0bc9ba8194b22a7c8,eligible_verified_subset
aed3dcf37204c90c67f48ee0,early_blight/f88be630-f853-48f8-b546-a2f7966368a2___RS_Erly.B 7418.JPG,early_blight,PlantVillage:Tomato___Early_blight:::48.0,verified_group,48117e7937d3a11593d9ca79,eligible_verified_subset
6be8c768b58ad613682bf9cc,early_blight/f899b748-cd86-460f-a202-a6946e04946e___RS_Erly.B 7494.JPG,early_blight,PlantVillage:Tomato___Early_blight:::64.0,verified_group,a8015db2b6e896349d2e4b2a,eligible_verified_subset
1418cc59c4006379591422f2,early_blight/f8aaa5e3-fe38-4815-8f1d-8ca71db15a8f___RS_Erly.B 7511.JPG,early_blight,PlantVillage:Tomato___Early_blight:::68.0,verified_group,74a1a26a5935e2d45c2ae498,eligible_verified_subset
1ec519c9f998cc110c38774d,early_blight/f8babb7d-af2d-495c-9d99-cf215c8c67af___RS_Erly.B 9462.JPG,early_blight,PlantVillage:Tomato___Early_blight:::211.0,verified_group,74f99eb8c4c3535c6fa22715,eligible_verified_subset
1082903855725cd490573185,early_blight/f9095543-43a8-4dac-8d06-041203fa5af5___RS_Erly.B 6435.JPG,early_blight,PlantVillage:Tomato___Early_blight:::18.0,verified_group,d3b24e4a7d8ccaa340d90926,eligible_verified_subset
517164a5a5eef5e9c2c7c22b,early_blight/f91230c1-b28c-46fe-ab7a-329fdb689a02___RS_Erly.B 9439.JPG,early_blight,PlantVillage:Tomato___Early_blight:::205.0,verified_group,ec65f0232344e2b90b4b9141,eligible_verified_subset
0c193767e52e726c91ca4a80,early_blight/f93578b3-4b98-4b13-95c3-495c656963f4___RS_Erly.B 8340.JPG,early_blight,PlantVillage:Tomato___Early_blight:::173.0,verified_group,ad56f24575df5a9cd4e9d904,eligible_verified_subset
c668abb90cbb4cb70f8211f1,early_blight/f9f35406-f925-4c34-a1f5-0f73563033a0___RS_Erly.B 7570.JPG,early_blight,PlantVillage:Tomato___Early_blight:::83.0,verified_group,96c46eb33bdd3943fbbfb0c9,eligible_verified_subset
786499873d88e2129a039ddd,early_blight/fa5e382e-d1ad-42f9-a4e5-afb343f77a53___RS_Erly.B 9453.JPG,early_blight,PlantVillage:Tomato___Early_blight:::209.0,verified_group,93634c2e6b8f1d5eddda4f8f,eligible_verified_subset
8ab00373517376a44f744638,early_blight/fad513f7-c56a-439a-9a5b-515bd0fc8151___RS_Erly.B 9458.JPG,early_blight,PlantVillage:Tomato___Early_blight:::210.0,verified_group,6bd1bee95979248661f9ec4c,eligible_verified_subset
ef3947a0ced0da8365be1436,early_blight/fae08468-fe96-4604-9b86-bfe4c4f06999___RS_Erly.B 9530.JPG,early_blight,PlantVillage:Tomato___Early_blight:::228.0,verified_group,e1be082a72c57fee91aa091e,eligible_verified_subset
a792b0c8e771c5076827c77d,early_blight/fb2aaea3-f1cd-49c3-aa02-b640c62e59f5___RS_Erly.B 9389.JPG,early_blight,PlantVillage:Tomato___Early_blight:::193.0,verified_group,0c3de7355dadf7fcefb1a6d1,eligible_verified_subset
0d48a75f0e9b8793420d297a,early_blight/fb3352cc-9189-4214-8b94-a60c6a392c96___RS_Erly.B 9600.JPG,early_blight,PlantVillage:Tomato___Early_blight:::245.0,verified_group,39eccc1f00414fdf3933fbf8,eligible_verified_subset
2abb2c1297df1872cf2d4f7d,early_blight/fb956247-8c0b-486a-b491-4d49e77e598e___RS_Erly.B 7842.JPG,early_blight,PlantVillage:Tomato___Early_blight:::151.0,verified_group,5f1631780921ef172b905247,exclude_unresolved_component
f3b474f6cf971029a88eb99e,early_blight/fbb02290-8863-482f-b898-0ea83a2b2fee___RS_Erly.B 9592.JPG,early_blight,PlantVillage:Tomato___Early_blight:::243.0,verified_group,f2c5c7b83bd12a745be98963,eligible_verified_subset
c7d2efe389a38f46c83bc9fc,early_blight/fbb79594-419e-4bb7-9afa-6b9c0ba89033___RS_Erly.B 7644.JPG,early_blight,PlantVillage:Tomato___Early_blight:::101.0,verified_group,bd6198b8fb518e089330a7d9,eligible_verified_subset
d8646fe1d7adadec44d9fd20,early_blight/fbc07887-0306-4f85-9de9-ebb68a87753a___RS_Erly.B 7456.JPG,early_blight,PlantVillage:Tomato___Early_blight:::56.0,verified_group,f597f942e3952c7058ab2d99,eligible_verified_subset
0e6fca5d214bd33bc538f0bf,early_blight/fbe86131-6873-460e-880a-6ee8576b6bc9___RS_Erly.B 7551.JPG,early_blight,PlantVillage:Tomato___Early_blight:::78.0,verified_group,e0e3b6c18a0a7e876462595a,eligible_verified_subset
2b85268f832f1eeea1acd41f,early_blight/fc296f63-8cb3-42f1-a9c1-f6ed8e49777c___RS_Erly.B 6400.JPG,early_blight,PlantVillage:Tomato___Early_blight:::12.0,verified_group,bf1132890a82b02007643f52,eligible_verified_subset
4efff407d0ce3490de53bb4d,early_blight/fc38942e-e609-41a2-970c-cc1a67b16fe2___RS_Erly.B 7793.JPG,early_blight,PlantVillage:Tomato___Early_blight:::138.0,verified_group,f2010f44e72ca909736e9016,eligible_verified_subset
ccb7d993c6968c2c5c5f8c8c,early_blight/fcbc5323-1679-416c-bb10-534e686f21bd___RS_Erly.B 7801.JPG,early_blight,PlantVillage:Tomato___Early_blight:::140.0,verified_group,ef033740df695d92ccd13c05,eligible_verified_subset
a654b5da6a08cab19e27fa3d,early_blight/fcf8557f-890e-441b-9dc1-c8854f694f2e___RS_Erly.B 9505.JPG,early_blight,PlantVillage:Tomato___Early_blight:::222.0,verified_group,c6e5d3378532073062845a78,eligible_verified_subset
2e1847e3ba594b1ee49baea3,early_blight/fcf97241-bd84-4829-b326-72590a3f4f59___RS_Erly.B 7555.JPG,early_blight,PlantVillage:Tomato___Early_blight:::79.0,verified_group,bca30d32aa1f42e18f4c0485,eligible_verified_subset
479a81a203bdac5b91ac567a,early_blight/fd6417ac-d076-4658-a4f8-6916d781c72a___RS_Erly.B 7360.JPG,early_blight,PlantVillage:Tomato___Early_blight:::34.0,verified_group,6c3499b457e78ea2eb4287a3,eligible_verified_subset
68ffa3b6e3d14c0442f58418,early_blight/fdc50285-836e-4707-a17d-388b8179c87c___RS_Erly.B 7812.JPG,early_blight,PlantVillage:Tomato___Early_blight:::143.0,verified_group,fb143bb809e4deea1d21f9cd,eligible_verified_subset
29b9c8f55ae4194f2bfceb3c,early_blight/fe167aa5-089e-4295-ad85-071819b7b692___RS_Erly.B 9403.JPG,early_blight,PlantVillage:Tomato___Early_blight:::197.0,verified_group,7f5a5f5a84358bcfd12af26a,eligible_verified_subset
776ce9d8cb2a14398ef2d19c,early_blight/fe46f781-a40c-4c73-9e2c-50872f1ab370___RS_Erly.B 8348.JPG,early_blight,PlantVillage:Tomato___Early_blight:::174.0,verified_group,803ce875de96c08d9d4697df,eligible_verified_subset
6f99b42fb2387b4ca07eb51e,early_blight/fe79c70c-0977-43f3-ad1b-3a1b4bceeceb___RS_Erly.B 7506.JPG,early_blight,PlantVillage:Tomato___Early_blight:::67.0,verified_group,f746db797cfeb9f63c5f5173,eligible_verified_subset
8c92b5789484555c93c58886,early_blight/fe856320-407c-4390-9960-a6a539371182___RS_Erly.B 7624.JPG,early_blight,PlantVillage:Tomato___Early_blight:::96.0,verified_group,8209d936036c11851b7b9cef,eligible_verified_subset
36ea53f5b2ab87d9210fa80d,early_blight/fee744d4-d0e5-439d-8b7b-04f8394251e8___RS_Erly.B 7396.JPG,early_blight,PlantVillage:Tomato___Early_blight:::42.0,verified_group,e3681164fbbf607df75e7cee,eligible_verified_subset
e195916beadf8cdc6c6d1119,early_blight/ff422d28-d002-4382-80bf-30f78f66c677___RS_Erly.B 6492.JPG,early_blight,PlantVillage:Tomato___Early_blight:::29.0,verified_group,d9e9291223914ea9e7a960ab,eligible_verified_subset
9b5d343914d0f6872b2c4911,early_blight/ff83852f-65e0-4981-8c66-6b86d34b32c2___RS_Erly.B 9582.JPG,early_blight,PlantVillage:Tomato___Early_blight:::241.0,verified_group,b40334f85b0be830a13dfe4d,eligible_verified_subset
0d4e8f1b1a27d493a550a7a7,healthy/000146ff-92a4-4db6-90ad-8fce2ae4fddd___GH_HL Leaf 259.1.JPG,healthy,fallback:0d4e8f1b1a27d493a550a7a7,fallback_group,0d4e8f1b1a27d493a550a7a7,exclude_unresolved_component
7d5b6fc12d46664b41f3132a,healthy/000bf685-b305-408b-91f4-37030f8e62db___GH_HL Leaf 308.1.JPG,healthy,fallback:7d5b6fc12d46664b41f3132a,fallback_group,7d5b6fc12d46664b41f3132a,exclude_unresolved_component
2df945423b0725eadd1e8f75,healthy/0031da2a-8edd-468f-a8b1-106657717a32___RS_HL 0105.JPG,healthy,PlantVillage:Tomato___healthy:::26.0,verified_group,2df945423b0725eadd1e8f75,eligible_verified_subset
99e959edf6d58cc109eef4f4,healthy/003944fc-3b99-4a0f-9ed4-0e07352fd8b3___RS_HL 9844.JPG,healthy,PlantVillage:Tomato___healthy:::214.0,verified_group,99e959edf6d58cc109eef4f4,eligible_verified_subset
e15400025d4ffb8bc8eb5b6d,healthy/00bce074-967b-4d50-967a-31fdaa35e688___RS_HL 0223.JPG,healthy,PlantVillage:Tomato___healthy:::56.0,verified_group,e15400025d4ffb8bc8eb5b6d,eligible_verified_subset
f7d9ff3811bc7504a69fd560,healthy/014b5e19-7917-4d76-b632-b5dd31d999ec___RS_HL 9640.JPG,healthy,PlantVillage:Tomato___healthy:::163.0,verified_group,f7d9ff3811bc7504a69fd560,eligible_verified_subset
f7f6bfd752085cd9803f1b2c,healthy/01700b46-3800-46c6-ab81-09a5f50af525___RS_HL 0108.JPG,healthy,PlantVillage:Tomato___healthy:::27.0,verified_group,f7f6bfd752085cd9803f1b2c,eligible_verified_subset
d4ec09c2fbfe9b86840c3e0e,healthy/0172e56c-8bb8-4e75-8ac7-509df81393e8___RS_HL 0580.JPG,healthy,PlantVillage:Tomato___healthy:::144.0,verified_group,d4ec09c2fbfe9b86840c3e0e,eligible_verified_subset
ccc19383b575fb12e98065a9,healthy/017a4026-813a-4983-887a-4052bb78c397___RS_HL 0218.JPG,healthy,PlantVillage:Tomato___healthy:::54.0,verified_group,ccc19383b575fb12e98065a9,eligible_verified_subset
0a5afedcb15e51d21f9a76f6,healthy/0184dc6b-bfc1-4515-ac59-bbadaf524e1a___GH_HL Leaf 422.1.JPG,healthy,fallback:0a5afedcb15e51d21f9a76f6,fallback_group,0a5afedcb15e51d21f9a76f6,exclude_unresolved_component
051cae8fd4c390e71bb3834c,healthy/01c1da17-8d9f-4d69-8a1e-58d37453d3c3___RS_HL 9641.JPG,healthy,PlantVillage:Tomato___healthy:::163.0,verified_group,f7d9ff3811bc7504a69fd560,eligible_verified_subset
a1b2abb89f0b4996dd7b988f,healthy/01f98912-9627-4ce0-8f0f-e451b7acbb6c___RS_HL 0509.JPG,healthy,PlantVillage:Tomato___healthy:::127.0,verified_group,a1b2abb89f0b4996dd7b988f,eligible_verified_subset
553e18cdd217e1cc9a764cd2,healthy/025bc454-a051-42d2-b547-316f8cc3dc55___GH_HL Leaf 297.JPG,healthy,fallback:553e18cdd217e1cc9a764cd2,fallback_group,553e18cdd217e1cc9a764cd2,exclude_unresolved_component
18aa70142ba4e3879db3c50a,healthy/02b4afdf-e1de-4c0e-a38d-3f19afeb9ea9___RS_HL 0493.JPG,healthy,PlantVillage:Tomato___healthy:::123.0,verified_group,18aa70142ba4e3879db3c50a,eligible_verified_subset
eceb51500c7d855adf7d2762,healthy/02d94768-da6d-4c1a-b8b3-fa2e5a2fcd4d___RS_HL 0449.JPG,healthy,PlantVillage:Tomato___healthy:::112.0,verified_group,eceb51500c7d855adf7d2762,eligible_verified_subset
4d98bfa9050d5366e68aebc3,healthy/0326b4b6-0f25-47af-bfd9-d8fec314a4f5___RS_HL 0621.JPG,healthy,PlantVillage:Tomato___healthy:::153.0,verified_group,4d98bfa9050d5366e68aebc3,eligible_verified_subset
de62dc4025a2cc96e81991a2,healthy/0372686b-04b2-4a25-98da-5801747fa1af___RS_HL 0391.JPG,healthy,PlantVillage:Tomato___healthy:::98.0,verified_group,de62dc4025a2cc96e81991a2,eligible_verified_subset
b096f1052c6ebda0c442f04e,healthy/03bc8804-bc25-4930-b9bf-35c35920dc3f___RS_HL 9940.JPG,healthy,PlantVillage:Tomato___healthy:::237.0,verified_group,b096f1052c6ebda0c442f04e,eligible_verified_subset
7f527234a5b5c93526159084,healthy/04141939-3a8c-47b2-a582-e8371ccc120f___RS_HL 0275.JPG,healthy,PlantVillage:Tomato___healthy:::69.0,verified_group,7f527234a5b5c93526159084,eligible_verified_subset
1ace6e019776ffed34807038,healthy/042d59c2-2fd8-45c2-91bb-c0a05dd07f30___RS_HL 0257.JPG,healthy,PlantVillage:Tomato___healthy:::64.0,verified_group,1ace6e019776ffed34807038,eligible_verified_subset
71c292cc66381cb80bcf8e71,healthy/04483b12-5e9c-4e74-a5b6-e8c87f60b43f___GH_HL Leaf 439.JPG,healthy,fallback:71c292cc66381cb80bcf8e71,fallback_group,71c292cc66381cb80bcf8e71,exclude_unresolved_component
ccf65fbff50635279f07666e,healthy/04c78dad-c1eb-4a1b-bfeb-da4c7cc528e1___RS_HL 9688.JPG,healthy,PlantVillage:Tomato___healthy:::175.0,verified_group,ccf65fbff50635279f07666e,eligible_verified_subset
43c4bf9de4b1c5d3c6cce6cf,healthy/04dec2d5-560b-4f34-a4a1-36b034031e4d___RS_HL 0516.JPG,healthy,PlantVillage:Tomato___healthy:::129.0,verified_group,43c4bf9de4b1c5d3c6cce6cf,eligible_verified_subset
ede464d6e7b3cf7789d0028b,healthy/050e7bff-2f2d-4c92-9422-05ce93f1d5a9___RS_HL 0097.JPG,healthy,PlantVillage:Tomato___healthy:::24.0,verified_group,ede464d6e7b3cf7789d0028b,eligible_verified_subset
5e45a4afd16b414e6113b02e,healthy/05598cc1-60b9-4436-a233-973c42eff2d6___GH_HL Leaf 503.1.JPG,healthy,fallback:5e45a4afd16b414e6113b02e,fallback_group,5e45a4afd16b414e6113b02e,exclude_unresolved_component
0fc6b00c3968a3023f6a20b9,healthy/0576ef4b-c843-4dfb-b148-c917f7d605b7___GH_HL Leaf 299.JPG,healthy,fallback:0fc6b00c3968a3023f6a20b9,fallback_group,0fc6b00c3968a3023f6a20b9,exclude_unresolved_component
50c477941df9a88800b9bb02,healthy/058ade43-2361-4039-bbe5-0ac661828c01___GH_HL Leaf 325.1.JPG,healthy,fallback:50c477941df9a88800b9bb02,fallback_group,50c477941df9a88800b9bb02,exclude_unresolved_component
accb2fe1a47d8c8829c690e1,healthy/06040967-7b02-43b5-a3fc-4490a9a7ded6___RS_HL 0508.JPG,healthy,PlantVillage:Tomato___healthy:::127.0,verified_group,a1b2abb89f0b4996dd7b988f,eligible_verified_subset
69c50adec5fd05a8480424f8,healthy/061bd6f1-8532-4bc8-977d-bc48ffab4ac3___RS_HL 0476.JPG,healthy,PlantVillage:Tomato___healthy:::119.0,verified_group,69c50adec5fd05a8480424f8,eligible_verified_subset
9d7d9c5e440d764abc728932,healthy/062c4b5a-59d7-4bc8-a1d0-abdeb6fc9c0e___RS_HL 0295.JPG,healthy,PlantVillage:Tomato___healthy:::74.0,verified_group,9d7d9c5e440d764abc728932,eligible_verified_subset
f0dd382d1981c1750e1510f9,healthy/063d05a7-1a53-4631-818d-44b34126974e___GH_HL Leaf 453.JPG,healthy,fallback:f0dd382d1981c1750e1510f9,fallback_group,f0dd382d1981c1750e1510f9,exclude_unresolved_component
124227a9ca1e7594842a019b,healthy/065cd824-d515-49f6-a68a-c1b6dd313472___RS_HL 0139.JPG,healthy,PlantVillage:Tomato___healthy:::35.0,verified_group,124227a9ca1e7594842a019b,eligible_verified_subset
5f576249887950216c7a3958,healthy/06639369-2e38-48cc-a27a-5b90388d227e___RS_HL 0389.JPG,healthy,PlantVillage:Tomato___healthy:::97.0,verified_group,5f576249887950216c7a3958,eligible_verified_subset
319b0f1e879ba6187f823fcd,healthy/06704d9f-3bbc-40cd-a5eb-258ed55e172b___GH_HL Leaf 491.1.JPG,healthy,fallback:319b0f1e879ba6187f823fcd,fallback_group,319b0f1e879ba6187f823fcd,exclude_unresolved_component
aa519cc041d545982c7c114a,healthy/068e324c-faf6-40d6-8f83-578907f1cac5___GH_HL Leaf 466.1.JPG,healthy,fallback:aa519cc041d545982c7c114a,fallback_group,aa519cc041d545982c7c114a,exclude_unresolved_component
f3871706049a3cc38b6705a2,healthy/06d3fe74-beca-4722-ae07-eeb671b82780___RS_HL 9701.JPG,healthy,PlantVillage:Tomato___healthy:::178.0,verified_group,f3871706049a3cc38b6705a2,eligible_verified_subset
6509fc05a5caa3f483bd7cf2,healthy/06d90ad5-eb13-49aa-ae04-3a4a5454963d___RS_HL 0620.JPG,healthy,PlantVillage:Tomato___healthy:::153.0,verified_group,4d98bfa9050d5366e68aebc3,eligible_verified_subset
10f8aa2855e871b6dddc0432,healthy/06ee1c8d-fbe4-48e9-a1b2-fed7ed5539f7___GH_HL Leaf 293.JPG,healthy,fallback:10f8aa2855e871b6dddc0432,fallback_group,10f8aa2855e871b6dddc0432,exclude_unresolved_component
2ff4b2c465086fcccc33eb7d,healthy/0764ce38-ecb9-4046-88d9-c8f176c6ee8b___GH_HL Leaf 423.JPG,healthy,fallback:2ff4b2c465086fcccc33eb7d,fallback_group,2ff4b2c465086fcccc33eb7d,exclude_unresolved_component
7c2f9985c3ee8dda0b82cb3e,healthy/0764cff7-f198-467a-9afd-d9f0c7bcf7c9___RS_HL 0443.JPG,healthy,PlantVillage:Tomato___healthy:::111.0,verified_group,7c2f9985c3ee8dda0b82cb3e,eligible_verified_subset
a10f72663553d305765e50c7,healthy/07776423-f0af-455c-a7c1-36215c7e7097___RS_HL 0321.JPG,healthy,PlantVillage:Tomato___healthy:::80.0,verified_group,a10f72663553d305765e50c7,eligible_verified_subset
a5b756e477334f430747a1cd,healthy/0782c04b-2a91-4e10-89a7-cf3d3e48be82___RS_HL 9645.JPG,healthy,PlantVillage:Tomato___healthy:::164.0,verified_group,a5b756e477334f430747a1cd,eligible_verified_subset
5e1db6ca21c87612d2f8bf4d,healthy/07b44f68-fa0b-44b5-91cc-c6a7144fcc93___RS_HL 0357.JPG,healthy,PlantVillage:Tomato___healthy:::89.0,verified_group,5e1db6ca21c87612d2f8bf4d,eligible_verified_subset
2dd3bbbbd31ab1b6e8388837,healthy/07c3c887-da7d-4c81-b6ae-fabd1fb0ba5a___RS_HL 9681.JPG,healthy,PlantVillage:Tomato___healthy:::173.0,verified_group,2dd3bbbbd31ab1b6e8388837,eligible_verified_subset
748c09fd231f4f9f0cbdc258,healthy/07cb5416-a029-467f-a306-252c2a64d2e6___RS_HL 0543.JPG,healthy,PlantVillage:Tomato___healthy:::136.0,verified_group,748c09fd231f4f9f0cbdc258,eligible_verified_subset
6e8ece98b9d5f11091624e0e,healthy/083426c2-0042-4788-91ea-b7d93395c24a___RS_HL 9929.JPG,healthy,PlantVillage:Tomato___healthy:::234.0,verified_group,6e8ece98b9d5f11091624e0e,eligible_verified_subset
3b02b2f81d30d920c2871292,healthy/085cbe78-1d5c-45eb-877f-f409526032d5___GH_HL Leaf 469.JPG,healthy,fallback:3b02b2f81d30d920c2871292,fallback_group,3b02b2f81d30d920c2871292,exclude_unresolved_component
161422fc4c8ac3bcd4644373,healthy/0864ab65-d40d-4902-8213-09df86cf049e___GH_HL Leaf 400.JPG,healthy,fallback:161422fc4c8ac3bcd4644373,fallback_group,161422fc4c8ac3bcd4644373,exclude_unresolved_component
11b865e84759809fa50221a4,healthy/087e3b12-a80b-435f-8973-a3b07888f8b4___RS_HL 9847.JPG,healthy,PlantVillage:Tomato___healthy:::215.0,verified_group,11b865e84759809fa50221a4,eligible_verified_subset
38080c83e55f8d98c7173bd7,healthy/0894c925-d193-412f-961d-d188b57ee337___GH_HL Leaf 393.JPG,healthy,fallback:38080c83e55f8d98c7173bd7,fallback_group,38080c83e55f8d98c7173bd7,exclude_unresolved_component
bd6e154513696beb7bab1ed7,healthy/08c1c1e5-bb78-44d5-b46f-a86386c0ef3b___RS_HL 0063.JPG,healthy,PlantVillage:Tomato___healthy:::16.0,verified_group,bd6e154513696beb7bab1ed7,eligible_verified_subset
40fb4451dfc4e31355746399,healthy/0902aa8e-e4f7-4c29-b11a-b2b7f24fe61c___GH_HL Leaf 228.1.JPG,healthy,fallback:40fb4451dfc4e31355746399,fallback_group,40fb4451dfc4e31355746399,exclude_unresolved_component
9a8fd36be5b62dd2d6e5dcad,healthy/0920bfd6-6c70-432b-be33-cccb6abb0f31___GH_HL Leaf 181.1.JPG,healthy,fallback:9a8fd36be5b62dd2d6e5dcad,fallback_group,9a8fd36be5b62dd2d6e5dcad,exclude_unresolved_component
8349a96322467404f4ce5516,healthy/0922314c-48ce-4a7b-a042-68fecb43a228___RS_HL 0260.JPG,healthy,PlantVillage:Tomato___healthy:::65.0,verified_group,8349a96322467404f4ce5516,eligible_verified_subset
c28721a834a896f3448801c9,healthy/0971aa89-8f72-4f66-b4ee-dceca73add54___GH_HL Leaf 318.JPG,healthy,fallback:c28721a834a896f3448801c9,fallback_group,c28721a834a896f3448801c9,exclude_unresolved_component
29c580f25caf4e26ce34c90f,healthy/0972d906-c7f6-4c30-80f5-6c665ea36770___RS_HL 0115.JPG,healthy,PlantVillage:Tomato___healthy:::29.0,verified_group,29c580f25caf4e26ce34c90f,eligible_verified_subset
a642b370bda2cff4671f9bb8,healthy/0988fc05-ee41-4e17-9f28-fbdd03266ae6___RS_HL 9928.JPG,healthy,PlantVillage:Tomato___healthy:::234.0,verified_group,6e8ece98b9d5f11091624e0e,eligible_verified_subset
db4ebc64b26b22ca50d98c1f,healthy/09c0d78a-c9ca-4dc4-aa10-e25530890b20___GH_HL Leaf 424.1.JPG,healthy,fallback:db4ebc64b26b22ca50d98c1f,fallback_group,db4ebc64b26b22ca50d98c1f,exclude_unresolved_component
9fad8fdf616d93199ce5e4ff,healthy/09e0f4bb-e933-4969-8097-58cf47065790___RS_HL 0387.JPG,healthy,PlantVillage:Tomato___healthy:::97.0,verified_group,5f576249887950216c7a3958,eligible_verified_subset
e43b5a3abb94153aca756086,healthy/0a0d6a11-ddd6-4dac-8469-d5f65af5afca___RS_HL 0555.JPG,healthy,PlantVillage:Tomato___healthy:::139.0,verified_group,e43b5a3abb94153aca756086,eligible_verified_subset
72a595ea947f4b3c06a82fab,healthy/0a205a11-1e64-49f7-93c2-ad59312b4f83___RS_HL 0334.JPG,healthy,PlantVillage:Tomato___healthy:::83.0,verified_group,72a595ea947f4b3c06a82fab,eligible_verified_subset
e3bd7e0739e1386dca62f4ae,healthy/0a31e630-0d98-416b-b0e4-88a88aad1dc5___RS_HL 9653.JPG,healthy,PlantVillage:Tomato___healthy:::166.0,verified_group,e3bd7e0739e1386dca62f4ae,eligible_verified_subset
ea4bd524e9d4ae5ceb78d661,healthy/0a334ae6-bea3-4453-b200-85e082794d56___GH_HL Leaf 310.1.JPG,healthy,fallback:ea4bd524e9d4ae5ceb78d661,fallback_group,ea4bd524e9d4ae5ceb78d661,exclude_unresolved_component
fa71caca029d6eb0c31a8e10,healthy/0a86ddc0-4950-4efc-9260-0f16d4db046b___RS_HL 0469.JPG,healthy,PlantVillage:Tomato___healthy:::117.0,verified_group,fa71caca029d6eb0c31a8e10,eligible_verified_subset
77d99c9480fd5d81dae9cd72,healthy/0a9986e6-b629-4ff5-8aab-7488ea9b935b___RS_HL 9704.JPG,healthy,PlantVillage:Tomato___healthy:::179.0,verified_group,77d99c9480fd5d81dae9cd72,eligible_verified_subset
46fa0719a3c92035a6f10ef9,healthy/0aacdad5-c9b9-4309-96e3-0797bbed1375___RS_HL 9836.JPG,healthy,PlantVillage:Tomato___healthy:::212.0,verified_group,46fa0719a3c92035a6f10ef9,eligible_verified_subset
86c79be836880176cf19d2e9,healthy/0b330273-890c-4995-af72-cba070fc0061___GH_HL Leaf 312.JPG,healthy,fallback:86c79be836880176cf19d2e9,fallback_group,86c79be836880176cf19d2e9,exclude_unresolved_component
89c08eee79825124caca4a4f,healthy/0b5cfce2-38fd-4984-8926-2d2911c48490___RS_HL 9733.JPG,healthy,PlantVillage:Tomato___healthy:::186.0,verified_group,89c08eee79825124caca4a4f,eligible_verified_subset
6a310414c879a6f29befa5c1,healthy/0bfe260c-a71e-474e-bfb1-78f1e5ca5698___RS_HL 0497.JPG,healthy,PlantVillage:Tomato___healthy:::124.0,verified_group,6a310414c879a6f29befa5c1,eligible_verified_subset
3ed2670854723e734f5119cb,healthy/0c3eaf2d-8203-441d-9248-1c64e00b5b8b___RS_HL 0018.JPG,healthy,PlantVillage:Tomato___healthy:::4.0,verified_group,3ed2670854723e734f5119cb,eligible_verified_subset
618b3887ad98f81a88ac40f7,healthy/0c4b06d5-4053-44fc-99b6-504934fdd3a9___GH_HL Leaf 199.1.JPG,healthy,fallback:618b3887ad98f81a88ac40f7,fallback_group,618b3887ad98f81a88ac40f7,exclude_unresolved_component
a5c208d71cf5cb8d12da91ea,healthy/0c8c9c80-b7e0-47a7-81d3-b5a2174e545d___GH_HL Leaf 496.1.JPG,healthy,fallback:a5c208d71cf5cb8d12da91ea,fallback_group,a5c208d71cf5cb8d12da91ea,exclude_unresolved_component
ee9b0e4cf772d19aec2db19c,healthy/0cabff41-b00b-4692-98af-6b8b0aeba7aa___RS_HL 9774.JPG,healthy,PlantVillage:Tomato___healthy:::197.0,verified_group,ee9b0e4cf772d19aec2db19c,eligible_verified_subset
0c45f4ea13b402bcaf505d86,healthy/0caff918-5807-40f2-b9e4-7dd34a7bab5d___RS_HL 0345.JPG,healthy,PlantVillage:Tomato___healthy:::86.0,verified_group,0c45f4ea13b402bcaf505d86,eligible_verified_subset
7eacb5ebc8c00e4cb17262e2,healthy/0cb10f98-491d-4e1f-b8ea-4fb0f1b3675f___GH_HL Leaf 333.JPG,healthy,fallback:7eacb5ebc8c00e4cb17262e2,fallback_group,7eacb5ebc8c00e4cb17262e2,exclude_unresolved_component
7cd41c4c4841408026756a31,healthy/0cfee8b1-5de4-4118-9e25-f9c37bb6f17e___GH_HL Leaf 252.JPG,healthy,fallback:7cd41c4c4841408026756a31,fallback_group,7cd41c4c4841408026756a31,exclude_unresolved_component
4ad54233ec4f8703fd9beb20,healthy/0d259481-e08d-459d-aa92-fe05e1524742___GH_HL Leaf 253.1.JPG,healthy,fallback:4ad54233ec4f8703fd9beb20,fallback_group,4ad54233ec4f8703fd9beb20,exclude_unresolved_component
9b4d3b6d0bec43fa0300816c,healthy/0d2bcda8-8dae-408e-8919-21dfa6cc9eea___RS_HL 0335.JPG,healthy,PlantVillage:Tomato___healthy:::84.0,verified_group,9b4d3b6d0bec43fa0300816c,eligible_verified_subset
ee63e4707e6dbaacdd3124bf,healthy/0d3691ab-5413-4313-870e-9e5d2faf33ea___RS_HL 9958.JPG,healthy,PlantVillage:Tomato___healthy:::242.0,verified_group,ee63e4707e6dbaacdd3124bf,eligible_verified_subset
dcb6bfa893222efe4df97199,healthy/0d515778-61ef-4f0b-ab54-75607c80220f___RS_HL 9745.JPG,healthy,PlantVillage:Tomato___healthy:::189.0,verified_group,dcb6bfa893222efe4df97199,eligible_verified_subset
94256f1f38950901e41be5d4,healthy/0d615a38-cfa4-45e4-b1b4-9977220e19ca___RS_HL 9815.JPG,healthy,PlantVillage:Tomato___healthy:::207.0,verified_group,94256f1f38950901e41be5d4,eligible_verified_subset
3689591595df800f8983bd4d,healthy/0d70d565-520e-474c-85c1-ab478c9f1d4b___GH_HL Leaf 203.1.JPG,healthy,fallback:3689591595df800f8983bd4d,fallback_group,3689591595df800f8983bd4d,exclude_unresolved_component
4ae39f8b3d4591617a01dc82,healthy/0d789240-9714-4378-8b63-4afb12ddfa44___RS_HL 9735.JPG,healthy,PlantVillage:Tomato___healthy:::187.0,verified_group,4ae39f8b3d4591617a01dc82,eligible_verified_subset
ba816bda7f19ea9e171ba4ca,healthy/0d91db63-181b-4c3a-939b-181cc812e466___RS_HL 0308.JPG,healthy,PlantVillage:Tomato___healthy:::77.0,verified_group,ba816bda7f19ea9e171ba4ca,eligible_verified_subset
9ee38582c2514169c6a554dc,healthy/0d932b2a-584e-4971-8590-70c5f0a049cf___RS_HL 9739.JPG,healthy,PlantVillage:Tomato___healthy:::188.0,verified_group,9ee38582c2514169c6a554dc,eligible_verified_subset
51b703012d1274070700b259,healthy/0de16216-510d-48c1-9ef0-78ce39328ff2___GH_HL Leaf 240.JPG,healthy,fallback:51b703012d1274070700b259,fallback_group,51b703012d1274070700b259,exclude_unresolved_component
f2cfd69602b198cb4cf6df49,healthy/0de569a8-21c5-4d22-b9c9-ba0ef0f2b614___RS_HL 0314.JPG,healthy,PlantVillage:Tomato___healthy:::78.0,verified_group,f2cfd69602b198cb4cf6df49,eligible_verified_subset
651c947f25c59f05ddff2e91,healthy/0e1d7722-3df9-4a3a-a4e2-bc0ea3ce0da4___RS_HL 9979.JPG,healthy,PlantVillage:Tomato___healthy:::247.0,verified_group,651c947f25c59f05ddff2e91,eligible_verified_subset
101b74384d9ae0a06137f555,healthy/0e3feb72-86e5-41c2-a7ca-3295800e5777___RS_HL 0158.JPG,healthy,PlantVillage:Tomato___healthy:::39.0,verified_group,101b74384d9ae0a06137f555,eligible_verified_subset
30b4773a282a7a5e3c86a5d3,healthy/0eb4ba9a-6626-4e46-b561-c226b495073d___RS_HL 9862.JPG,healthy,PlantVillage:Tomato___healthy:::219.0,verified_group,30b4773a282a7a5e3c86a5d3,eligible_verified_subset
564cb30a3601e40a8913969f,healthy/0ed55b5a-55e6-4c9c-bce4-9eba61bc3a6b___RS_HL 9889.JPG,healthy,PlantVillage:Tomato___healthy:::225.0,verified_group,564cb30a3601e40a8913969f,eligible_verified_subset
b0df37dc0200d189082a4cf6,healthy/0f0fc0ee-b19b-4f90-ab41-8f693131f57d___RS_HL 9890.JPG,healthy,PlantVillage:Tomato___healthy:::226.0,verified_group,b0df37dc0200d189082a4cf6,eligible_verified_subset
40e5971106376b5c2648bd00,healthy/0f20443a-193e-46b1-aea9-7ea614eb98ec___RS_HL 9850.JPG,healthy,PlantVillage:Tomato___healthy:::216.0,verified_group,40e5971106376b5c2648bd00,eligible_verified_subset
0bd3ba93a9a827cfb4163bf0,healthy/0f5a5880-c1f1-4356-8336-d65c69b54cc1___GH_HL Leaf 380.1JPG.JPG,healthy,fallback:0bd3ba93a9a827cfb4163bf0,fallback_group,0bd3ba93a9a827cfb4163bf0,exclude_unresolved_component
18d3b7dff8c2b7a5b0d05909,healthy/0f809e80-ee2b-4ad4-9a80-50d789298d48___GH_HL Leaf 192.JPG,healthy,fallback:18d3b7dff8c2b7a5b0d05909,fallback_group,18d3b7dff8c2b7a5b0d05909,exclude_unresolved_component
e8bd7be4ff5d11f05341e5d3,healthy/0f93b04b-73fc-4c5c-98d6-35842cafdd25___RS_HL 0278.JPG,healthy,PlantVillage:Tomato___healthy:::69.0,verified_group,7f527234a5b5c93526159084,eligible_verified_subset
30893eec57992e0d3cdb2838,healthy/0f9a114d-1df8-442c-90e7-d14d2f6efb23___RS_HL 9964.JPG,healthy,PlantVillage:Tomato___healthy:::243.0,verified_group,30893eec57992e0d3cdb2838,eligible_verified_subset
9341e64c446bd9e5effaefb5,healthy/0fd3432a-e22a-4a71-9a63-1c56ee4ce067___GH_HL Leaf 463.1.JPG,healthy,fallback:9341e64c446bd9e5effaefb5,fallback_group,9341e64c446bd9e5effaefb5,exclude_unresolved_component
f01e5925cfc36fa0cd9d8b1d,healthy/0fee8af3-ca03-418c-a71c-c4fb0a80dc7b___RS_HL 0199.JPG,healthy,PlantVillage:Tomato___healthy:::50.0,verified_group,f01e5925cfc36fa0cd9d8b1d,eligible_verified_subset
9142b8a8fcdd8122c968bc76,healthy/1006c73b-19f8-4771-9fe5-3fc4908e8da3___RS_HL 0557.JPG,healthy,PlantVillage:Tomato___healthy:::139.0,verified_group,e43b5a3abb94153aca756086,eligible_verified_subset
98a2f39629c8a7e3b9a3087f,healthy/10126910-47a0-4b22-b3ee-ce9eb4d5d7b5___GH_HL Leaf 350.JPG,healthy,fallback:98a2f39629c8a7e3b9a3087f,fallback_group,98a2f39629c8a7e3b9a3087f,exclude_unresolved_component
5c68f4a636de77c11c22a6ea,healthy/10716d69-324b-4423-9e1e-b09559babb89___GH_HL Leaf 267.1.JPG,healthy,fallback:5c68f4a636de77c11c22a6ea,fallback_group,5c68f4a636de77c11c22a6ea,exclude_unresolved_component
38fe6de4ee0dcf0236a58b0d,healthy/109f3e0e-e7f4-41b9-b450-f68750e144ae___RS_HL 0014.JPG,healthy,PlantVillage:Tomato___healthy:::3.0,verified_group,38fe6de4ee0dcf0236a58b0d,eligible_verified_subset
0102b83d77faa1d2cc5b6dc0,healthy/10a4a3bd-e4c3-4e1c-94bd-cd0cd4e2705b___GH_HL Leaf 526.JPG,healthy,fallback:0102b83d77faa1d2cc5b6dc0,fallback_group,0102b83d77faa1d2cc5b6dc0,exclude_unresolved_component
3105e8402e26a563017ff9dc,healthy/10b36861-6a00-41d9-9858-e00adcfb17e7___RS_HL 0235.JPG,healthy,PlantVillage:Tomato___healthy:::59.0,verified_group,3105e8402e26a563017ff9dc,eligible_verified_subset
c5b93cfa68beb003423eb006,healthy/115c8bc1-06b9-4679-9159-46e5640c39e7___GH_HL Leaf 206.2.JPG,healthy,fallback:c5b93cfa68beb003423eb006,fallback_group,c5b93cfa68beb003423eb006,exclude_unresolved_component
b5a760c6b9e1149c7549ed0f,healthy/11fe6fbc-a1a9-4cc4-ba85-a6864a4e9bae___GH_HL Leaf 280.JPG,healthy,fallback:b5a760c6b9e1149c7549ed0f,fallback_group,b5a760c6b9e1149c7549ed0f,exclude_unresolved_component
5cb6da5a25e18c744c0e171a,healthy/125ff07a-87f1-4953-9ded-8f9e5adb7b1b___RS_HL 0470.JPG,healthy,PlantVillage:Tomato___healthy:::117.0,verified_group,fa71caca029d6eb0c31a8e10,eligible_verified_subset
791c31d818925a382467530f,healthy/12a3a4c8-0f82-419c-9a7f-0fc6d261299a___RS_HL 9988.JPG,healthy,PlantVillage:Tomato___healthy:::248.0,verified_group,791c31d818925a382467530f,eligible_verified_subset
1f06584a31b527945b8bbb3d,healthy/12c28bfa-a576-4787-8d4e-a500ac446766___RS_HL 0526.JPG,healthy,PlantVillage:Tomato___healthy:::131.0,verified_group,1f06584a31b527945b8bbb3d,eligible_verified_subset
eaa61742b33edf3ccbe4aecd,healthy/12f2989a-82c7-41d1-ae23-93a6e85bfd57___RS_HL 9798.JPG,healthy,PlantVillage:Tomato___healthy:::203.0,verified_group,eaa61742b33edf3ccbe4aecd,eligible_verified_subset
8c2c7df5db03ba3e3aa24f32,healthy/13053341-b112-411c-bc76-8cadbcb4eded___GH_HL Leaf 223.JPG,healthy,fallback:8c2c7df5db03ba3e3aa24f32,fallback_group,8c2c7df5db03ba3e3aa24f32,exclude_unresolved_component
2898fcc79a57e69f373b9554,healthy/130c7763-2ace-42bc-b2f0-ef78be095e8c___RS_HL 0171.JPG,healthy,PlantVillage:Tomato___healthy:::43.0,verified_group,2898fcc79a57e69f373b9554,eligible_verified_subset
326585c9aba41894f77b3519,healthy/1317fd49-1819-4065-b3a4-d74f9763c7c4___RS_HL 0252.JPG,healthy,PlantVillage:Tomato___healthy:::63.0,verified_group,326585c9aba41894f77b3519,eligible_verified_subset
1c86117f27a1d47802dc0247,healthy/1352e7ea-9a81-44fb-98e9-25ee6c701753___RS_HL 0549.JPG,healthy,PlantVillage:Tomato___healthy:::137.0,verified_group,1c86117f27a1d47802dc0247,eligible_verified_subset
00a490ae1e77fa864e84a9e0,healthy/13688c77-f2ad-4f7c-972c-99d70652fac6___RS_HL 0458.JPG,healthy,PlantVillage:Tomato___healthy:::114.0,verified_group,00a490ae1e77fa864e84a9e0,eligible_verified_subset
b318dc4db903ff27058afde3,healthy/136a69f1-2cf0-4fc6-bf40-8ed63bd3db94___RS_HL 9624.JPG,healthy,PlantVillage:Tomato___healthy:::159.0,verified_group,b318dc4db903ff27058afde3,eligible_verified_subset
80c6e8560a465b501b4bc98c,healthy/139d2f99-d25b-440d-805e-d070a399d8f1___RS_HL 0600.JPG,healthy,PlantVillage:Tomato___healthy:::149.0,verified_group,80c6e8560a465b501b4bc98c,eligible_verified_subset
194f34ef61e2af5df4108e9a,healthy/13a4fd9b-13eb-4fcd-af7d-b6c76fbbf456___GH_HL Leaf 272.JPG,healthy,fallback:194f34ef61e2af5df4108e9a,fallback_group,194f34ef61e2af5df4108e9a,exclude_unresolved_component
52b21388ec04d71f2942942b,healthy/13b114fe-22bf-498e-8534-4049123ef655___RS_HL 9775.JPG,healthy,PlantVillage:Tomato___healthy:::197.0,verified_group,ee9b0e4cf772d19aec2db19c,eligible_verified_subset
a8bfa36f421e3b1c2dbb36b3,healthy/13e0d497-f5fc-4fb9-9e9a-cb77bc330730___RS_HL 0397.JPG,healthy,PlantVillage:Tomato___healthy:::99.0,verified_group,a8bfa36f421e3b1c2dbb36b3,eligible_verified_subset
d4e4a5b2bce9ebd494cb82a9,healthy/1421f343-ba3a-424c-ac71-b5eb9ac26c10___GH_HL Leaf 201.JPG,healthy,fallback:d4e4a5b2bce9ebd494cb82a9,fallback_group,d4e4a5b2bce9ebd494cb82a9,exclude_unresolved_component
5d0cf9f6a438ad47ddf2cbb2,healthy/14385f16-4e7f-401f-889a-8c1535ed85ba___GH_HL Leaf 503.5.JPG,healthy,fallback:5d0cf9f6a438ad47ddf2cbb2,fallback_group,5d0cf9f6a438ad47ddf2cbb2,exclude_unresolved_component
26551288ef2033b108a71441,healthy/1457ca6a-4907-4c97-83f8-a0fa22135a27___RS_HL 0441.JPG,healthy,PlantVillage:Tomato___healthy:::110.0,verified_group,26551288ef2033b108a71441,eligible_verified_subset
33e589d019eb5495a4a780a8,healthy/14768e0c-387d-40d2-96f9-031e0a45bed5___RS_HL 9667.JPG,healthy,PlantVillage:Tomato___healthy:::170.0,verified_group,33e589d019eb5495a4a780a8,eligible_verified_subset
e3721689395299f4ca151f77,healthy/1479f22a-c0d6-4dac-a752-578f575f276d___GH_HL Leaf 173.5.JPG,healthy,fallback:e3721689395299f4ca151f77,fallback_group,e3721689395299f4ca151f77,exclude_unresolved_component
a7a970b1e6f1de037acf312e,healthy/1480b935-0081-4052-a7e8-09ef0040d9b5___GH_HL Leaf 338.JPG,healthy,fallback:a7a970b1e6f1de037acf312e,fallback_group,a7a970b1e6f1de037acf312e,exclude_unresolved_component
66b7876566ab9a3009e33105,healthy/148e32de-8876-45d9-92c5-43c17d7292fa___RS_HL 0189.JPG,healthy,PlantVillage:Tomato___healthy:::47.0,verified_group,66b7876566ab9a3009e33105,eligible_verified_subset
d9f76962afb5e1a615cece64,healthy/14c040c1-d57c-43b7-9cda-74dff9e6a552___RS_HL 0241.JPG,healthy,PlantVillage:Tomato___healthy:::60.0,verified_group,d9f76962afb5e1a615cece64,eligible_verified_subset
168c565cbeac7f3b19c1705c,healthy/14d46dfe-5348-428c-af6b-82b6625ce6c3___GH_HL Leaf 483.1.JPG,healthy,fallback:168c565cbeac7f3b19c1705c,fallback_group,168c565cbeac7f3b19c1705c,exclude_unresolved_component
4609afaf6c17c7484331b240,healthy/14f9c049-aeb8-4cfb-84a7-cd39526b8b20___RS_HL 0534.JPG,healthy,PlantVillage:Tomato___healthy:::133.0,verified_group,4609afaf6c17c7484331b240,eligible_verified_subset
86e0e45c3de34da54bdf1ceb,healthy/1528d8ea-c972-4da3-8f66-b4a0de6ace90___RS_HL 0573.JPG,healthy,PlantVillage:Tomato___healthy:::143.0,verified_group,86e0e45c3de34da54bdf1ceb,eligible_verified_subset
cf77047d7e6ba05ac565107d,healthy/1531dc0c-64d5-49f2-a78a-c7b39882a47a___RS_HL 9727.JPG,healthy,PlantVillage:Tomato___healthy:::185.0,verified_group,cf77047d7e6ba05ac565107d,eligible_verified_subset
5446156b6f0dafd0c4119b68,healthy/15ba0299-5f38-47ed-ab19-fe6a72737705___RS_HL 9732.JPG,healthy,PlantVillage:Tomato___healthy:::186.0,verified_group,89c08eee79825124caca4a4f,eligible_verified_subset
098d61cb9eae4a99a41a16ce,healthy/15cae3c8-6843-49d1-8da6-33bd014f05ce___GH_HL Leaf 169.JPG,healthy,fallback:098d61cb9eae4a99a41a16ce,fallback_group,098d61cb9eae4a99a41a16ce,exclude_unresolved_component
838cee1f27979203ecf21107,healthy/15daad17-78e9-45d2-9054-5a76221f6c1e___GH_HL Leaf 246.JPG,healthy,fallback:838cee1f27979203ecf21107,fallback_group,838cee1f27979203ecf21107,exclude_unresolved_component
037cfddf6b93f3c37037c714,healthy/162db449-3361-40fa-a9bf-42bb63d43781___RS_HL 9647.JPG,healthy,PlantVillage:Tomato___healthy:::165.0,verified_group,037cfddf6b93f3c37037c714,eligible_verified_subset
8e8565ff60ae1d91c09ccf12,healthy/164d5472-31c5-4145-b30a-93198436539d___RS_HL 0103.JPG,healthy,PlantVillage:Tomato___healthy:::26.0,verified_group,2df945423b0725eadd1e8f75,eligible_verified_subset
712d1f9392ff891b60ba32f3,healthy/166b90f5-3bba-4aea-9bc4-212efb57a504___RS_HL 0377.JPG,healthy,PlantVillage:Tomato___healthy:::94.0,verified_group,712d1f9392ff891b60ba32f3,eligible_verified_subset
b7314fbef37a44b5688a8cc5,healthy/167247af-fd67-4b70-a72e-052dc5ea863b___GH_HL Leaf 388.1.JPG,healthy,fallback:b7314fbef37a44b5688a8cc5,fallback_group,b7314fbef37a44b5688a8cc5,exclude_unresolved_component
aab0d9f7d2373e7ea885324d,healthy/16927ddc-fc87-4ff2-b450-1edc2b4c6191___RS_HL 0051.JPG,healthy,PlantVillage:Tomato___healthy:::13.0,verified_group,aab0d9f7d2373e7ea885324d,eligible_verified_subset
f83e6713b0aec16746ed73f6,healthy/16c1b712-2c55-4a8d-899f-cc0e725d4835___GH_HL Leaf 314.JPG,healthy,fallback:f83e6713b0aec16746ed73f6,fallback_group,f83e6713b0aec16746ed73f6,exclude_unresolved_component
e8fb48fbce35ed701feda570,healthy/16ed4e23-5218-4e8b-85df-86a7069a675d___GH_HL Leaf 519.1.JPG,healthy,fallback:e8fb48fbce35ed701feda570,fallback_group,e8fb48fbce35ed701feda570,exclude_unresolved_component
73fd8b54eb628f7424dfe68a,healthy/16f3a461-aafc-49e9-8973-39a52190985a___RS_HL 9803.JPG,healthy,PlantVillage:Tomato___healthy:::204.0,verified_group,73fd8b54eb628f7424dfe68a,eligible_verified_subset
02a1f8604c94a39a1aba8603,healthy/16fd1407-644b-42f1-a40a-6cacd9bc0258___RS_HL 9705.JPG,healthy,PlantVillage:Tomato___healthy:::179.0,verified_group,77d99c9480fd5d81dae9cd72,eligible_verified_subset
874192e57f904284f0f621fa,healthy/170e86b9-f51d-49a6-a992-15e00c85ee5d___GH_HL Leaf 189.JPG,healthy,fallback:874192e57f904284f0f621fa,fallback_group,874192e57f904284f0f621fa,exclude_unresolved_component
ea508464bb83cc15c22c87b5,healthy/1732045f-a451-4325-aa86-717a8cbdaf02___RS_HL 9698.JPG,healthy,PlantVillage:Tomato___healthy:::178.0,verified_group,f3871706049a3cc38b6705a2,eligible_verified_subset
1fab6225301b8ba329e65e10,healthy/17b48132-9a1d-45e5-9000-30ebd7248273___RS_HL 0385.JPG,healthy,PlantVillage:Tomato___healthy:::96.0,verified_group,1fab6225301b8ba329e65e10,eligible_verified_subset
71a906cb1c89d7db981cbea1,healthy/17cffb66-bb7f-433c-88b4-442c1f4e8cb4___RS_HL 9708.JPG,healthy,PlantVillage:Tomato___healthy:::180.0,verified_group,71a906cb1c89d7db981cbea1,eligible_verified_subset
d15fe0e25375543bb28be6d3,healthy/185440e0-ca0a-4cd6-aba7-d03fae21552f___RS_HL 0141.JPG,healthy,PlantVillage:Tomato___healthy:::35.0,verified_group,124227a9ca1e7594842a019b,eligible_verified_subset
79291e596e537d495a65f1a1,healthy/188107b9-d61f-4084-94da-4d5f8d9eedc1___RS_HL 0553.JPG,healthy,PlantVillage:Tomato___healthy:::138.0,verified_group,79291e596e537d495a65f1a1,eligible_verified_subset
f304eb5bf4f2142706ab5325,healthy/18fa622c-8257-479a-9c81-7a6fe9a3a41b___GH_HL Leaf 428.JPG,healthy,fallback:f304eb5bf4f2142706ab5325,fallback_group,f304eb5bf4f2142706ab5325,exclude_unresolved_component
4cf79adf1bc3c20e8b6044c6,healthy/18fa8f7f-ef94-4a3b-9c79-5f4362323134___RS_HL 9977.JPG,healthy,PlantVillage:Tomato___healthy:::246.0,verified_group,4cf79adf1bc3c20e8b6044c6,eligible_verified_subset
dca1fc3f39efc775c16a9941,healthy/190a6af7-d7b1-4265-b05b-c126a7962c93___GH_HL Leaf 408.JPG,healthy,fallback:dca1fc3f39efc775c16a9941,fallback_group,dca1fc3f39efc775c16a9941,exclude_unresolved_component
001f0443931f13ab6a099aeb,healthy/196e5fd8-8b4e-4a45-9db7-ae59c877e9a7___GH_HL Leaf 284.JPG,healthy,fallback:001f0443931f13ab6a099aeb,fallback_group,001f0443931f13ab6a099aeb,exclude_unresolved_component
fbd7ff054b5ba73e749a3e39,healthy/1971e05b-fc5e-40c1-a4ff-c6a4c746693f___GH_HL Leaf 237.JPG,healthy,fallback:fbd7ff054b5ba73e749a3e39,fallback_group,fbd7ff054b5ba73e749a3e39,exclude_unresolved_component
68c7b28a8ed5ec7376bb0328,healthy/19787f8b-a78e-4cf2-8fb2-3aae59b20c47___RS_HL 0456.JPG,healthy,PlantVillage:Tomato___healthy:::114.0,verified_group,00a490ae1e77fa864e84a9e0,eligible_verified_subset
7e606bdc6fe3de663739f13e,healthy/199f4f32-6e91-4031-b861-bac1abe3452a___RS_HL 9763.JPG,healthy,PlantVillage:Tomato___healthy:::194.0,verified_group,7e606bdc6fe3de663739f13e,eligible_verified_subset
8e63374445b7d0e6300eeee3,healthy/19e31197-5f6d-4925-975c-884bd4a94bfe___RS_HL 0291.JPG,healthy,PlantVillage:Tomato___healthy:::73.0,verified_group,8e63374445b7d0e6300eeee3,eligible_verified_subset
4f2e7b42b01d5b67692448f9,healthy/1a02fa87-a194-482e-b4ac-8dec2064d793___RS_HL 0022.JPG,healthy,PlantVillage:Tomato___healthy:::5.0,verified_group,4f2e7b42b01d5b67692448f9,eligible_verified_subset
fc4ad1eebb84e9c76493a9a0,healthy/1a0a5292-5e63-4afa-8611-38eef316f1e9___GH_HL Leaf 477.JPG,healthy,fallback:fc4ad1eebb84e9c76493a9a0,fallback_group,fc4ad1eebb84e9c76493a9a0,exclude_unresolved_component
37475fecface94e47b818ea3,healthy/1a0b9a32-3993-44e4-879f-338cd6e45a09___GH_HL Leaf 178.JPG,healthy,fallback:37475fecface94e47b818ea3,fallback_group,37475fecface94e47b818ea3,exclude_unresolved_component
8070dc2e9850f620af59b1d4,healthy/1a0c4408-634e-4bd5-948d-e73ca5572976___RS_HL 0146.JPG,healthy,PlantVillage:Tomato___healthy:::36.0,verified_group,8070dc2e9850f620af59b1d4,eligible_verified_subset
49ab280accaa1d94ed8f7cc8,healthy/1a308834-fdd7-4121-ae03-5736d8d52e26___RS_HL 9689.JPG,healthy,PlantVillage:Tomato___healthy:::175.0,verified_group,ccf65fbff50635279f07666e,eligible_verified_subset
982ac9bd70bd28c5e41beabe,healthy/1a393116-cbd1-4e3f-acfc-563e96ae1e80___RS_HL 0268.JPG,healthy,PlantVillage:Tomato___healthy:::67.0,verified_group,982ac9bd70bd28c5e41beabe,eligible_verified_subset
8edd0cf88f33bf65cc801b4c,healthy/1a939012-5b9b-4dfa-aeda-ba97ec857903___GH_HL Leaf 278.JPG,healthy,fallback:8edd0cf88f33bf65cc801b4c,fallback_group,8edd0cf88f33bf65cc801b4c,exclude_unresolved_component
32347a474c4ee8c4787a1012,healthy/1a972145-610d-4efe-96e7-e0253c4ece4a___GH_HL Leaf 237.1.JPG,healthy,fallback:32347a474c4ee8c4787a1012,fallback_group,32347a474c4ee8c4787a1012,exclude_unresolved_component
a8066c98a954d1aaa0805c59,healthy/1ad550a2-113e-440c-919d-85dff2f4de38___RS_HL 0331.JPG,healthy,PlantVillage:Tomato___healthy:::83.0,verified_group,72a595ea947f4b3c06a82fab,eligible_verified_subset
282dbad74731e1155407b104,healthy/1ae5cf7c-f03a-4591-93e9-61d9784763e0___RS_HL 0043.JPG,healthy,PlantVillage:Tomato___healthy:::11.0,verified_group,282dbad74731e1155407b104,eligible_verified_subset
a5a7f58228c447476cefc1da,healthy/1af0bfe1-4bcf-4b8b-be66-5d0953eb647e___GH_HL Leaf 482.2.JPG,healthy,fallback:a5a7f58228c447476cefc1da,fallback_group,a5a7f58228c447476cefc1da,exclude_unresolved_component
7844438be25776b70b132747,healthy/1b150c8d-ab5d-43b5-a61d-c3fb3a8ffd54___GH_HL Leaf 321.JPG,healthy,fallback:7844438be25776b70b132747,fallback_group,7844438be25776b70b132747,exclude_unresolved_component
1373df1857aa46cee1cfec0d,healthy/1b477a6a-aa09-4c12-ad17-fbbc08cd76da___GH_HL Leaf 386.JPG,healthy,fallback:1373df1857aa46cee1cfec0d,fallback_group,1373df1857aa46cee1cfec0d,exclude_unresolved_component
c9b90addb8421dac06d9e80a,healthy/1b6ac535-3a40-40c7-a626-d11181dfb5a4___GH_HL Leaf 304.JPG,healthy,fallback:c9b90addb8421dac06d9e80a,fallback_group,c9b90addb8421dac06d9e80a,exclude_unresolved_component
5bcbb7550622b35234dfc413,healthy/1b855a60-d30c-4ed9-8f25-cffe523b436b___GH_HL Leaf 249.1.JPG,healthy,fallback:5bcbb7550622b35234dfc413,fallback_group,5bcbb7550622b35234dfc413,exclude_unresolved_component
365579d233241b03f7d12120,healthy/1b966d62-d5c3-4a67-ba36-b67d873ccfdf___GH_HL Leaf 440.JPG,healthy,fallback:365579d233241b03f7d12120,fallback_group,365579d233241b03f7d12120,exclude_unresolved_component
673f8e3c83fdba88d3b8c4f3,healthy/1bd9f661-9b9c-4faf-80ab-86a8a64a8bc2___RS_HL 0271.JPG,healthy,PlantVillage:Tomato___healthy:::68.0,verified_group,673f8e3c83fdba88d3b8c4f3,eligible_verified_subset
536517090810c157ea9e962f,healthy/1bfeed83-f119-46cd-b806-0e17e1dae136___RS_HL 0017.JPG,healthy,PlantVillage:Tomato___healthy:::4.0,verified_group,3ed2670854723e734f5119cb,eligible_verified_subset
17b1765b1f0308b41015c537,healthy/1c092a12-ed60-42c8-86b4-0427db78a5d3___RS_HL 0076.JPG,healthy,PlantVillage:Tomato___healthy:::19.0,verified_group,17b1765b1f0308b41015c537,eligible_verified_subset
70553d0b04689e40f81e6351,healthy/1ca23194-53c1-44a9-973a-39aa073f4a33___RS_HL 0058.JPG,healthy,PlantVillage:Tomato___healthy:::14.0,verified_group,70553d0b04689e40f81e6351,eligible_verified_subset
cc40543ed5f2e5c110516a4c,healthy/1ca3c77d-13d8-43cc-929f-9c3a79e5dd1b___RS_HL 0250.JPG,healthy,PlantVillage:Tomato___healthy:::62.0,verified_group,cc40543ed5f2e5c110516a4c,eligible_verified_subset
953cd5a2319c14e7694e576b,healthy/1cb9d4d1-280b-479c-95a9-01f71acf70bc___RS_HL 0641.JPG,healthy,PlantVillage:Tomato___healthy:::158.0,verified_group,953cd5a2319c14e7694e576b,eligible_verified_subset
8bf6ca76fd03c7a3160c7d59,healthy/1d024f2a-0ceb-4560-81fc-1114e6341f02___RS_HL 0431.JPG,healthy,PlantVillage:Tomato___healthy:::108.0,verified_group,8bf6ca76fd03c7a3160c7d59,eligible_verified_subset
680c2367ede3105f65f780f7,healthy/1d1017be-8cd6-4967-894b-1b9fb89d7d6e___RS_HL 0270.JPG,healthy,PlantVillage:Tomato___healthy:::67.0,verified_group,982ac9bd70bd28c5e41beabe,eligible_verified_subset
e45ac71b9c13b07f00db34fe,healthy/1d10291e-a1ce-4309-b6a4-d034319e3875___GH_HL Leaf 251.1.JPG,healthy,fallback:e45ac71b9c13b07f00db34fe,fallback_group,e45ac71b9c13b07f00db34fe,exclude_unresolved_component
bd96b0d9be8c08e72bd5c9ee,healthy/1d1221b5-1a59-43bb-a616-8f7a404785b6___RS_HL 0451.JPG,healthy,PlantVillage:Tomato___healthy:::113.0,verified_group,bd96b0d9be8c08e72bd5c9ee,eligible_verified_subset
58ec742f58090de42bf1e400,healthy/1d31b822-7933-4801-a18c-657b8af377d6___RS_HL 0636.JPG,healthy,PlantVillage:Tomato___healthy:::157.0,verified_group,58ec742f58090de42bf1e400,eligible_verified_subset
c00c34b9945b112ed4a0fcb2,healthy/1d46ec32-bf0a-4d44-a149-c6fc12920d57___RS_HL 0060.JPG,healthy,PlantVillage:Tomato___healthy:::15.0,verified_group,c00c34b9945b112ed4a0fcb2,eligible_verified_subset
95a4266c0dcfb4f6515abc0c,healthy/1d598eb4-b055-4c4c-8b7e-b60990804957___RS_HL 9838.JPG,healthy,PlantVillage:Tomato___healthy:::213.0,verified_group,95a4266c0dcfb4f6515abc0c,eligible_verified_subset
2a9a1f9bd3367ed995a01587,healthy/1d8bb370-3c10-4806-b2ff-1621e21355ba___RS_HL 9882.JPG,healthy,PlantVillage:Tomato___healthy:::224.0,verified_group,2a9a1f9bd3367ed995a01587,eligible_verified_subset
11a9215e9f5ed8cd1a401850,healthy/1dae303e-6545-4c87-8c95-8805108f5282___RS_HL 0437.JPG,healthy,PlantVillage:Tomato___healthy:::109.0,verified_group,11a9215e9f5ed8cd1a401850,eligible_verified_subset
b8248fefd824c82ddd8328a7,healthy/1ddf5950-e27f-4928-8f4e-33242953e306___RS_HL 0181.JPG,healthy,PlantVillage:Tomato___healthy:::45.0,verified_group,b8248fefd824c82ddd8328a7,eligible_verified_subset
8242d03538102afe0ed9ceaa,healthy/1dfb5aeb-8d00-4672-9755-5da982758453___RS_HL 9987.JPG,healthy,PlantVillage:Tomato___healthy:::248.0,verified_group,791c31d818925a382467530f,eligible_verified_subset
dd5978ea5cc5c564b8adca82,healthy/1dffd343-4634-4b33-95f4-eecc755aec8f___GH_HL Leaf 168.JPG,healthy,fallback:dd5978ea5cc5c564b8adca82,fallback_group,dd5978ea5cc5c564b8adca82,exclude_unresolved_component
e4fe653c0d655c1c5a8af42f,healthy/1e1aa3d8-d12f-47e1-b316-b8656ab3f2b6___RS_HL 0075.JPG,healthy,PlantVillage:Tomato___healthy:::19.0,verified_group,17b1765b1f0308b41015c537,eligible_verified_subset
9314bbe0d5b537a183a21fb1,healthy/1e4aef32-09c5-4af8-8948-dc86bd8ef2e7___GH_HL Leaf 215.1.JPG,healthy,fallback:9314bbe0d5b537a183a21fb1,fallback_group,9314bbe0d5b537a183a21fb1,exclude_unresolved_component
b8c0d96baf4d6727991f6e34,healthy/1e5e6f9d-6d14-4ea7-9c36-c6a559e567d7___RS_HL 9780.JPG,healthy,PlantVillage:Tomato___healthy:::198.0,verified_group,b8c0d96baf4d6727991f6e34,eligible_verified_subset
0275605393d0e0e68ab80f95,healthy/1e8c2c4d-e787-45ff-87ac-56484ac8d3d4___GH_HL Leaf 472.JPG,healthy,fallback:0275605393d0e0e68ab80f95,fallback_group,0275605393d0e0e68ab80f95,exclude_unresolved_component
8f6f58d8b8d988f4ae6691ca,healthy/1ebf9add-aa7f-4a84-adbf-67f700f918bc___GH_HL Leaf 437.JPG,healthy,fallback:8f6f58d8b8d988f4ae6691ca,fallback_group,8f6f58d8b8d988f4ae6691ca,exclude_unresolved_component
54d25717d8c6530d44ba3d9f,healthy/1f43d81a-6889-4613-a727-f92a75cf9861___RS_HL 0297.JPG,healthy,PlantVillage:Tomato___healthy:::74.0,verified_group,9d7d9c5e440d764abc728932,eligible_verified_subset
c968338d0c47904ae2233b55,healthy/1f763a4e-3f17-44c1-be1b-a8752d2b93a1___RS_HL 9830.JPG,healthy,PlantVillage:Tomato___healthy:::211.0,verified_group,c968338d0c47904ae2233b55,eligible_verified_subset
fa365a8e76dddbc3af5ad6ca,healthy/1fa569d8-45ba-4633-b66d-3fdb07ed523e___RS_HL 0533.JPG,healthy,PlantVillage:Tomato___healthy:::133.0,verified_group,4609afaf6c17c7484331b240,eligible_verified_subset
400619b324f1924e8c9db40d,healthy/1fee5d1d-ab19-43ed-bef2-9547bbd1fdc9___RS_HL 0137.JPG,healthy,PlantVillage:Tomato___healthy:::34.0,verified_group,400619b324f1924e8c9db40d,eligible_verified_subset
334dabb8e1babc2f901da29e,healthy/20024ad7-62d7-492c-aa7c-5a139a9a2aff___GH_HL Leaf 416.JPG,healthy,fallback:334dabb8e1babc2f901da29e,fallback_group,334dabb8e1babc2f901da29e,exclude_unresolved_component
903305b675747c89e0860a84,healthy/20249fbb-29c5-40fb-985e-5a0b9f0e67b1___RS_HL 0117.JPG,healthy,PlantVillage:Tomato___healthy:::29.0,verified_group,29c580f25caf4e26ce34c90f,eligible_verified_subset
21f118a4b2b21e2fe177ccf5,healthy/202825fe-3d0b-4c86-aea3-15604e2efed4___RS_HL 9694.JPG,healthy,PlantVillage:Tomato___healthy:::177.0,verified_group,21f118a4b2b21e2fe177ccf5,eligible_verified_subset
1d9a0a44770215b9f5565f47,healthy/203dd699-5df7-4f6d-ad63-d1557033f04a___RS_HL 9788.JPG,healthy,PlantVillage:Tomato___healthy:::200.0,verified_group,1d9a0a44770215b9f5565f47,eligible_verified_subset
8b072cfb2b6d3c36a723c050,healthy/20b835ac-a3bb-48ce-bb0d-5eb9a0d6ca56___RS_HL 9772.JPG,healthy,PlantVillage:Tomato___healthy:::196.0,verified_group,8b072cfb2b6d3c36a723c050,eligible_verified_subset
7ae0a1c81d9a82344b5c817f,healthy/20d3ba25-f161-4ede-a42a-7a3020ebda3d___RS_HL 0124.JPG,healthy,PlantVillage:Tomato___healthy:::31.0,verified_group,7ae0a1c81d9a82344b5c817f,eligible_verified_subset
80e9781b3ffcb83ebc3b40c5,healthy/20d823a4-0be3-4b8a-acdc-6efd1236e7f0___GH_HL Leaf 254.2.JPG,healthy,fallback:80e9781b3ffcb83ebc3b40c5,fallback_group,80e9781b3ffcb83ebc3b40c5,exclude_unresolved_component
df08e8ef72186df036a9e560,healthy/20dd3c49-88a2-4317-a5ec-d2066d8d815e___RS_HL 0125.JPG,healthy,PlantVillage:Tomato___healthy:::31.0,verified_group,7ae0a1c81d9a82344b5c817f,eligible_verified_subset
072336e2679566964512e2cd,healthy/21d294dd-0c03-457d-a02d-1243bdf0ff4f___RS_HL 9887.JPG,healthy,PlantVillage:Tomato___healthy:::225.0,verified_group,564cb30a3601e40a8913969f,eligible_verified_subset
c24f165606f681b9d2e412ac,healthy/21f1c16d-2d7f-44e6-a2e4-7d830dfbfda3___RS_HL 9996.JPG,healthy,PlantVillage:Tomato___healthy:::250.0,verified_group,c24f165606f681b9d2e412ac,eligible_verified_subset
7b2775c1dd5ab328a8732124,healthy/221b0575-215a-430d-a728-60020b7ad160___GH_HL Leaf 340.JPG,healthy,fallback:7b2775c1dd5ab328a8732124,fallback_group,7b2775c1dd5ab328a8732124,exclude_unresolved_component
5cc520cf8c063d0c06ffd58e,healthy/22356f83-9bb2-4b42-9283-bbf8e0dffba0___RS_HL 0430.JPG,healthy,PlantVillage:Tomato___healthy:::107.0,verified_group,5cc520cf8c063d0c06ffd58e,eligible_verified_subset
5a96e6847873da23f66b69ea,healthy/223cb57a-b9b7-4c9a-b03e-701a8548ff4d___GH_HL Leaf 248.JPG,healthy,fallback:5a96e6847873da23f66b69ea,fallback_group,5a96e6847873da23f66b69ea,exclude_unresolved_component
f8ce852716160c7994e5c3c9,healthy/225003c5-d8a1-48ce-b315-42df4b99c51a___RS_HL 0464.JPG,healthy,PlantVillage:Tomato___healthy:::116.0,verified_group,f8ce852716160c7994e5c3c9,eligible_verified_subset
11b700ae62117d0909d43f5f,healthy/22c48f3b-b49d-48b1-977e-e81d47c0f951___RS_HL 0369.JPG,healthy,PlantVillage:Tomato___healthy:::92.0,verified_group,11b700ae62117d0909d43f5f,eligible_verified_subset
30eb1afa3f6b2f36855bd549,healthy/22e6625c-8075-428b-8356-fc6a97660efc___GH_HL Leaf 444.JPG,healthy,fallback:30eb1afa3f6b2f36855bd549,fallback_group,30eb1afa3f6b2f36855bd549,exclude_unresolved_component
76c0f9ef1de61c705f9918b0,healthy/22e8c73b-41bf-4974-a244-d79730bcc5b1___RS_HL 0628.JPG,healthy,PlantVillage:Tomato___healthy:::155.0,verified_group,76c0f9ef1de61c705f9918b0,eligible_verified_subset
90552e8375efb0a5c7009c1e,healthy/22ebd26e-0388-4b07-8f48-bffb1680f350___RS_HL 9826.JPG,healthy,PlantVillage:Tomato___healthy:::210.0,verified_group,90552e8375efb0a5c7009c1e,eligible_verified_subset
0f994a94b95d986381614989,healthy/23467438-6237-4b34-acde-80a3129e4b5d___GH_HL Leaf 187.JPG,healthy,fallback:0f994a94b95d986381614989,fallback_group,0f994a94b95d986381614989,exclude_unresolved_component
8b80a1a74a3dbae9db00155e,healthy/236971d6-725b-4685-9336-550dd522d62a___RS_HL 0640.JPG,healthy,PlantVillage:Tomato___healthy:::158.0,verified_group,953cd5a2319c14e7694e576b,eligible_verified_subset
954a1a5cbadbb4645c34db6f,healthy/23726cb5-c36a-4016-aa3b-e60e32a0d9ec___RS_HL 9717.JPG,healthy,PlantVillage:Tomato___healthy:::182.0,verified_group,954a1a5cbadbb4645c34db6f,eligible_verified_subset
501fa7f9832796cb2b647aed,healthy/237ec7d7-d96f-434d-8a94-250ec92c8e86___RS_HL 0457.JPG,healthy,PlantVillage:Tomato___healthy:::114.0,verified_group,00a490ae1e77fa864e84a9e0,eligible_verified_subset
25f5561fbb447ca5530d5745,healthy/23a4712e-8805-43f7-9ae4-655d1c4799b0___RS_HL 0619.JPG,healthy,PlantVillage:Tomato___healthy:::153.0,verified_group,4d98bfa9050d5366e68aebc3,eligible_verified_subset
7c5b7409e2b79ffd42ca8189,healthy/23ffcd05-2b2a-48d2-a694-5c292e910b66___RS_HL 9842.JPG,healthy,PlantVillage:Tomato___healthy:::214.0,verified_group,99e959edf6d58cc109eef4f4,eligible_verified_subset
2f34c016035951190266c427,healthy/24069ab0-7106-40d0-bdca-e462a49d34dd___RS_HL 0267.JPG,healthy,PlantVillage:Tomato___healthy:::67.0,verified_group,982ac9bd70bd28c5e41beabe,eligible_verified_subset
531072716590665203b5392e,healthy/240a9583-9e6a-446d-8850-62bc23312ce9___GH_HL Leaf 312.4.JPG,healthy,fallback:531072716590665203b5392e,fallback_group,86c79be836880176cf19d2e9,exclude_unresolved_component
74fc1504653fc79ff3344914,healthy/24336aa8-a0ad-404e-9669-3661d9920aec___GH_HL Leaf 435.1.JPG,healthy,fallback:74fc1504653fc79ff3344914,fallback_group,74fc1504653fc79ff3344914,exclude_unresolved_component
a9828ef33f3c1914b920cf56,healthy/247e79d6-1874-4ce4-a777-a03a4f94edbf___GH_HL Leaf 211.1.JPG,healthy,fallback:a9828ef33f3c1914b920cf56,fallback_group,a9828ef33f3c1914b920cf56,exclude_unresolved_component
85ca363852ec880f68218bb4,healthy/249797c6-648f-4df5-ab87-a0b82eb08801___GH_HL Leaf 495.JPG,healthy,fallback:85ca363852ec880f68218bb4,fallback_group,85ca363852ec880f68218bb4,exclude_unresolved_component
edd36dab0de3a413ad94b07e,healthy/24b7c39d-53c6-4a71-8dc0-83dff1a877d0___RS_HL 0465.JPG,healthy,PlantVillage:Tomato___healthy:::116.0,verified_group,f8ce852716160c7994e5c3c9,eligible_verified_subset
813e74240a0f5eec573af5d7,healthy/24fe1921-3196-4125-8f96-d68edef32487___RS_HL 0109.JPG,healthy,PlantVillage:Tomato___healthy:::27.0,verified_group,f7f6bfd752085cd9803f1b2c,eligible_verified_subset
cad55e2a9ec340f3ae93c64d,healthy/2503cc16-ff09-4437-9d4b-4316e2c32764___GH_HL Leaf 235.JPG,healthy,fallback:cad55e2a9ec340f3ae93c64d,fallback_group,cad55e2a9ec340f3ae93c64d,exclude_unresolved_component
9246058822f3f2663a77c851,healthy/25080b1c-6c0f-4b11-bb31-b5cfb2429395___GH_HL Leaf 238.JPG,healthy,fallback:9246058822f3f2663a77c851,fallback_group,9246058822f3f2663a77c851,exclude_unresolved_component
fdcca64a429105ab79ebec7a,healthy/256a65aa-690c-4e03-b426-21e84bb9b6dd___GH_HL Leaf 477.1.JPG,healthy,fallback:fdcca64a429105ab79ebec7a,fallback_group,fdcca64a429105ab79ebec7a,exclude_unresolved_component
5c34717a96f3eec904b011c2,healthy/25cac927-fd33-4890-9948-8aa1e9a7af52___GH_HL Leaf 293.1.JPG,healthy,fallback:5c34717a96f3eec904b011c2,fallback_group,5c34717a96f3eec904b011c2,exclude_unresolved_component
6bf9704268a19fd347739e20,healthy/2605218e-e8bf-43d8-8b00-52058e9f0f25___RS_HL 9893.JPG,healthy,PlantVillage:Tomato___healthy:::226.0,verified_group,b0df37dc0200d189082a4cf6,eligible_verified_subset
27ae49fd487bb7f88c946919,healthy/264a08a7-74a4-4492-aff1-8a3ab8b35c46___GH_HL Leaf 314.1.JPG,healthy,fallback:27ae49fd487bb7f88c946919,fallback_group,27ae49fd487bb7f88c946919,exclude_unresolved_component
3d111020c2fe83ac80ed3df3,healthy/267fd403-bea5-4a99-ae97-ea1c272623a1___GH_HL Leaf 440.1.JPG,healthy,fallback:3d111020c2fe83ac80ed3df3,fallback_group,3d111020c2fe83ac80ed3df3,exclude_unresolved_component
d1ad615fb1c9d777f4274b69,healthy/271be296-4c0b-4817-a44b-cc9611d3f519___GH_HL Leaf 182.1.JPG,healthy,fallback:d1ad615fb1c9d777f4274b69,fallback_group,d1ad615fb1c9d777f4274b69,exclude_unresolved_component
58006ba4980d6d7dadeed297,healthy/273f3e74-dbdc-40bc-8507-3bdd3ce24134___RS_HL 0149.JPG,healthy,PlantVillage:Tomato___healthy:::37.0,verified_group,58006ba4980d6d7dadeed297,eligible_verified_subset
d4f9486df5b7c4c43b262c80,healthy/275d05cf-89de-45bc-9928-ac6f242c9dd7___RS_HL 0572.JPG,healthy,PlantVillage:Tomato___healthy:::143.0,verified_group,86e0e45c3de34da54bdf1ceb,eligible_verified_subset
609bce8e531f7abf6874fa6f,healthy/2763797b-4786-41ef-8ff1-73b088f9973c___GH_HL Leaf 231.JPG,healthy,fallback:609bce8e531f7abf6874fa6f,fallback_group,609bce8e531f7abf6874fa6f,exclude_unresolved_component
1f89bc716a98d312c5287350,healthy/27bda660-1691-4763-a125-824f521587d9___RS_HL 0305.JPG,healthy,PlantVillage:Tomato___healthy:::76.0,verified_group,1f89bc716a98d312c5287350,eligible_verified_subset
1b88c50a6f5f11130cb8e60c,healthy/27c1515c-743f-4f4d-8342-fbe3cee29e7e___RS_HL 0344.JPG,healthy,PlantVillage:Tomato___healthy:::86.0,verified_group,0c45f4ea13b402bcaf505d86,eligible_verified_subset
f5446021eb3eabed0df29455,healthy/27ed6a35-3fb7-4d57-9cb4-b368c1f4f6eb___RS_HL 9665.JPG,healthy,PlantVillage:Tomato___healthy:::169.0,verified_group,f5446021eb3eabed0df29455,eligible_verified_subset
21a80b88ef91e64ff4937f2e,healthy/28200010-ba2b-41f7-9dff-94d86019488e___GH_HL Leaf 366.JPG,healthy,fallback:21a80b88ef91e64ff4937f2e,fallback_group,21a80b88ef91e64ff4937f2e,exclude_unresolved_component
68dcb1ac0ed3b19676ba576d,healthy/283a4ff6-4a72-498d-b5fc-df970b8b4b83___RS_HL 9643.JPG,healthy,PlantVillage:Tomato___healthy:::164.0,verified_group,a5b756e477334f430747a1cd,eligible_verified_subset
3c712158de475da901329691,healthy/285e95b9-fe77-43a7-85ab-5ef37ae162f8___RS_HL 0047.JPG,healthy,PlantVillage:Tomato___healthy:::12.0,verified_group,3c712158de475da901329691,eligible_verified_subset
1cf597a739ea45ddd8f08770,healthy/28e62e2d-8aba-48df-9eff-3d70a5b7775d___RS_HL 9870.JPG,healthy,PlantVillage:Tomato___healthy:::221.0,verified_group,1cf597a739ea45ddd8f08770,eligible_verified_subset
2e7a38c2fb6a26f08e0d5b86,healthy/291a778d-bfbd-450e-98a8-d8276a9a5cf2___GH_HL Leaf 486.1.JPG,healthy,fallback:2e7a38c2fb6a26f08e0d5b86,fallback_group,2e7a38c2fb6a26f08e0d5b86,exclude_unresolved_component
fdbd4c4a35e60ca5c19523cb,healthy/29265f8d-86ff-4de1-b1ad-e33a64b189dc___RS_HL 0264.JPG,healthy,PlantVillage:Tomato___healthy:::66.0,verified_group,fdbd4c4a35e60ca5c19523cb,eligible_verified_subset
3b08db5eec64b7b416cec8c7,healthy/29289230-4809-46cd-ba98-77af06af3f32___RS_HL 9651.JPG,healthy,PlantVillage:Tomato___healthy:::166.0,verified_group,e3bd7e0739e1386dca62f4ae,eligible_verified_subset
73a393c8f6d97dd901022613,healthy/293dddf9-f5e5-42de-ab68-f1cad0f69a43___GH_HL Leaf 232.JPG,healthy,fallback:73a393c8f6d97dd901022613,fallback_group,73a393c8f6d97dd901022613,exclude_unresolved_component
1329d8fe916b0793401b0372,healthy/2956235c-12ff-403f-be91-60868a42ad3e___RS_HL 9849.JPG,healthy,PlantVillage:Tomato___healthy:::215.0,verified_group,11b865e84759809fa50221a4,eligible_verified_subset
7b0c68d3d16547fd585acb28,healthy/2969446c-455d-4ad3-a0f4-25786dca0841___RS_HL 9793.JPG,healthy,PlantVillage:Tomato___healthy:::201.0,verified_group,7b0c68d3d16547fd585acb28,eligible_verified_subset
b1b4cc71d310606fb1265ddc,healthy/2996b910-fc94-43ef-99b3-efc0ae494872___RS_HL 0410.JPG,healthy,PlantVillage:Tomato___healthy:::102.0,verified_group,b1b4cc71d310606fb1265ddc,eligible_verified_subset
56d23210cd9c21ea683b41ec,healthy/29d9f827-5e61-4b9b-acba-db0e7ce2016d___GH_HL Leaf 480.JPG,healthy,fallback:56d23210cd9c21ea683b41ec,fallback_group,56d23210cd9c21ea683b41ec,exclude_unresolved_component
94b43e576ac6c9ed22bb587a,healthy/29ff6f63-9b09-4833-8d76-00af9c7b6495___GH_HL Leaf 320.2.JPG,healthy,fallback:94b43e576ac6c9ed22bb587a,fallback_group,94b43e576ac6c9ed22bb587a,exclude_unresolved_component
1b64c9a364fa783ee068fb85,healthy/2a089ff8-0fcf-4b18-b746-f997e3b18065___GH_HL Leaf 456.1.JPG,healthy,fallback:1b64c9a364fa783ee068fb85,fallback_group,1b64c9a364fa783ee068fb85,exclude_unresolved_component
d039ac624cd854af90312921,healthy/2a0d08cc-91b5-436b-abe4-31835c5f470b___RS_HL 0396.JPG,healthy,PlantVillage:Tomato___healthy:::99.0,verified_group,a8bfa36f421e3b1c2dbb36b3,eligible_verified_subset
04e8b4fe2991f95c308040e9,healthy/2a11ceb9-41c9-4f2e-bed9-ef1c1c7d479b___RS_HL 0371.JPG,healthy,PlantVillage:Tomato___healthy:::93.0,verified_group,04e8b4fe2991f95c308040e9,eligible_verified_subset
66339f3da531a3a649ed85c2,healthy/2a1dd125-ece3-499f-a24b-1d00dbcc3184___GH_HL Leaf 227.JPG,healthy,fallback:66339f3da531a3a649ed85c2,fallback_group,66339f3da531a3a649ed85c2,exclude_unresolved_component
c9c0f8bad4266d0d14cc9116,healthy/2a7e1698-9747-40e6-994e-5d4dc1d2b239___RS_HL 0279.JPG,healthy,PlantVillage:Tomato___healthy:::70.0,verified_group,c9c0f8bad4266d0d14cc9116,eligible_verified_subset
0b077a0b08074c58506e9a88,healthy/2a859068-5042-4f74-82ac-29339c760cbb___GH_HL Leaf 436.JPG,healthy,fallback:0b077a0b08074c58506e9a88,fallback_group,0b077a0b08074c58506e9a88,exclude_unresolved_component
f2b945aabce3efb03d067de0,healthy/2a8f7c7a-fbd4-4669-90eb-61ee118db2a7___RS_HL 0126.JPG,healthy,PlantVillage:Tomato___healthy:::31.0,verified_group,7ae0a1c81d9a82344b5c817f,eligible_verified_subset
74cb3b01791bc441b37677d7,healthy/2a99d5af-218f-4332-a8ce-505301abdbfe___RS_HL 9693.JPG,healthy,PlantVillage:Tomato___healthy:::176.0,verified_group,74cb3b01791bc441b37677d7,eligible_verified_subset
8faeb19817dd02e3cacb8935,healthy/2aeb668a-251a-4f68-b52f-aadeb3376d55___RS_HL 9744.JPG,healthy,PlantVillage:Tomato___healthy:::189.0,verified_group,dcb6bfa893222efe4df97199,eligible_verified_subset
98106368e28730ea1b5d39b4,healthy/2b03b88c-5299-4c2c-8e7f-c40fbd98e145___RS_HL 0104.JPG,healthy,PlantVillage:Tomato___healthy:::26.0,verified_group,2df945423b0725eadd1e8f75,eligible_verified_subset
aee2b8483003d945b03c3724,healthy/2b14b93f-0664-4b7f-93fa-b7d3df03dc06___GH_HL Leaf 508.1.JPG,healthy,fallback:aee2b8483003d945b03c3724,fallback_group,aee2b8483003d945b03c3724,exclude_unresolved_component
c8dfea20231668c1eab05e6a,healthy/2b1cbc53-a62b-4daf-b233-8fc1d8d8c099___RS_HL 0296.JPG,healthy,PlantVillage:Tomato___healthy:::74.0,verified_group,9d7d9c5e440d764abc728932,eligible_verified_subset
47fcacee78ebe2b6c9ab6e7e,healthy/2b21cbfc-9c23-42fb-984c-9439fa891a4c___RS_HL 9637.JPG,healthy,PlantVillage:Tomato___healthy:::162.0,verified_group,47fcacee78ebe2b6c9ab6e7e,eligible_verified_subset
59b6be2cddfc340d549a7e57,healthy/2b37cb9f-75c0-4e26-b82a-053525aa3d2d___RS_HL 9989.JPG,healthy,PlantVillage:Tomato___healthy:::248.0,verified_group,791c31d818925a382467530f,eligible_verified_subset
8855f826fdc028ea91afdee1,healthy/2b4ab56e-4afa-4b0f-910a-3270e90c707c___RS_HL 0035.JPG,healthy,PlantVillage:Tomato___healthy:::9.0,verified_group,8855f826fdc028ea91afdee1,eligible_verified_subset
a9c97eff48b1388c81895ea3,healthy/2b50c7a7-e22e-4103-9e23-909377ab00e3___RS_HL 0193.JPG,healthy,PlantVillage:Tomato___healthy:::48.0,verified_group,a9c97eff48b1388c81895ea3,eligible_verified_subset
7a8415e77c75ccda097eafc5,healthy/2b6c6705-59ce-4afe-8ad1-62a367ea10e0___RS_HL 9994.JPG,healthy,PlantVillage:Tomato___healthy:::250.0,verified_group,c24f165606f681b9d2e412ac,eligible_verified_subset
85ce676059643ddf2bbb5bee,healthy/2b815107-e4d1-4f97-b8eb-72a06b2198f3___RS_HL 0399.JPG,healthy,PlantVillage:Tomato___healthy:::100.0,verified_group,85ce676059643ddf2bbb5bee,eligible_verified_subset
bf2e8404de32933d70c8034b,healthy/2b8306e4-7898-4f27-b659-b0061c4c3832___RS_HL 0440.JPG,healthy,PlantVillage:Tomato___healthy:::110.0,verified_group,26551288ef2033b108a71441,eligible_verified_subset
75b46faeba36d861fee4f9a7,healthy/2b91175f-d3de-47dd-b386-5fd639e8b531___RS_HL 0216.JPG,healthy,PlantVillage:Tomato___healthy:::54.0,verified_group,ccc19383b575fb12e98065a9,eligible_verified_subset
73727672ef3481dbfdc3aad9,healthy/2bc7f6c3-7765-4ab0-926b-57fc918bfbf0___GH_HL Leaf 305.JPG,healthy,fallback:73727672ef3481dbfdc3aad9,fallback_group,73727672ef3481dbfdc3aad9,exclude_unresolved_component
12ab84cbf5a9a1bdd386bfc0,healthy/2bce59d3-c971-46da-8bb5-bc36b712e208___GH_HL Leaf 257.JPG,healthy,fallback:12ab84cbf5a9a1bdd386bfc0,fallback_group,12ab84cbf5a9a1bdd386bfc0,exclude_unresolved_component
e2a71d1c59f34da66da28f01,healthy/2bd08574-9555-42a5-93b1-7fab8f9f8786___GH_HL Leaf 475.2.JPG,healthy,fallback:e2a71d1c59f34da66da28f01,fallback_group,e2a71d1c59f34da66da28f01,exclude_unresolved_component
8d42ab4a5fa09f3613886dc7,healthy/2c22b17b-e914-453a-a379-15b29fe294b0___RS_HL 9720.JPG,healthy,PlantVillage:Tomato___healthy:::183.0,verified_group,8d42ab4a5fa09f3613886dc7,eligible_verified_subset
94c9aca1e6f69ac64b537e4b,healthy/2c741e7d-d03b-4903-8e42-1e43f5ad7286___RS_HL 0131.JPG,healthy,PlantVillage:Tomato___healthy:::33.0,verified_group,94c9aca1e6f69ac64b537e4b,eligible_verified_subset
63c630a926733dc03e207429,healthy/2d02a0d6-0734-4ac7-957f-44f2a011fdc3___RS_HL 0375.JPG,healthy,PlantVillage:Tomato___healthy:::94.0,verified_group,712d1f9392ff891b60ba32f3,eligible_verified_subset
de34821ecc45670d3a619dfa,healthy/2d4db3f7-a768-4a27-832c-fc72496e79b4___GH_HL Leaf 446.JPG,healthy,fallback:de34821ecc45670d3a619dfa,fallback_group,de34821ecc45670d3a619dfa,exclude_unresolved_component
05e34803f9d268ff59694941,healthy/2d66100e-9a61-412b-95da-2b852de7a447___RS_HL 9950.JPG,healthy,PlantVillage:Tomato___healthy:::240.0,verified_group,05e34803f9d268ff59694941,eligible_verified_subset
8aa20df382866f6e9f81f006,healthy/2d6ecece-b67e-42f1-924b-3a5dbd95d5ef___RS_HL 0282.JPG,healthy,PlantVillage:Tomato___healthy:::70.0,verified_group,c9c0f8bad4266d0d14cc9116,eligible_verified_subset
5081a5c7be1334bb029414a9,healthy/2d9352d7-2509-40a1-be35-01404448266c___RS_HL 9805.JPG,healthy,PlantVillage:Tomato___healthy:::204.0,verified_group,73fd8b54eb628f7424dfe68a,eligible_verified_subset
cfdd59ccaf5c672d35069ee8,healthy/2da51b05-179d-4072-9ac9-f6985c7a494c___RS_HL 0444.JPG,healthy,PlantVillage:Tomato___healthy:::111.0,verified_group,7c2f9985c3ee8dda0b82cb3e,eligible_verified_subset
8ed96d2a2508dc11b0da7c67,healthy/2db5d3de-824c-4e62-9db1-e271d13ea27e___GH_HL Leaf 273.1.JPG,healthy,fallback:8ed96d2a2508dc11b0da7c67,fallback_group,8ed96d2a2508dc11b0da7c67,exclude_unresolved_component
5ac88a1c06a4de983beced89,healthy/2de3b39c-9fbd-4e94-b9e4-3f97dac9c34d___GH_HL Leaf 286.1.JPG,healthy,fallback:5ac88a1c06a4de983beced89,fallback_group,5ac88a1c06a4de983beced89,exclude_unresolved_component
fcd972b4599715a41c04e0c5,healthy/2df73051-0fdf-4ed5-a626-205e245ad8c7___GH_HL Leaf 233.JPG,healthy,fallback:fcd972b4599715a41c04e0c5,fallback_group,fcd972b4599715a41c04e0c5,exclude_unresolved_component
c23dc9e59905eb8e9b9ff8ac,healthy/2e0a7517-332f-4799-a083-5d393172909a___RS_HL 0612.JPG,healthy,PlantVillage:Tomato___healthy:::152.0,verified_group,c23dc9e59905eb8e9b9ff8ac,eligible_verified_subset
0126c577a3c0c15bbba4d6e6,healthy/2e485f1d-5aa5-4d56-8733-9625ed4d000c___GH_HL Leaf 344.JPG,healthy,fallback:0126c577a3c0c15bbba4d6e6,fallback_group,0126c577a3c0c15bbba4d6e6,exclude_unresolved_component
900b4cb11e23db8650729485,healthy/2e4b9ef4-4ee8-4a50-aac0-de7c001f36d4___GH_HL Leaf 288.1.JPG,healthy,fallback:900b4cb11e23db8650729485,fallback_group,900b4cb11e23db8650729485,exclude_unresolved_component
2e7a57d3c8cbb44c5daf1761,healthy/2e875abf-377c-4663-a406-e02984215fa6___RS_HL 0499.JPG,healthy,PlantVillage:Tomato___healthy:::125.0,verified_group,2e7a57d3c8cbb44c5daf1761,eligible_verified_subset
acb75126a7e339cedd0d8dc7,healthy/2e96661f-a313-4deb-bf32-1eacbc10c48d___GH_HL Leaf 424.JPG,healthy,fallback:acb75126a7e339cedd0d8dc7,fallback_group,acb75126a7e339cedd0d8dc7,exclude_unresolved_component
7abba6b3693c0424c8401a3a,healthy/2e97e18f-8ae2-4d5d-b7fb-64baeead1ed4___GH_HL Leaf 221.1.JPG,healthy,fallback:7abba6b3693c0424c8401a3a,fallback_group,7abba6b3693c0424c8401a3a,exclude_unresolved_component
d51733c9fc08a57df4f2190b,healthy/2ea87b73-a52b-4a4c-938f-4ce06335d171___GH_HL Leaf 177.1.JPG,healthy,fallback:d51733c9fc08a57df4f2190b,fallback_group,d51733c9fc08a57df4f2190b,exclude_unresolved_component
bd5b191761089f20a9e37211,healthy/2eb4a2fa-d41e-47f1-9e3f-e49035c5b24a___RS_HL 9995.JPG,healthy,PlantVillage:Tomato___healthy:::250.0,verified_group,c24f165606f681b9d2e412ac,eligible_verified_subset
bf810933272f3b342057245e,healthy/2ec18b22-c51c-456b-bf94-d5f3d282fb6c___RS_HL 0179.JPG,healthy,PlantVillage:Tomato___healthy:::45.0,verified_group,b8248fefd824c82ddd8328a7,eligible_verified_subset
3ac525bbd0b68af0f438041a,healthy/2ee6d2c6-a766-422c-a710-e89582d8155e___GH_HL Leaf 470.JPG,healthy,fallback:3ac525bbd0b68af0f438041a,fallback_group,3ac525bbd0b68af0f438041a,exclude_unresolved_component
6ccbdbc1f127d2a0ae9f9d42,healthy/2f07c3a8-90db-4d61-b8e3-55b3c016c510___GH_HL Leaf 382.1.JPG,healthy,fallback:6ccbdbc1f127d2a0ae9f9d42,fallback_group,6ccbdbc1f127d2a0ae9f9d42,exclude_unresolved_component
4c8101de2011f52fc3de50a0,healthy/2f9e1c60-06fc-41e9-af7d-a91c4a5e9f3d___GH_HL Leaf 504.1.JPG,healthy,fallback:4c8101de2011f52fc3de50a0,fallback_group,4c8101de2011f52fc3de50a0,exclude_unresolved_component
fe5585a35e778a04d8c9ba75,healthy/2fb5c266-b7ec-4b31-91b4-3f2dc9b0cdcb___RS_HL 0147.JPG,healthy,PlantVillage:Tomato___healthy:::37.0,verified_group,58006ba4980d6d7dadeed297,eligible_verified_subset
a78b72e687e6bcea0b74193f,healthy/2fd78b0f-a307-4824-9e6c-ff4a3f27e3c8___GH_HL Leaf 403.JPG,healthy,fallback:a78b72e687e6bcea0b74193f,fallback_group,a78b72e687e6bcea0b74193f,exclude_unresolved_component
a7bd593ea79ca1caede5d4c8,healthy/3005a6ed-8ede-4bc5-ab3c-a54f87c45716___GH_HL Leaf 353.1.JPG,healthy,fallback:a7bd593ea79ca1caede5d4c8,fallback_group,a7bd593ea79ca1caede5d4c8,exclude_unresolved_component
6307a2374901a419c849a592,healthy/303db099-b4e0-4c12-801d-cf501857075a___RS_HL 9942.JPG,healthy,PlantVillage:Tomato___healthy:::238.0,verified_group,6307a2374901a419c849a592,eligible_verified_subset
788a68c6a81131c0c4fa213f,healthy/30c8f7b8-e0cf-4cfb-b7fe-e2b75ce22789___GH_HL Leaf 333.1.JPG,healthy,fallback:788a68c6a81131c0c4fa213f,fallback_group,788a68c6a81131c0c4fa213f,exclude_unresolved_component
20cf65609877705d6e0115ab,healthy/310d6f93-5075-44a2-80e4-57463adff105___GH_HL Leaf 449.1.JPG,healthy,fallback:20cf65609877705d6e0115ab,fallback_group,20cf65609877705d6e0115ab,exclude_unresolved_component
232b705fc61c60f085558518,healthy/3169aa41-66a8-4f36-ab6e-a5664f5b1839___RS_HL 0471.JPG,healthy,PlantVillage:Tomato___healthy:::118.0,verified_group,232b705fc61c60f085558518,eligible_verified_subset
58357b633ab762c0e6bef01f,healthy/316e62fa-d8a8-4451-80a8-a546c8c43511___RS_HL 9633.JPG,healthy,PlantVillage:Tomato___healthy:::161.0,verified_group,58357b633ab762c0e6bef01f,eligible_verified_subset
91147f864877ab066e6b3118,healthy/3181ca61-aaa0-4263-a141-2760d164f84b___GH_HL Leaf 189.1.JPG,healthy,fallback:91147f864877ab066e6b3118,fallback_group,91147f864877ab066e6b3118,exclude_unresolved_component
d063eb01e825665aaf051b0b,healthy/31dd192f-dcf8-4f89-9890-7bd22653f823___RS_HL 0052.JPG,healthy,PlantVillage:Tomato___healthy:::13.0,verified_group,aab0d9f7d2373e7ea885324d,eligible_verified_subset
7b932992fa4e36bc956a10fb,healthy/31e077d4-97f5-4e4c-8b76-e2ccbf52ed2d___RS_HL 0460.JPG,healthy,PlantVillage:Tomato___healthy:::115.0,verified_group,7b932992fa4e36bc956a10fb,eligible_verified_subset
79299f1e6fc31c3c34f7d2a6,healthy/31e58e07-386c-4915-aa37-8ce39ee29ce9___RS_HL 9949.JPG,healthy,PlantVillage:Tomato___healthy:::239.0,verified_group,79299f1e6fc31c3c34f7d2a6,eligible_verified_subset
558952d414dbbdc7400dfd30,healthy/31e8eab6-d639-4055-a2ff-432955ef263b___RS_HL 9753.JPG,healthy,PlantVillage:Tomato___healthy:::191.0,verified_group,558952d414dbbdc7400dfd30,eligible_verified_subset
5036e47e2d2867b8d0e4223e,healthy/3200dbab-2da4-49c9-bd74-34d67e763b22___RS_HL 0562.JPG,healthy,PlantVillage:Tomato___healthy:::140.0,verified_group,5036e47e2d2867b8d0e4223e,eligible_verified_subset
246a135cace8ab5e08f8ff93,healthy/3211fc4b-c216-46c3-9db7-b340684066b2___RS_HL 0360.JPG,healthy,PlantVillage:Tomato___healthy:::90.0,verified_group,246a135cace8ab5e08f8ff93,eligible_verified_subset
455be3eeaa8c9eb6b10a3d50,healthy/3247a6d7-a473-414f-af51-2d8de917ee82___RS_HL 9622.JPG,healthy,PlantVillage:Tomato___healthy:::159.0,verified_group,b318dc4db903ff27058afde3,eligible_verified_subset
5e54c2cc512df87d1c40b5ff,healthy/32622151-b281-4603-9d7f-cf5df8201e4c___GH_HL Leaf 171.JPG,healthy,fallback:5e54c2cc512df87d1c40b5ff,fallback_group,5e54c2cc512df87d1c40b5ff,exclude_unresolved_component
e05b5e7a7c904c02c3f5bd6f,healthy/3280ef48-8260-4a34-8e37-e079b74ed160___RS_HL 0392.JPG,healthy,PlantVillage:Tomato___healthy:::98.0,verified_group,de62dc4025a2cc96e81991a2,eligible_verified_subset
6688d6f637c9e29b2db8ef23,healthy/32a852af-ca60-4235-806a-21940281ed8b___RS_HL 0625.JPG,healthy,PlantVillage:Tomato___healthy:::154.0,verified_group,6688d6f637c9e29b2db8ef23,eligible_verified_subset
4f44d8c6ba652f9bab03ed8f,healthy/32beeb9a-49d5-4ffe-bee0-216779e4306e___RS_HL 0327.JPG,healthy,PlantVillage:Tomato___healthy:::82.0,verified_group,4f44d8c6ba652f9bab03ed8f,eligible_verified_subset
f899da3ac86bfa9625ddbf93,healthy/32de8c50-e831-456a-b46b-352a58c129cc___RS_HL 0007.JPG,healthy,PlantVillage:Tomato___healthy:::2.0,verified_group,f899da3ac86bfa9625ddbf93,eligible_verified_subset
cd636bc6d144bb0eefb4d1b7,healthy/33232143-89a5-4226-b667-9f2a6b17ca5b___RS_HL 9918.JPG,healthy,PlantVillage:Tomato___healthy:::232.0,verified_group,cd636bc6d144bb0eefb4d1b7,eligible_verified_subset
26bfd2028d35454d70034244,healthy/3367a9a6-6841-45db-bfa9-9b7b9fed0fa2___GH_HL Leaf 421.1.JPG,healthy,fallback:26bfd2028d35454d70034244,fallback_group,26bfd2028d35454d70034244,exclude_unresolved_component
140e61fccc878a133863b778,healthy/337e35e3-7b0d-4760-a1f6-c26c7db90a0b___GH_HL Leaf 425.JPG,healthy,fallback:140e61fccc878a133863b778,fallback_group,140e61fccc878a133863b778,exclude_unresolved_component
37d5b3c7bccd54d911694a17,healthy/338994aa-89ca-4fa5-80ea-9efc94093280___RS_HL 0194.JPG,healthy,PlantVillage:Tomato___healthy:::48.0,verified_group,a9c97eff48b1388c81895ea3,eligible_verified_subset
ad029ebd5e40f0d4afce2919,healthy/33936d1f-7074-49d2-9b3e-3964972fc636___RS_HL 0119.JPG,healthy,PlantVillage:Tomato___healthy:::30.0,verified_group,ad029ebd5e40f0d4afce2919,eligible_verified_subset
5a818bd734e0e9f2b68e17aa,healthy/33a75eb9-0745-4159-8c6e-3c4e4e418992___RS_HL 9767.JPG,healthy,PlantVillage:Tomato___healthy:::195.0,verified_group,5a818bd734e0e9f2b68e17aa,eligible_verified_subset
ebf87637fbc3e13389369c56,healthy/347987eb-9aee-49c7-a8c9-346d18ee7227___GH_HL Leaf 229.1.JPG,healthy,fallback:ebf87637fbc3e13389369c56,fallback_group,ebf87637fbc3e13389369c56,exclude_unresolved_component
48e0d8e0bd72083457709248,healthy/3483a0b2-f04c-429f-a10e-f7f33ba5be6e___RS_HL 0439.JPG,healthy,PlantVillage:Tomato___healthy:::110.0,verified_group,26551288ef2033b108a71441,eligible_verified_subset
2052d56c776cd35a1f4faf72,healthy/34a5aaa7-f50f-4b19-8a92-78ad697f6865___GH_HL Leaf 407.1.JPG,healthy,fallback:2052d56c776cd35a1f4faf72,fallback_group,2052d56c776cd35a1f4faf72,exclude_unresolved_component
0f7893924bfe04f2420c1a33,healthy/34c81c57-e1fa-49dd-a49d-34fe8b2385fe___GH_HL Leaf 466.1.JPG,healthy,fallback:0f7893924bfe04f2420c1a33,fallback_group,aa519cc041d545982c7c114a,exclude_unresolved_component
9a28e736b85a8d8f6227deb1,healthy/3574c8fc-19bd-4163-adc8-c36276fff0fb___GH_HL Leaf 362.JPG,healthy,fallback:9a28e736b85a8d8f6227deb1,fallback_group,9a28e736b85a8d8f6227deb1,exclude_unresolved_component
9bf20c22d89ebb7b888590fb,healthy/35f9364b-1ec2-42ee-99f4-3cdeda433f92___RS_HL 9778.JPG,healthy,PlantVillage:Tomato___healthy:::198.0,verified_group,b8c0d96baf4d6727991f6e34,eligible_verified_subset
bf958f411442bea16f5e8068,healthy/362f6311-e53a-4c35-80b4-8f865b662bd0___RS_HL 9649.JPG,healthy,PlantVillage:Tomato___healthy:::165.0,verified_group,037cfddf6b93f3c37037c714,eligible_verified_subset
3a462968f86bb6de088d2ffe,healthy/36d4756b-afff-40cb-ac7f-598eda5269b9___RS_HL 9711.JPG,healthy,PlantVillage:Tomato___healthy:::181.0,verified_group,3a462968f86bb6de088d2ffe,eligible_verified_subset
606372fe54bc99fda08a2ee7,healthy/37081fee-4a04-4134-99d9-f9ac3801ad47___GH_HL Leaf 201.1.JPG,healthy,fallback:606372fe54bc99fda08a2ee7,fallback_group,606372fe54bc99fda08a2ee7,exclude_unresolved_component
d638f228f01862db8e6828bf,healthy/37203047-d8ba-43f7-b31e-d496c41c569c___GH_HL Leaf 389.JPG,healthy,fallback:d638f228f01862db8e6828bf,fallback_group,d638f228f01862db8e6828bf,exclude_unresolved_component
72df1389fa34063ded1d4a21,healthy/3767f857-a7b6-4801-b56e-b62e642fc508___RS_HL 0425.JPG,healthy,PlantVillage:Tomato___healthy:::106.0,verified_group,72df1389fa34063ded1d4a21,eligible_verified_subset
edfe7aa5b9e953780d0b2689,healthy/377ffc94-d068-4ba0-80cc-dea49edf094d___RS_HL 0367.JPG,healthy,PlantVillage:Tomato___healthy:::92.0,verified_group,11b700ae62117d0909d43f5f,eligible_verified_subset
2bed4cb68689830fe7afb829,healthy/3796ec31-0263-4e17-a312-7871e7b5c0c2___GH_HL Leaf 486.JPG,healthy,fallback:2bed4cb68689830fe7afb829,fallback_group,2bed4cb68689830fe7afb829,exclude_unresolved_component
2467c7566782b6d46d9f1aad,healthy/37aad83b-7ff8-4b35-b3ed-fb8e0f54910b___GH_HL Leaf 342.1.JPG,healthy,fallback:2467c7566782b6d46d9f1aad,fallback_group,2467c7566782b6d46d9f1aad,exclude_unresolved_component
be737ed4bfbce826ff0f4b06,healthy/381203e7-7030-4782-9e47-24d50969931a___RS_HL 9759.JPG,healthy,PlantVillage:Tomato___healthy:::193.0,verified_group,be737ed4bfbce826ff0f4b06,eligible_verified_subset
9fc64ccdfce3824cba807c20,healthy/381a69d2-9a7d-40e2-adcb-9d7e362229e2___GH_HL Leaf 478.JPG,healthy,fallback:9fc64ccdfce3824cba807c20,fallback_group,9fc64ccdfce3824cba807c20,exclude_unresolved_component
483c3f78910b7aa98f6f9c92,healthy/38670ac4-67ad-4b00-a37b-3fb82d58aa86___RS_HL 9762.JPG,healthy,PlantVillage:Tomato___healthy:::194.0,verified_group,7e606bdc6fe3de663739f13e,eligible_verified_subset
d914ec38a9089f994835edfc,healthy/387dd4db-733b-4d6a-b87e-77ab2f2890a8___RS_HL 9866.JPG,healthy,PlantVillage:Tomato___healthy:::220.0,verified_group,d914ec38a9089f994835edfc,eligible_verified_subset
49b14fb77eab475816497481,healthy/3887cbce-afde-4244-b39e-25ee0c9e24fc___GH_HL Leaf 235.1.JPG,healthy,fallback:49b14fb77eab475816497481,fallback_group,49b14fb77eab475816497481,exclude_unresolved_component
f5ee6b56dd5efbf87584c7a5,healthy/388aca21-8d73-460f-8f58-a876f294f98e___GH_HL Leaf 463.JPG,healthy,fallback:f5ee6b56dd5efbf87584c7a5,fallback_group,f5ee6b56dd5efbf87584c7a5,exclude_unresolved_component
e14b7891a85b67555052b7d4,healthy/388c05b0-964f-40e1-9319-2466a4021311___GH_HL Leaf 479.4.JPG,healthy,fallback:e14b7891a85b67555052b7d4,fallback_group,e14b7891a85b67555052b7d4,exclude_unresolved_component
39f0b3f6ed1263a190cc212e,healthy/38f54137-3e02-48fb-9fc1-0d444a13c40b___GH_HL Leaf 456.JPG,healthy,fallback:39f0b3f6ed1263a190cc212e,fallback_group,1b64c9a364fa783ee068fb85,exclude_unresolved_component
8141056a646ae6956cf4184f,healthy/397c68cc-c2f8-4a52-8468-557c8181bc9e___GH_HL Leaf 247.JPG,healthy,fallback:8141056a646ae6956cf4184f,fallback_group,8141056a646ae6956cf4184f,exclude_unresolved_component
e234a0dab3c5f87fc6bf2cee,healthy/399440f9-8e5f-4be7-805c-53c10636a9b2___GH_HL Leaf 332.JPG,healthy,fallback:e234a0dab3c5f87fc6bf2cee,fallback_group,e234a0dab3c5f87fc6bf2cee,exclude_unresolved_component
c9872ea83ac33d49f5bca3d3,healthy/39976b35-40e7-4426-b21d-a8bfe1ce0a01___GH_HL Leaf 450.JPG,healthy,fallback:c9872ea83ac33d49f5bca3d3,fallback_group,c9872ea83ac33d49f5bca3d3,exclude_unresolved_component
5934fdae7a0a7f328496f912,healthy/399da916-8ffa-40f0-a7a6-62442f14067b___RS_HL 0088.JPG,healthy,PlantVillage:Tomato___healthy:::22.0,verified_group,5934fdae7a0a7f328496f912,eligible_verified_subset
b3d2e6e2d4f3b0b3efa278b3,healthy/39b1d9c6-7a13-426f-9154-563e6a8d0438___RS_HL 0563.JPG,healthy,PlantVillage:Tomato___healthy:::141.0,verified_group,b3d2e6e2d4f3b0b3efa278b3,eligible_verified_subset
3184806fc95e760470c7e5f5,healthy/3a1c6737-c9ff-44dc-9014-954753732160___GH_HL Leaf 406.1.JPG,healthy,fallback:3184806fc95e760470c7e5f5,fallback_group,3184806fc95e760470c7e5f5,exclude_unresolved_component
57488ef1da1a7ad2fbff4122,healthy/3a211a87-cac9-4393-84ca-51e240e1b043___RS_HL 0210.JPG,healthy,PlantVillage:Tomato___healthy:::52.0,verified_group,57488ef1da1a7ad2fbff4122,eligible_verified_subset
ae891a4d66df37c24f3d6a40,healthy/3a48952b-cb72-4678-baca-d622971c78d0___RS_HL 9877.JPG,healthy,PlantVillage:Tomato___healthy:::222.0,verified_group,ae891a4d66df37c24f3d6a40,eligible_verified_subset
e2ead4c36fc8ac409fe1fe86,healthy/3ad1409d-5f43-469d-ab2a-fdffbd064f69___RS_HL 9931.JPG,healthy,PlantVillage:Tomato___healthy:::235.0,verified_group,e2ead4c36fc8ac409fe1fe86,eligible_verified_subset
6a24bfdf5feb64c7c6b03594,healthy/3b05e678-aa3c-47c6-9ebd-0650efd82b16___GH_HL Leaf 399.JPG,healthy,fallback:6a24bfdf5feb64c7c6b03594,fallback_group,6a24bfdf5feb64c7c6b03594,exclude_unresolved_component
af4768c6adff184eb268ebed,healthy/3b0677fb-ff25-4871-aa89-37f756e917af___GH_HL Leaf 253.JPG,healthy,fallback:af4768c6adff184eb268ebed,fallback_group,af4768c6adff184eb268ebed,exclude_unresolved_component
70e40bfe6a25d05096dadf90,healthy/3b0d89df-61d0-407f-9a26-661c8bb730cf___GH_HL Leaf 242.JPG,healthy,fallback:70e40bfe6a25d05096dadf90,fallback_group,70e40bfe6a25d05096dadf90,exclude_unresolved_component
3916c70852781b8fe067ea0e,healthy/3b1ba616-6a8f-44e9-948f-5c056eb565c8___RS_HL 9980.JPG,healthy,PlantVillage:Tomato___healthy:::247.0,verified_group,651c947f25c59f05ddff2e91,eligible_verified_subset
914511f28edc698ccf453716,healthy/3b247bc2-44d4-4fea-ae3e-aef886d27e45___RS_HL 0584.JPG,healthy,PlantVillage:Tomato___healthy:::145.0,verified_group,914511f28edc698ccf453716,eligible_verified_subset
8f669ff10f0e71ca92c6a0ac,healthy/3b4a011c-68ae-4b84-90b5-27ef4b2d3447___GH_HL Leaf 255.JPG,healthy,fallback:8f669ff10f0e71ca92c6a0ac,fallback_group,8f669ff10f0e71ca92c6a0ac,exclude_unresolved_component
6f51cc19e32863e244f83257,healthy/3b87f866-1d80-4b22-99f8-108e315c9029___RS_HL 0394.JPG,healthy,PlantVillage:Tomato___healthy:::98.0,verified_group,de62dc4025a2cc96e81991a2,eligible_verified_subset
68f4d52b816aa920b78824bb,healthy/3b97d56b-a10d-4518-a332-a16f58238d6c___RS_HL 0240.JPG,healthy,PlantVillage:Tomato___healthy:::60.0,verified_group,d9f76962afb5e1a615cece64,eligible_verified_subset
ccb1819ad64e59e75b221f34,healthy/3bbaca2e-d2fd-4fcb-bbd7-e1ad4f7a84ae___RS_HL 0630.JPG,healthy,PlantVillage:Tomato___healthy:::155.0,verified_group,76c0f9ef1de61c705f9918b0,eligible_verified_subset
19c592af18bfd4e4f1306995,healthy/3be4b3ce-9fc7-4216-98f0-abd0faa9e45c___RS_HL 9945.JPG,healthy,PlantVillage:Tomato___healthy:::238.0,verified_group,6307a2374901a419c849a592,eligible_verified_subset
c25f46e9ec7f6b9c16841e8a,healthy/3be50742-0fe9-404a-809e-9597793748a8___GH_HL Leaf 191.JPG,healthy,fallback:c25f46e9ec7f6b9c16841e8a,fallback_group,c25f46e9ec7f6b9c16841e8a,exclude_unresolved_component
53ee2cc3722769c8f928052a,healthy/3be7ae8c-bacb-4877-b6b5-c2251d22b431___GH_HL Leaf 497.1.JPG,healthy,fallback:53ee2cc3722769c8f928052a,fallback_group,53ee2cc3722769c8f928052a,exclude_unresolved_component
af14f446a9f9687832266847,healthy/3c435a41-903c-4517-b79e-c01724be03a1___RS_HL 0422.JPG,healthy,PlantVillage:Tomato___healthy:::105.0,verified_group,af14f446a9f9687832266847,eligible_verified_subset
c51d61e85b9e129c4a95b257,healthy/3c8a4977-eab9-4639-b12a-c1c42c7258f3___RS_HL 0432.JPG,healthy,PlantVillage:Tomato___healthy:::108.0,verified_group,8bf6ca76fd03c7a3160c7d59,eligible_verified_subset
3bc01483b99ff48d7a8d7024,healthy/3c8fb1de-5acf-4194-8a8c-5349067cbaf8___RS_HL 0351.JPG,healthy,PlantVillage:Tomato___healthy:::88.0,verified_group,3bc01483b99ff48d7a8d7024,eligible_verified_subset
4eea7d5aa09858cb1cb2d291,healthy/3ca6e178-acee-4463-9d9f-aa1636eb9df6___RS_HL 0306.JPG,healthy,PlantVillage:Tomato___healthy:::76.0,verified_group,1f89bc716a98d312c5287350,eligible_verified_subset
6e442a343fd7dfb7ac0299e6,healthy/3d0c2ad7-4fc4-48df-9ee0-11932921ddd0___RS_HL 0633.JPG,healthy,PlantVillage:Tomato___healthy:::156.0,verified_group,6e442a343fd7dfb7ac0299e6,eligible_verified_subset
23dc8fcdff25cded844c2e47,healthy/3d16ce8b-81ef-4be2-aec6-d1deab7282b4___RS_HL 0089.JPG,healthy,PlantVillage:Tomato___healthy:::22.0,verified_group,5934fdae7a0a7f328496f912,eligible_verified_subset
59c38f27e0032247f1788500,healthy/3d1ab8b2-d61c-4ab1-9222-52bf63eb0315___RS_HL 0548.JPG,healthy,PlantVillage:Tomato___healthy:::137.0,verified_group,1c86117f27a1d47802dc0247,eligible_verified_subset
d3f04e52d3fa3f7392a62f4e,healthy/3d59c273-6439-4c0d-b5ac-3738faca5d2a___RS_HL 0413.JPG,healthy,PlantVillage:Tomato___healthy:::103.0,verified_group,d3f04e52d3fa3f7392a62f4e,eligible_verified_subset
215b67988fe8bfbaa1a856dd,healthy/3d8a687c-febd-4bd6-8fa5-62a3e1d5ebf6___GH_HL Leaf 443.1.JPG,healthy,fallback:215b67988fe8bfbaa1a856dd,fallback_group,215b67988fe8bfbaa1a856dd,exclude_unresolved_component
598f2d9f1c1d0f38ddcbcd3f,healthy/3dd714a8-5c95-4d47-a9d0-0ac15a499c2c___RS_HL 0386.JPG,healthy,PlantVillage:Tomato___healthy:::96.0,verified_group,1fab6225301b8ba329e65e10,eligible_verified_subset
10a70c091341cb32a28d240c,healthy/3df51cfe-b583-40ae-a2d5-d4928a8a763f___RS_HL 9765.JPG,healthy,PlantVillage:Tomato___healthy:::194.0,verified_group,7e606bdc6fe3de663739f13e,eligible_verified_subset
5a0fb0ad75f8823741486624,healthy/3e03aa27-3c0c-447c-87da-c3375ef47ead___RS_HL 9899.JPG,healthy,PlantVillage:Tomato___healthy:::228.0,verified_group,5a0fb0ad75f8823741486624,eligible_verified_subset
87cdb8181066e1931d55214b,healthy/3e204d0d-cfdb-41a2-a68b-c3168305d099___GH_HL Leaf 441.1.JPG,healthy,fallback:87cdb8181066e1931d55214b,fallback_group,87cdb8181066e1931d55214b,exclude_unresolved_component
4fda93bb569a318d861af807,healthy/3e2fa71c-73a6-48f5-9175-4d43a078115a___RS_HL 0159.JPG,healthy,PlantVillage:Tomato___healthy:::40.0,verified_group,4fda93bb569a318d861af807,eligible_verified_subset
9f6cae05c7f86855134a8ab9,healthy/3e4cc1b0-e071-4b9e-a944-21de55b99fc3___RS_HL 0292.JPG,healthy,PlantVillage:Tomato___healthy:::73.0,verified_group,8e63374445b7d0e6300eeee3,eligible_verified_subset
86b01778e88d741454916d1a,healthy/3e4f86b3-55d1-4efc-bd8a-f13af318b181___GH_HL Leaf 492.JPG,healthy,fallback:86b01778e88d741454916d1a,fallback_group,86b01778e88d741454916d1a,exclude_unresolved_component
956f868ef76af40caf2dc05c,healthy/3e51f746-2ed2-4eb4-96e7-f6717ec068fd___RS_HL 0122.JPG,healthy,PlantVillage:Tomato___healthy:::30.0,verified_group,ad029ebd5e40f0d4afce2919,eligible_verified_subset
81533ee965dc199d56c99b2e,healthy/3e6c73ad-cfcb-4614-b927-150c2c642c9e___RS_HL 0074.JPG,healthy,PlantVillage:Tomato___healthy:::18.0,verified_group,81533ee965dc199d56c99b2e,eligible_verified_subset
af60dc71243305f8fb91640e,healthy/3e98f24b-4c2e-4b4d-916f-fe48430cd94b___RS_HL 0129.JPG,healthy,PlantVillage:Tomato___healthy:::32.0,verified_group,af60dc71243305f8fb91640e,eligible_verified_subset
1389fe5f3eb0b1e21b8f84a5,healthy/3e9a67e4-492b-4306-be1b-0a2624ea5c3e___GH_HL Leaf 175.JPG,healthy,fallback:1389fe5f3eb0b1e21b8f84a5,fallback_group,1389fe5f3eb0b1e21b8f84a5,exclude_unresolved_component
74a3241363b4a17c110247de,healthy/3ea001ac-b49b-4382-a95d-a602fba00a5a___GH_HL Leaf 445.JPG,healthy,fallback:74a3241363b4a17c110247de,fallback_group,74a3241363b4a17c110247de,exclude_unresolved_component
01215323e026af1c2b96ea72,healthy/3ea5eb53-bde0-44f1-8aac-d6457e5b0b73___RS_HL 0427.JPG,healthy,PlantVillage:Tomato___healthy:::107.0,verified_group,5cc520cf8c063d0c06ffd58e,eligible_verified_subset
b975388b63dadf9821422d86,healthy/3eaf72d6-be20-4929-b6dc-58f6c9edf2bd___RS_HL 0031.JPG,healthy,PlantVillage:Tomato___healthy:::8.0,verified_group,b975388b63dadf9821422d86,eligible_verified_subset
7bfd178bed5b3ba88a7b363b,healthy/3eb7e000-68e2-4cf3-b202-2aaf17642cb4___RS_HL 9957.JPG,healthy,PlantVillage:Tomato___healthy:::241.0,verified_group,7bfd178bed5b3ba88a7b363b,eligible_verified_subset
8b5270f0ea4fb825c5efa958,healthy/3ee909e6-4de7-4120-bb0e-bd71627f8bf1___RS_HL 9782.JPG,healthy,PlantVillage:Tomato___healthy:::199.0,verified_group,8b5270f0ea4fb825c5efa958,eligible_verified_subset
2205992a9b50a66f61d12992,healthy/3f12b950-bfdc-4670-adad-b32588dde9a3___RS_HL 9666.JPG,healthy,PlantVillage:Tomato___healthy:::170.0,verified_group,33e589d019eb5495a4a780a8,eligible_verified_subset
26f62177326f1d4006560d83,healthy/3f1beda2-534d-4970-b33e-99c43c1ee930___GH_HL Leaf 219.1.JPG,healthy,fallback:26f62177326f1d4006560d83,fallback_group,26f62177326f1d4006560d83,exclude_unresolved_component
02312de645367ca8350a3b11,healthy/3f1ce663-3715-4220-bbce-93bcc9f0c478___GH_HL Leaf 311.JPG,healthy,fallback:02312de645367ca8350a3b11,fallback_group,02312de645367ca8350a3b11,exclude_unresolved_component
1d1e91bd4f40bd19addaddd2,healthy/3f5047d4-f421-4313-9281-f333f60caadd___RS_HL 9659.JPG,healthy,PlantVillage:Tomato___healthy:::168.0,verified_group,1d1e91bd4f40bd19addaddd2,eligible_verified_subset
8cd7be9fb3c0435cd5f54e09,healthy/3f730857-e87b-4de0-bcbb-fdf0314e2250___GH_HL Leaf 245.1.JPG,healthy,fallback:8cd7be9fb3c0435cd5f54e09,fallback_group,8cd7be9fb3c0435cd5f54e09,exclude_unresolved_component
7b2a15a6c9cf23151fb6314f,healthy/4022afd0-756b-4f07-9a8a-3cdf425d0cc5___RS_HL 0134.JPG,healthy,PlantVillage:Tomato___healthy:::33.0,verified_group,94c9aca1e6f69ac64b537e4b,eligible_verified_subset
27531ee20eb00d3df551c9e1,healthy/409c349a-7738-41fc-8a3a-844cd33cfcae___RS_HL 9825.JPG,healthy,PlantVillage:Tomato___healthy:::209.0,verified_group,27531ee20eb00d3df551c9e1,eligible_verified_subset
ef725e2550772973ed9e2e4e,healthy/40b7eb94-3f47-47b2-9734-2a95f6acd44e___RS_HL 0408.JPG,healthy,PlantVillage:Tomato___healthy:::102.0,verified_group,b1b4cc71d310606fb1265ddc,eligible_verified_subset
ced6b9c659e75dcf4aa662a9,healthy/40dfa3e5-617d-46bb-9eab-eb2b114e5367___RS_HL 0079.JPG,healthy,PlantVillage:Tomato___healthy:::20.0,verified_group,ced6b9c659e75dcf4aa662a9,eligible_verified_subset
7025e8d16c1ec1c49e8be6b8,healthy/410dea1e-836e-4d41-9039-9cfc2ec30c1e___GH_HL Leaf 318.1.JPG,healthy,fallback:7025e8d16c1ec1c49e8be6b8,fallback_group,7025e8d16c1ec1c49e8be6b8,exclude_unresolved_component
f5bc2b077c870c49ba9acb77,healthy/4127b1a7-3442-4847-96cb-7ea68495039e___GH_HL Leaf 259.JPG,healthy,fallback:f5bc2b077c870c49ba9acb77,fallback_group,f5bc2b077c870c49ba9acb77,exclude_unresolved_component
782e0f15359b3d394ed9cd87,healthy/414359b9-153b-4985-bfe0-eaf22f7ff6ab___RS_HL 0062.JPG,healthy,PlantVillage:Tomato___healthy:::15.0,verified_group,c00c34b9945b112ed4a0fcb2,eligible_verified_subset
565d6417181f5e80cf1beaf8,healthy/416458ca-7db6-4383-ae0b-21ae2860af1b___RS_HL 0535.JPG,healthy,PlantVillage:Tomato___healthy:::134.0,verified_group,565d6417181f5e80cf1beaf8,eligible_verified_subset
685eee35bc0406cb3cb12a29,healthy/4184da3b-ccbd-4880-9aa7-dbb868a7f571___GH_HL Leaf 355.JPG,healthy,fallback:685eee35bc0406cb3cb12a29,fallback_group,685eee35bc0406cb3cb12a29,exclude_unresolved_component
0d215a19a8a20a6d3525b0b1,healthy/4187b29a-6f70-4d07-b88c-73f6f60dcb26___RS_HL 0343.JPG,healthy,PlantVillage:Tomato___healthy:::86.0,verified_group,0c45f4ea13b402bcaf505d86,eligible_verified_subset
10f3082ef713d8ab4b3ca1e1,healthy/419bb16e-1d52-4788-8cb5-a8fb30d554fe___RS_HL 9683.JPG,healthy,PlantVillage:Tomato___healthy:::174.0,verified_group,10f3082ef713d8ab4b3ca1e1,eligible_verified_subset
f55555c614e38df8077cd365,healthy/41b01db4-dcc7-4f71-8d24-11a581577f71___RS_HL 9715.JPG,healthy,PlantVillage:Tomato___healthy:::182.0,verified_group,954a1a5cbadbb4645c34db6f,eligible_verified_subset
62216bf5385f6f22cb703303,healthy/41c4774e-5193-47db-947c-27a724d0d993___RS_HL 0234.JPG,healthy,PlantVillage:Tomato___healthy:::58.0,verified_group,62216bf5385f6f22cb703303,eligible_verified_subset
6f93065f96d079991b4842f9,healthy/41dc5ea4-076f-4539-8cbb-6d4e53371c50___RS_HL 0472.JPG,healthy,PlantVillage:Tomato___healthy:::118.0,verified_group,232b705fc61c60f085558518,eligible_verified_subset
00a49d475beec991e5945faf,healthy/424c3315-6c08-4ab3-89da-d8456bc2050b___GH_HL Leaf 443.JPG,healthy,fallback:00a49d475beec991e5945faf,fallback_group,00a49d475beec991e5945faf,exclude_unresolved_component
952bd884db09014d03fe4c1c,healthy/4255f30c-f233-4706-9334-bc3c0d09d63d___GH_HL Leaf 372.2.JPG,healthy,fallback:952bd884db09014d03fe4c1c,fallback_group,952bd884db09014d03fe4c1c,exclude_unresolved_component
4b9b58d4a70ff51b7107a18a,healthy/425e5c47-5495-40ad-8c96-6c51768bc673___RS_HL 0025.JPG,healthy,PlantVillage:Tomato___healthy:::6.0,verified_group,4b9b58d4a70ff51b7107a18a,eligible_verified_subset
63a79551ae1aa948dfaf6614,healthy/42ae0091-fbfd-43e6-8a48-805051f770a0___RS_HL 0463.JPG,healthy,PlantVillage:Tomato___healthy:::116.0,verified_group,f8ce852716160c7994e5c3c9,eligible_verified_subset
185d60d20aebda8adef7676a,healthy/42e607e9-916c-470c-a17d-ec5348a40ded___RS_HL 0373.JPG,healthy,PlantVillage:Tomato___healthy:::93.0,verified_group,04e8b4fe2991f95c308040e9,eligible_verified_subset
09abdf75264508095bb0c1de,healthy/43014e59-9f8f-4e30-9548-22afff8a0d65___RS_HL 0201.JPG,healthy,PlantVillage:Tomato___healthy:::50.0,verified_group,f01e5925cfc36fa0cd9d8b1d,eligible_verified_subset
9e5e48323e0994ce46190879,healthy/431e5099-0b4d-433c-bba9-85e6ded06f4d___RS_HL 9876.JPG,healthy,PlantVillage:Tomato___healthy:::222.0,verified_group,ae891a4d66df37c24f3d6a40,eligible_verified_subset
9cd90e858ac48f4c9a29cab4,healthy/436f658c-5e47-4d2b-9a8e-2509c6d88ad1___GH_HL Leaf 376.JPG,healthy,fallback:9cd90e858ac48f4c9a29cab4,fallback_group,9cd90e858ac48f4c9a29cab4,exclude_unresolved_component
77aaacfec2926da5404834db,healthy/43851153-bb56-46c3-b61c-b4e84baf0516___RS_HL 9935.JPG,healthy,PlantVillage:Tomato___healthy:::236.0,verified_group,77aaacfec2926da5404834db,eligible_verified_subset
166996725fdefb8100cfbc46,healthy/438c4ac5-5409-4859-9fe4-3077af7425b2___RS_HL 0157.JPG,healthy,PlantVillage:Tomato___healthy:::39.0,verified_group,101b74384d9ae0a06137f555,eligible_verified_subset
cb8f5246c21d22563df9fd41,healthy/43c4b555-4bc4-470f-9150-ef0a7b515e00___RS_HL 9702.JPG,healthy,PlantVillage:Tomato___healthy:::179.0,verified_group,77d99c9480fd5d81dae9cd72,eligible_verified_subset
d0ad9c848e26611ec31d1143,healthy/43f6d6f0-be8e-4120-8c86-fad3bcfd5c03___RS_HL 0180.JPG,healthy,PlantVillage:Tomato___healthy:::45.0,verified_group,b8248fefd824c82ddd8328a7,eligible_verified_subset
c745648dcc972c8900de6d3e,healthy/4463e5e9-8afc-4dfd-9317-3013a538f2c8___GH_HL Leaf 308.JPG,healthy,fallback:c745648dcc972c8900de6d3e,fallback_group,c745648dcc972c8900de6d3e,exclude_unresolved_component
06e2acb5a3aa2e6b9cb45b03,healthy/450a7466-982f-4954-8649-84c4a6ab98dd___RS_HL 0414.JPG,healthy,PlantVillage:Tomato___healthy:::103.0,verified_group,d3f04e52d3fa3f7392a62f4e,eligible_verified_subset
71a4aaff8cadd699cfde530d,healthy/45167988-3f78-4309-8ce2-633d7521847f___GH_HL Leaf 432.1.JPG,healthy,fallback:71a4aaff8cadd699cfde530d,fallback_group,71a4aaff8cadd699cfde530d,exclude_unresolved_component
c3bf286efa1de6a22cada4cc,healthy/452703f7-9106-4ed2-8f38-8ece42a32613___RS_HL 0248.JPG,healthy,PlantVillage:Tomato___healthy:::62.0,verified_group,cc40543ed5f2e5c110516a4c,eligible_verified_subset
1158236f50c26ab5b9c8b778,healthy/4565ba85-5676-49cf-beac-79832cd30067___RS_HL 0639.JPG,healthy,PlantVillage:Tomato___healthy:::158.0,verified_group,953cd5a2319c14e7694e576b,eligible_verified_subset
b55592c9de1c98b319ff0bfc,healthy/45a1a63e-d00e-434d-b1b8-5b14dcde5b1e___GH_HL Leaf 250.JPG,healthy,fallback:b55592c9de1c98b319ff0bfc,fallback_group,b55592c9de1c98b319ff0bfc,exclude_unresolved_component
8e54fece301f0d7b47bd85a0,healthy/45a1e50e-e504-40a6-8378-39c28914ca43___GH_HL Leaf 448.1.JPG,healthy,fallback:8e54fece301f0d7b47bd85a0,fallback_group,8e54fece301f0d7b47bd85a0,exclude_unresolved_component
00c4cac1ac5c1ec720b9adb3,healthy/45aa56d9-24bf-40e4-93ca-a34ce0fb905d___RS_HL 0144.JPG,healthy,PlantVillage:Tomato___healthy:::36.0,verified_group,8070dc2e9850f620af59b1d4,eligible_verified_subset
b0eb0165a4054970f0710116,healthy/45b3e6ad-f79c-4132-9bb5-9e9d26cbdfce___RS_HL 9908.JPG,healthy,PlantVillage:Tomato___healthy:::230.0,verified_group,b0eb0165a4054970f0710116,eligible_verified_subset
e471b9efacd1ef004801a559,healthy/45fc3f1c-6ccc-4ffd-a0a9-f53cbe4e71a1___GH_HL Leaf 206.1.JPG,healthy,fallback:e471b9efacd1ef004801a559,fallback_group,e471b9efacd1ef004801a559,exclude_unresolved_component
7b98c76a802995db536dafc4,healthy/460909e5-dd8c-48f9-9a06-6daa2b3d0529___RS_HL 0341.JPG,healthy,PlantVillage:Tomato___healthy:::85.0,verified_group,7b98c76a802995db536dafc4,eligible_verified_subset
b586f354d995f03c4ba74af1,healthy/461aa22a-be16-4dc8-9d60-45c38eabe504___RS_HL 0501.JPG,healthy,PlantVillage:Tomato___healthy:::125.0,verified_group,2e7a57d3c8cbb44c5daf1761,eligible_verified_subset
93ba9b58b80fa44b3f68d43f,healthy/4629608b-5ac4-49d9-a8ff-ca1548fd4710___GH_HL Leaf 375.JPG,healthy,fallback:93ba9b58b80fa44b3f68d43f,fallback_group,93ba9b58b80fa44b3f68d43f,exclude_unresolved_component
9e79f93f426322796265a28c,healthy/466832f0-bff9-4766-a597-dc89880a7b4a___RS_HL 0111.JPG,healthy,PlantVillage:Tomato___healthy:::28.0,verified_group,9e79f93f426322796265a28c,eligible_verified_subset
33e5d9e3c6a8edd42825bbc0,healthy/46ff56ce-bf5d-48b9-89d8-d096a288f62b___RS_HL 9630.JPG,healthy,PlantVillage:Tomato___healthy:::161.0,verified_group,58357b633ab762c0e6bef01f,eligible_verified_subset
f84cecc76708ee75165f4f7b,healthy/4715a717-ed38-43b7-9ee1-4f83fba00743___RS_HL 0005.JPG,healthy,PlantVillage:Tomato___healthy:::1.0,verified_group,f84cecc76708ee75165f4f7b,eligible_verified_subset
dd74b20f5c42a2d82bdf0af9,healthy/47362660-a262-4ffb-ae99-68b699b3ecb7___RS_HL 0006.JPG,healthy,PlantVillage:Tomato___healthy:::1.0,verified_group,f84cecc76708ee75165f4f7b,eligible_verified_subset
494f91652bddf43b67717c9a,healthy/4758f78c-2d77-4f22-aee8-914c0745edcf___RS_HL 0434.JPG,healthy,PlantVillage:Tomato___healthy:::108.0,verified_group,8bf6ca76fd03c7a3160c7d59,eligible_verified_subset
b93f261b76d2bc91c006bab6,healthy/476e6aa3-ad1e-4f86-abea-c37dfb3f8df9___RS_HL 0522.JPG,healthy,PlantVillage:Tomato___healthy:::130.0,verified_group,b93f261b76d2bc91c006bab6,eligible_verified_subset
e2903cd27f8cb216fa3825dc,healthy/4777e41f-56f7-4f8f-9c81-33bd40ca1d0b___RS_HL 9875.JPG,healthy,PlantVillage:Tomato___healthy:::222.0,verified_group,ae891a4d66df37c24f3d6a40,eligible_verified_subset
08c571e9962bd9c98439990a,healthy/47a87555-1411-43a3-85d2-5fb241ec089d___GH_HL Leaf 177.2.JPG,healthy,fallback:08c571e9962bd9c98439990a,fallback_group,d51733c9fc08a57df4f2190b,exclude_unresolved_component
dd2d1275666ce941854684b3,healthy/47a9bf22-281f-49d6-a03a-97be4983fc68___RS_HL 0604.JPG,healthy,PlantVillage:Tomato___healthy:::150.0,verified_group,dd2d1275666ce941854684b3,eligible_verified_subset
66674862e78a66c97b877148,healthy/47b93075-4991-4f6a-8510-5fe75a73567f___RS_HL 9719.JPG,healthy,PlantVillage:Tomato___healthy:::183.0,verified_group,8d42ab4a5fa09f3613886dc7,eligible_verified_subset
5bf3a78780976f35ae5e456a,healthy/47d38fb3-c397-433f-a478-482a660b70f3___RS_HL 0113.JPG,healthy,PlantVillage:Tomato___healthy:::28.0,verified_group,9e79f93f426322796265a28c,eligible_verified_subset
b1b142e680778094e54f82f5,healthy/4806eef9-06a4-4da8-9327-939641fbb260___RS_HL 9692.JPG,healthy,PlantVillage:Tomato___healthy:::176.0,verified_group,74cb3b01791bc441b37677d7,eligible_verified_subset
7ad11f38c4f55391f21781f6,healthy/483659eb-d6da-4eb6-9106-cfe4240becbe___RS_HL 9895.JPG,healthy,PlantVillage:Tomato___healthy:::227.0,verified_group,7ad11f38c4f55391f21781f6,eligible_verified_subset
5d7eefe1494a1a57a9fbc102,healthy/488feb1c-4b9f-44e7-8aa6-4103a9601f5f___GH_HL Leaf 434.JPG,healthy,fallback:5d7eefe1494a1a57a9fbc102,fallback_group,5d7eefe1494a1a57a9fbc102,exclude_unresolved_component
184ee28057361849973074e8,healthy/48a36957-9e8e-4a17-b789-e775ea4bc523___GH_HL Leaf 254.1.JPG,healthy,fallback:184ee28057361849973074e8,fallback_group,184ee28057361849973074e8,exclude_unresolved_component
e6871e58f477aee26e786d2d,healthy/48af8eac-8662-400b-a0bb-024a28ed3cc9___RS_HL 0266.JPG,healthy,PlantVillage:Tomato___healthy:::66.0,verified_group,fdbd4c4a35e60ca5c19523cb,eligible_verified_subset
76943bfa178015284a3eef61,healthy/48b9e2a8-d24f-4dda-a3b9-a8705a6ffd4c___RS_HL 9990.JPG,healthy,PlantVillage:Tomato___healthy:::249.0,verified_group,76943bfa178015284a3eef61,eligible_verified_subset
1ffd81e8621a31690df32eb7,healthy/48cbd826-6822-4bd9-8bb4-6595db85a3f2___RS_HL 9783.JPG,healthy,PlantVillage:Tomato___healthy:::199.0,verified_group,8b5270f0ea4fb825c5efa958,eligible_verified_subset
6c862897cbe1a7af779bc155,healthy/48cd0ef9-4e84-4f83-ad6b-e8ddc3eb6b3b___GH_HL Leaf 317.1.JPG,healthy,fallback:6c862897cbe1a7af779bc155,fallback_group,6c862897cbe1a7af779bc155,exclude_unresolved_component
6b43f16f6eb469c08ebb12d2,healthy/48e28bd8-2395-4541-a64c-fd6fab030f06___GH_HL Leaf 352.1.JPG,healthy,fallback:6b43f16f6eb469c08ebb12d2,fallback_group,6b43f16f6eb469c08ebb12d2,exclude_unresolved_component
da1f6534b8691732d92331d7,healthy/48ffe8ac-3cd7-4d15-a928-6775f657ddae___GH_HL Leaf 264.1.JPG,healthy,fallback:da1f6534b8691732d92331d7,fallback_group,da1f6534b8691732d92331d7,exclude_unresolved_component
32c06a196beddaec4e7b16f9,healthy/4916cbbb-a567-4263-a56d-521abadfb0b8___RS_HL 0480.JPG,healthy,PlantVillage:Tomato___healthy:::120.0,verified_group,5f1631780921ef172b905247,exclude_unresolved_component
0d984f55170db100c15dbeb8,healthy/49291f4a-e689-4a59-8f40-60ee9f1aac26___RS_HL 9820.JPG,healthy,PlantVillage:Tomato___healthy:::208.0,verified_group,0d984f55170db100c15dbeb8,eligible_verified_subset
94e96ee8aaee6ef983f75704,healthy/4935c405-26c7-4e53-b6cf-0f4dcc798504___RS_HL 9730.JPG,healthy,PlantVillage:Tomato___healthy:::186.0,verified_group,89c08eee79825124caca4a4f,eligible_verified_subset
f9865cbf8201c5f62668edba,healthy/4946ed4e-9003-485c-830f-1ef42bf78185___RS_HL 0191.JPG,healthy,PlantVillage:Tomato___healthy:::48.0,verified_group,a9c97eff48b1388c81895ea3,eligible_verified_subset
7a2f926e0d376430b2b41100,healthy/495559bd-76e2-4c7a-935c-3ca1b4cf4b7b___GH_HL Leaf 180.1.JPG,healthy,fallback:7a2f926e0d376430b2b41100,fallback_group,7a2f926e0d376430b2b41100,exclude_unresolved_component
08f0ed3b624452275d709326,healthy/4959798b-5c9b-4f8e-b0a0-3778259614b1___CG1.JPG,healthy,fallback:08f0ed3b624452275d709326,fallback_group,08f0ed3b624452275d709326,exclude_unresolved_component
062c585a0397e38c097aab4e,healthy/49a59716-84d4-44bd-b1c7-4571def5be12___GH_HL Leaf 421.JPG,healthy,fallback:062c585a0397e38c097aab4e,fallback_group,062c585a0397e38c097aab4e,exclude_unresolved_component
8ea8cecad35d1e8cf1496c07,healthy/49d1f23f-f284-4397-a0a3-295f4eae4343___RS_HL 0067.JPG,healthy,PlantVillage:Tomato___healthy:::17.0,verified_group,8ea8cecad35d1e8cf1496c07,eligible_verified_subset
510bbcb877426677d2503a61,healthy/4a077dcb-30be-4f8d-9dc9-00f3874b1676___GH_HL Leaf 465.JPG,healthy,fallback:510bbcb877426677d2503a61,fallback_group,510bbcb877426677d2503a61,exclude_unresolved_component
c8af6189419c59f8962c0a7e,healthy/4a0a9092-e70e-4a73-bb51-4d83b3c90a38___GH_HL Leaf 195.JPG,healthy,fallback:c8af6189419c59f8962c0a7e,fallback_group,c8af6189419c59f8962c0a7e,exclude_unresolved_component
eec36cd5cb7b7df9e9b18996,healthy/4a1e2b71-992a-4a64-a599-b49b8fa75378___RS_HL 0627.JPG,healthy,PlantVillage:Tomato___healthy:::155.0,verified_group,76c0f9ef1de61c705f9918b0,eligible_verified_subset
31cb59ad6c9dddbfcafbc516,healthy/4ae80701-db36-4003-a20c-925d66bdfb68___RS_HL 0602.JPG,healthy,PlantVillage:Tomato___healthy:::149.0,verified_group,80c6e8560a465b501b4bc98c,eligible_verified_subset
88177ce02c4d567bf22f446b,healthy/4af1cf6d-1bae-4e58-9168-2f6105a6fe9a___RS_HL 0608.JPG,healthy,PlantVillage:Tomato___healthy:::151.0,verified_group,88177ce02c4d567bf22f446b,eligible_verified_subset
70f1f66365fa182ed1302bb2,healthy/4af641e9-7960-4c73-a32c-6373d1f341d0___GH_HL Leaf 489.JPG,healthy,fallback:70f1f66365fa182ed1302bb2,fallback_group,70f1f66365fa182ed1302bb2,exclude_unresolved_component
c687f0114dc10949518521c3,healthy/4b51a704-643f-4de4-9da9-55fceb24fe42___RS_HL 0155.JPG,healthy,PlantVillage:Tomato___healthy:::39.0,verified_group,101b74384d9ae0a06137f555,eligible_verified_subset
9244b4d5c1ca02c0c1f24a79,healthy/4b696198-bb02-426d-bcbd-cc00177a0fb7___RS_HL 0093.JPG,healthy,PlantVillage:Tomato___healthy:::23.0,verified_group,9244b4d5c1ca02c0c1f24a79,eligible_verified_subset
fe484730fd91612be2d9251f,healthy/4b7deb4f-5bce-4915-ba64-7e75c66624c2___RS_HL 0153.JPG,healthy,PlantVillage:Tomato___healthy:::38.0,verified_group,fe484730fd91612be2d9251f,eligible_verified_subset
d8211e29d4fba64a788950a2,healthy/4b8bc1e8-30e5-41ef-871e-0661d521418d___RS_HL 0445.JPG,healthy,PlantVillage:Tomato___healthy:::111.0,verified_group,7c2f9985c3ee8dda0b82cb3e,eligible_verified_subset
0f5cd609b19c5025a58dfadb,healthy/4b8df56a-6124-4e5c-a1b7-8e771a472813___RS_HL 0520.JPG,healthy,PlantVillage:Tomato___healthy:::130.0,verified_group,b93f261b76d2bc91c006bab6,eligible_verified_subset
98540bbedc03ec70c2f96ec1,healthy/4b8f6f0d-ed84-49ae-a92e-6cf049a42207___RS_HL 9652.JPG,healthy,PlantVillage:Tomato___healthy:::166.0,verified_group,e3bd7e0739e1386dca62f4ae,eligible_verified_subset
253690c3e58163e6307e0e01,healthy/4b9bc37a-a9af-4e3f-a4e4-1e6cfb79c673___RS_HL 0262.JPG,healthy,PlantVillage:Tomato___healthy:::65.0,verified_group,8349a96322467404f4ce5516,eligible_verified_subset
ed1f46d365adaafff85ac4f3,healthy/4bd918e2-ac0a-41b4-b1a0-f1bb799a309c___RS_HL 9846.JPG,healthy,PlantVillage:Tomato___healthy:::215.0,verified_group,11b865e84759809fa50221a4,eligible_verified_subset
25600cc3b315d3ef36f51a4f,healthy/4c0fe9e1-bbe4-40dc-8a83-97a437693a23___RS_HL 0228.JPG,healthy,PlantVillage:Tomato___healthy:::57.0,verified_group,25600cc3b315d3ef36f51a4f,eligible_verified_subset
9bbcd59e8b70dde8b155fcdf,healthy/4c2c45b2-7e33-4b1d-9125-b14b5ccafedd___RS_HL 9991.JPG,healthy,PlantVillage:Tomato___healthy:::249.0,verified_group,76943bfa178015284a3eef61,eligible_verified_subset
c427806f65f3fa76afc892bc,healthy/4c3bf302-573e-4240-9d67-60412ea836d0___RS_HL 0254.JPG,healthy,PlantVillage:Tomato___healthy:::63.0,verified_group,326585c9aba41894f77b3519,eligible_verified_subset
b093da8d32e40a1f89f95506,healthy/4c70f748-028a-49d2-92b6-3bf77d33bb9e___RS_HL 9786.JPG,healthy,PlantVillage:Tomato___healthy:::200.0,verified_group,1d9a0a44770215b9f5565f47,eligible_verified_subset
ea9e464edf7f152412e1c9e0,healthy/4ce3098b-aad2-4e5b-8f3b-fd827cad2c0b___RS_HL 0026.JPG,healthy,PlantVillage:Tomato___healthy:::6.0,verified_group,4b9b58d4a70ff51b7107a18a,eligible_verified_subset
3c015bb022d819801de402ec,healthy/4ce6844e-2a92-47aa-9115-0eb1a9a0611c___GH_HL Leaf 464.1.JPG,healthy,fallback:3c015bb022d819801de402ec,fallback_group,3c015bb022d819801de402ec,exclude_unresolved_component
9798987835920596e95e8687,healthy/4d374048-0e08-4a09-ae57-e83f8e64082b___RS_HL 0564.JPG,healthy,PlantVillage:Tomato___healthy:::141.0,verified_group,b3d2e6e2d4f3b0b3efa278b3,eligible_verified_subset
687083dbce45612ad5373659,healthy/4d82bf50-5e71-4597-8684-6db7300e0cd4___GH_HL Leaf 316.JPG,healthy,fallback:687083dbce45612ad5373659,fallback_group,687083dbce45612ad5373659,exclude_unresolved_component
4db49eccaea51e599aa6b1e3,healthy/4de74e9a-e32a-467a-b6fd-512a16a09d22___GH_HL Leaf 329.JPG,healthy,fallback:4db49eccaea51e599aa6b1e3,fallback_group,4db49eccaea51e599aa6b1e3,exclude_unresolved_component
6c375294d0a5072e5528b14e,healthy/4e3e2f5a-04a7-4142-aad1-acfa13344e33___GH_HL Leaf 358.JPG,healthy,fallback:6c375294d0a5072e5528b14e,fallback_group,6c375294d0a5072e5528b14e,exclude_unresolved_component
f152fef39158149c377818c3,healthy/4e3f33a1-04a8-4d15-b36c-f757800f766f___RS_HL 0556.JPG,healthy,PlantVillage:Tomato___healthy:::139.0,verified_group,e43b5a3abb94153aca756086,eligible_verified_subset
b51f047f0bfac72e0c6f17fc,healthy/4e4e685a-6f47-44df-957c-b667a1a5034e___RS_HL 9938.JPG,healthy,PlantVillage:Tomato___healthy:::237.0,verified_group,b096f1052c6ebda0c442f04e,eligible_verified_subset
d6d7b3587b4d6d221f600def,healthy/4e67dd9d-8a92-4b30-bb08-2e30d34acde7___RS_HL 0245.JPG,healthy,PlantVillage:Tomato___healthy:::61.0,verified_group,d6d7b3587b4d6d221f600def,eligible_verified_subset
93daa4a333f8aa43392349b2,healthy/4e690960-f6bb-43f6-b2e7-6ff3aaf81452___RS_HL 9823.JPG,healthy,PlantVillage:Tomato___healthy:::209.0,verified_group,27531ee20eb00d3df551c9e1,eligible_verified_subset
d82a6cb22bc736c0eef7ee42,healthy/4e88356d-0238-4f3c-b718-34bddc184407___RS_HL 0136.JPG,healthy,PlantVillage:Tomato___healthy:::34.0,verified_group,400619b324f1924e8c9db40d,eligible_verified_subset
46419eb0762e96ef3c23acf9,healthy/4e8e1275-37a2-48fa-84cb-96ffa0824571___RS_HL 0574.JPG,healthy,PlantVillage:Tomato___healthy:::143.0,verified_group,86e0e45c3de34da54bdf1ceb,eligible_verified_subset
45d74a08a42c7144585aad95,healthy/4ec0267c-4606-47bf-ad7e-5e087dc4aef1___RS_HL 0187.JPG,healthy,PlantVillage:Tomato___healthy:::47.0,verified_group,66b7876566ab9a3009e33105,eligible_verified_subset
4f159d14cee954083dc8fe9a,healthy/4ed0a372-fe3d-49a6-82a1-2e904e6c66e3___GH_HL Leaf 200.JPG,healthy,fallback:4f159d14cee954083dc8fe9a,fallback_group,4f159d14cee954083dc8fe9a,exclude_unresolved_component
23faf0ba6ebaa12dac73bd79,healthy/4ed59995-6214-4996-b98b-750e85433920___GH_HL Leaf 474.JPG,healthy,fallback:23faf0ba6ebaa12dac73bd79,fallback_group,23faf0ba6ebaa12dac73bd79,exclude_unresolved_component
0ee4e4536ce1d2ab131463d0,healthy/4ed95a13-f09b-452e-84d0-b4b6a94a022d___RS_HL 9975.JPG,healthy,PlantVillage:Tomato___healthy:::246.0,verified_group,4cf79adf1bc3c20e8b6044c6,eligible_verified_subset
47279ecd3e6e4d0c815ca1a7,healthy/4f09b157-f5d2-4f99-ac0a-1be52cc7a27d___RS_HL 0402.JPG,healthy,PlantVillage:Tomato___healthy:::100.0,verified_group,85ce676059643ddf2bbb5bee,eligible_verified_subset
0e6d7e56aec59c2abfd92403,healthy/4f256237-9e94-4703-b128-8e91ffac8075___GH_HL Leaf 364.JPG,healthy,fallback:0e6d7e56aec59c2abfd92403,fallback_group,0e6d7e56aec59c2abfd92403,exclude_unresolved_component
8e1bf798cdfd0f0f7b156b05,healthy/4f334ff5-0f0a-4d15-8760-448bebddd4f2___GH_HL Leaf 527.JPG,healthy,fallback:8e1bf798cdfd0f0f7b156b05,fallback_group,8e1bf798cdfd0f0f7b156b05,exclude_unresolved_component
0e77445bbf1385605ef3e0fa,healthy/4f5dde42-a6ac-4886-8b9e-a944568ace95___RS_HL 0080.JPG,healthy,PlantVillage:Tomato___healthy:::20.0,verified_group,ced6b9c659e75dcf4aa662a9,eligible_verified_subset
1131783c3ca20dfb874a855b,healthy/4f8ac9da-206a-40e3-b647-f691dcda931e___RS_HL 9819.JPG,healthy,PlantVillage:Tomato___healthy:::208.0,verified_group,0d984f55170db100c15dbeb8,eligible_verified_subset
f43a49d19804cb819410b1ab,healthy/4ff18566-4ef0-4492-85c6-5f8c94a2c20f___GH_HL Leaf 418.JPG,healthy,fallback:f43a49d19804cb819410b1ab,fallback_group,f43a49d19804cb819410b1ab,exclude_unresolved_component
d328780dba124ed2958c090b,healthy/4ff86e18-434e-4d1d-819c-c40c908e064a___RS_HL 0273.JPG,healthy,PlantVillage:Tomato___healthy:::68.0,verified_group,673f8e3c83fdba88d3b8c4f3,eligible_verified_subset
a1ff9863a95c3beb0419d563,healthy/500f0eb8-4141-454e-a186-68350293b2ce___RS_HL 9905.JPG,healthy,PlantVillage:Tomato___healthy:::229.0,verified_group,a1ff9863a95c3beb0419d563,eligible_verified_subset
f7132137fce50274b8eeec6f,healthy/5015e0d2-a6e3-4859-aceb-78089d1b60f7___GH_HL Leaf 186.2.JPG,healthy,fallback:f7132137fce50274b8eeec6f,fallback_group,f7132137fce50274b8eeec6f,exclude_unresolved_component
a4584a240c221e939daa7ca3,healthy/502bbd0a-8c84-4723-8e16-446655d5563d___RS_HL 0423.JPG,healthy,PlantVillage:Tomato___healthy:::106.0,verified_group,72df1389fa34063ded1d4a21,eligible_verified_subset
3377452702c18266a94d3691,healthy/5044fab8-1e1b-4f9c-a477-3ee8497d0c75___RS_HL 0287.JPG,healthy,PlantVillage:Tomato___healthy:::72.0,verified_group,3377452702c18266a94d3691,eligible_verified_subset
77f53374286d01d04375acbe,healthy/505465db-407b-4e0a-8110-7479dad5261c___GH_HL Leaf 389.JPG,healthy,fallback:77f53374286d01d04375acbe,fallback_group,d638f228f01862db8e6828bf,exclude_unresolved_component
f728eaa0fb4cb57cca06dd6c,healthy/50653809-a548-4b7e-898d-6e3dac85ac8d___RS_HL 9855.JPG,healthy,PlantVillage:Tomato___healthy:::217.0,verified_group,f728eaa0fb4cb57cca06dd6c,eligible_verified_subset
6a981976725c64bdbc4bbcd9,healthy/509601a4-652c-4666-bb90-44e4a6d98062___RS_HL 9764.JPG,healthy,PlantVillage:Tomato___healthy:::194.0,verified_group,7e606bdc6fe3de663739f13e,eligible_verified_subset
836fac12cb98c17903a8ad47,healthy/50a1376a-3a56-40b5-9f95-614689509505___GH_HL Leaf 413.JPG,healthy,fallback:836fac12cb98c17903a8ad47,fallback_group,836fac12cb98c17903a8ad47,exclude_unresolved_component
6c5cfe3def001bdc9d327778,healthy/50ac802c-b814-4faf-b0d5-a7bc012747eb___GH_HL Leaf 315.JPG,healthy,fallback:6c5cfe3def001bdc9d327778,fallback_group,6c5cfe3def001bdc9d327778,exclude_unresolved_component
bb9f6c6395ea737a65d47e07,healthy/50aebd46-fc21-4954-b2d7-729b02a849b1___GH_HL Leaf 194.JPG,healthy,fallback:bb9f6c6395ea737a65d47e07,fallback_group,bb9f6c6395ea737a65d47e07,exclude_unresolved_component
79483f0d3c8ed638b64486be,healthy/50c710e2-ad13-4b3a-a829-65d51ead21ff___GH_HL Leaf 269.JPG,healthy,fallback:79483f0d3c8ed638b64486be,fallback_group,79483f0d3c8ed638b64486be,exclude_unresolved_component
2fbccc80fb74c420894c9065,healthy/50e94883-d7f1-4165-8c48-2f999ed1eef6___GH_HL Leaf 478.1.JPG,healthy,fallback:2fbccc80fb74c420894c9065,fallback_group,2fbccc80fb74c420894c9065,exclude_unresolved_component
459e59257de1909ce5411267,healthy/5104e988-bef6-45fe-9677-095a045239ad___GH_HL Leaf 449.JPG,healthy,fallback:459e59257de1909ce5411267,fallback_group,459e59257de1909ce5411267,exclude_unresolved_component
6c57f9058e6203c7372d46d9,healthy/513e1e06-d736-4317-b86b-73464b111958___GH_HL Leaf 385.JPG,healthy,fallback:6c57f9058e6203c7372d46d9,fallback_group,6c57f9058e6203c7372d46d9,exclude_unresolved_component
40e827471d0582af6aee6d1f,healthy/514c77da-8edc-4ce5-948c-fbab6f3b2d96___RS_HL 0478.JPG,healthy,PlantVillage:Tomato___healthy:::119.0,verified_group,69c50adec5fd05a8480424f8,eligible_verified_subset
53ea2eadc5d68e9dd1245b72,healthy/5153c319-4ab2-4ad0-af02-37219b0766d3___GH_HL Leaf 500.3.JPG,healthy,fallback:53ea2eadc5d68e9dd1245b72,fallback_group,53ea2eadc5d68e9dd1245b72,exclude_unresolved_component
8e0a032d3be7add732d2faa6,healthy/51c29eaf-bd3a-427b-8ff7-ef970131ba95___GH_HL Leaf 345.JPG,healthy,fallback:8e0a032d3be7add732d2faa6,fallback_group,8e0a032d3be7add732d2faa6,exclude_unresolved_component
a5180cc4d19cd998337c4648,healthy/51e66b4b-c192-432f-bc52-d1c86a8da427___GH_HL Leaf 397.JPG,healthy,fallback:a5180cc4d19cd998337c4648,fallback_group,a5180cc4d19cd998337c4648,exclude_unresolved_component
3095b565c2f15fe9bb9ec18e,healthy/51fda747-5f6a-4870-a874-2a53f706c015___GH_HL Leaf 220.1.JPG,healthy,fallback:3095b565c2f15fe9bb9ec18e,fallback_group,3095b565c2f15fe9bb9ec18e,exclude_unresolved_component
ac9eecab2375bc8266ffd43f,healthy/5216e02b-891f-4b00-9768-73f13e6d8ebf___GH_HL Leaf 433.1.JPG,healthy,fallback:ac9eecab2375bc8266ffd43f,fallback_group,ac9eecab2375bc8266ffd43f,exclude_unresolved_component
6f66ebb461912b5cff11c897,healthy/522cba8a-8cf7-4d39-a73e-0602ab6fc71f___RS_HL 0288.JPG,healthy,PlantVillage:Tomato___healthy:::72.0,verified_group,3377452702c18266a94d3691,eligible_verified_subset
a3dd0a447c035c241b5a4c70,healthy/52325034-c2a2-4f00-b49d-e67cafcd2828___GH_HL Leaf 399.1.JPG,healthy,fallback:a3dd0a447c035c241b5a4c70,fallback_group,a3dd0a447c035c241b5a4c70,exclude_unresolved_component
78da794f1e84919238879017,healthy/525c2813-206e-40ee-80a2-83b56ef45b13___RS_HL 0547.JPG,healthy,PlantVillage:Tomato___healthy:::137.0,verified_group,1c86117f27a1d47802dc0247,eligible_verified_subset
47ed28fa285f1840f35c8a45,healthy/5300bf32-485d-4978-9099-3175fb666da8___GH_HL Leaf 475.JPG,healthy,fallback:47ed28fa285f1840f35c8a45,fallback_group,e2a71d1c59f34da66da28f01,exclude_unresolved_component
770cb7c32d48276ab5293070,healthy/530faba8-67fa-45bc-8aad-353f879b224c___GH_HL Leaf 462.JPG,healthy,fallback:770cb7c32d48276ab5293070,fallback_group,770cb7c32d48276ab5293070,exclude_unresolved_component
af91b2a16a170222af08ae9b,healthy/532a6e3c-5dd5-4adf-9bc0-c13551dae536___GH_HL Leaf 354.JPG,healthy,fallback:af91b2a16a170222af08ae9b,fallback_group,af91b2a16a170222af08ae9b,exclude_unresolved_component
9769284040f8876e5b4fb492,healthy/53471454-9f9a-4182-91a3-c2c6c1268c56___RS_HL 0209.JPG,healthy,PlantVillage:Tomato___healthy:::52.0,verified_group,57488ef1da1a7ad2fbff4122,eligible_verified_subset
57f714d9a2d79454abf4dd39,healthy/534e4d2c-e2cc-4448-9181-95b9af3ff56a___RS_HL 0198.JPG,healthy,PlantVillage:Tomato___healthy:::49.0,verified_group,57f714d9a2d79454abf4dd39,eligible_verified_subset
2b79d68cc6e909cccff78145,healthy/5393abd2-b4e2-4af2-94d4-c52c919fc157___RS_HL 0322.JPG,healthy,PlantVillage:Tomato___healthy:::80.0,verified_group,a10f72663553d305765e50c7,eligible_verified_subset
d32c9981a920f594dccc5216,healthy/54059d2e-8903-4cf1-9856-676620a5be93___GH_HL Leaf 484.JPG,healthy,fallback:d32c9981a920f594dccc5216,fallback_group,d32c9981a920f594dccc5216,exclude_unresolved_component
083d0f4a6476ea9d3fd20456,healthy/5418b9ca-804d-4219-8272-805c0d78c28b___GH_HL Leaf 404.1.JPG,healthy,fallback:083d0f4a6476ea9d3fd20456,fallback_group,083d0f4a6476ea9d3fd20456,exclude_unresolved_component
81607e1e632de79e7ad28d62,healthy/541d6033-1cc7-4c86-a37b-423bc08d25a7___RS_HL 9973.JPG,healthy,PlantVillage:Tomato___healthy:::245.0,verified_group,81607e1e632de79e7ad28d62,eligible_verified_subset
9a98ca694cc33180d8b44ace,healthy/5422b428-b58a-4276-a79c-79d1c3ca7aa2___RS_HL 0123.JPG,healthy,PlantVillage:Tomato___healthy:::31.0,verified_group,7ae0a1c81d9a82344b5c817f,eligible_verified_subset
95f575ad9261790f6f6a154b,healthy/54a6ab64-9e7f-4126-8497-857c7c339a80___RS_HL 0461.JPG,healthy,PlantVillage:Tomato___healthy:::115.0,verified_group,7b932992fa4e36bc956a10fb,eligible_verified_subset
a5a62fa42b607a9441e8e519,healthy/54bb7e75-5b69-4777-ad28-6a676e5fd46d___RS_HL 9631.JPG,healthy,PlantVillage:Tomato___healthy:::161.0,verified_group,58357b633ab762c0e6bef01f,eligible_verified_subset
a2e698882b854fd3aec55714,healthy/55204bbf-7eb5-488c-bcbd-e13f81953b57___RS_HL 0021.JPG,healthy,PlantVillage:Tomato___healthy:::5.0,verified_group,4f2e7b42b01d5b67692448f9,eligible_verified_subset
a20fa3af3cec02d272ef0392,healthy/5546f7a3-67af-432a-9a09-35f02e6cc741___GH_HL Leaf 216.JPG,healthy,fallback:a20fa3af3cec02d272ef0392,fallback_group,a20fa3af3cec02d272ef0392,exclude_unresolved_component
223ffac6e4a51c438f650f80,healthy/5575d52c-a773-41fa-a7bc-a09c1ad912f2___RS_HL 0353.JPG,healthy,PlantVillage:Tomato___healthy:::88.0,verified_group,3bc01483b99ff48d7a8d7024,eligible_verified_subset
b291c85165e254c2f1b605b7,healthy/5576cac9-71e4-4ec3-96bd-9b5cfa94fef4___GH_HL Leaf 267.JPG,healthy,fallback:b291c85165e254c2f1b605b7,fallback_group,b291c85165e254c2f1b605b7,exclude_unresolved_component
d8fbefce38cb175777dab41c,healthy/55bcfcce-70f4-4634-8107-0a8207da2b14___GH_HL Leaf 317.2.JPG,healthy,fallback:d8fbefce38cb175777dab41c,fallback_group,d8fbefce38cb175777dab41c,exclude_unresolved_component
b47b4742b8fed6a3984a25d3,healthy/55d65bad-6553-42a7-916d-6276b3da83b2___RS_HL 0459.JPG,healthy,PlantVillage:Tomato___healthy:::115.0,verified_group,7b932992fa4e36bc956a10fb,eligible_verified_subset
e0d6ca8ac770f6f70be27765,healthy/560b8340-b487-4bd9-aac1-37b0f4711444___RS_HL 0277.JPG,healthy,PlantVillage:Tomato___healthy:::69.0,verified_group,7f527234a5b5c93526159084,eligible_verified_subset
abc02a6978f95db35f46eb1b,healthy/5630c5b1-a956-4a34-879a-eb1cb89d22d1___RS_HL 9806.JPG,healthy,PlantVillage:Tomato___healthy:::205.0,verified_group,abc02a6978f95db35f46eb1b,eligible_verified_subset
534022599876df499b3605b3,healthy/56821d0b-8d8c-47ed-9754-3c16c9c97cb8___GH_HL Leaf 286.JPG,healthy,fallback:534022599876df499b3605b3,fallback_group,534022599876df499b3605b3,exclude_unresolved_component
22cc5ce0a1fc5c29c4b23106,healthy/568ae2e1-f63e-40f1-ac27-dac9fea86277___GH_HL Leaf 246.1.JPG,healthy,fallback:22cc5ce0a1fc5c29c4b23106,fallback_group,22cc5ce0a1fc5c29c4b23106,exclude_unresolved_component
1b26c2d824b75f66aef79b5d,healthy/56a12dcc-cd88-47c3-97b2-8c3a33f7dba2___GH_HL Leaf 370.JPG,healthy,fallback:1b26c2d824b75f66aef79b5d,fallback_group,1b26c2d824b75f66aef79b5d,exclude_unresolved_component
c8deb9e36830b000137f3a17,healthy/56f87203-cfd4-4e2c-b2d7-df17983d8267___GH_HL Leaf 374.JPG,healthy,fallback:c8deb9e36830b000137f3a17,fallback_group,c8deb9e36830b000137f3a17,exclude_unresolved_component
7d98c1a869aeea7b92b17139,healthy/5733d6bf-494a-4da8-a15f-5903f4f05807___RS_HL 0259.JPG,healthy,PlantVillage:Tomato___healthy:::65.0,verified_group,8349a96322467404f4ce5516,eligible_verified_subset
4844191de3cb4830dc9259b2,healthy/574dab67-daab-46c8-918f-beb10b427cd5___RS_HL 9974.JPG,healthy,PlantVillage:Tomato___healthy:::246.0,verified_group,4cf79adf1bc3c20e8b6044c6,eligible_verified_subset
6c9e8747cb3e94ca83d102f1,healthy/5785f4a6-39d9-40d9-bf57-2d41ed94518b___GH_HL Leaf 309.JPG,healthy,fallback:6c9e8747cb3e94ca83d102f1,fallback_group,6c9e8747cb3e94ca83d102f1,exclude_unresolved_component
e44aa86bec510df7a1cde5d6,healthy/579cec1c-8304-4b8c-84bb-be54a7e8c93f___GH_HL Leaf 367.JPG,healthy,fallback:e44aa86bec510df7a1cde5d6,fallback_group,e44aa86bec510df7a1cde5d6,exclude_unresolved_component
d6fdcf43a23707ad388ca565,healthy/57b5d4cd-150b-4441-a535-8176fc1f97d7___GH_HL Leaf 197.1.JPG,healthy,fallback:d6fdcf43a23707ad388ca565,fallback_group,d6fdcf43a23707ad388ca565,exclude_unresolved_component
8e9458d815a86405e162d9a9,healthy/57cc95ac-1fae-4959-ba16-d65c3db753d1___RS_HL 0312.JPG,healthy,PlantVillage:Tomato___healthy:::78.0,verified_group,f2cfd69602b198cb4cf6df49,eligible_verified_subset
b89ee104562e88d731fc4b8e,healthy/583238e5-392b-40ef-9bbe-be54bda61477___RS_HL 9869.JPG,healthy,PlantVillage:Tomato___healthy:::220.0,verified_group,d914ec38a9089f994835edfc,eligible_verified_subset
09ff67685b337de7ac5fa00a,healthy/5853fc45-5ce0-4b2c-a36e-18eda75a97c6___RS_HL 9632.JPG,healthy,PlantVillage:Tomato___healthy:::161.0,verified_group,58357b633ab762c0e6bef01f,eligible_verified_subset
9307a79f917375a5594a80ca,healthy/5876e77a-8598-418c-bae2-b7492c8e46bd___RS_HL 9859.JPG,healthy,PlantVillage:Tomato___healthy:::218.0,verified_group,9307a79f917375a5594a80ca,eligible_verified_subset
0d472d2b986d0b77784fb9fe,healthy/591c89ff-a75f-4613-b06d-4f3fbf6c426c___GH_HL Leaf 435.JPG,healthy,fallback:0d472d2b986d0b77784fb9fe,fallback_group,0d472d2b986d0b77784fb9fe,exclude_unresolved_component
7e8795022eb48af03ccc5100,healthy/593c58eb-71d4-4626-89d4-de6f59964aa8___RS_HL 0106.JPG,healthy,PlantVillage:Tomato___healthy:::26.0,verified_group,2df945423b0725eadd1e8f75,eligible_verified_subset
7ac0e39b59c7724ef40a588e,healthy/59785876-4697-4cbe-881d-26133ccd21ec___RS_HL 9746.JPG,healthy,PlantVillage:Tomato___healthy:::190.0,verified_group,7ac0e39b59c7724ef40a588e,eligible_verified_subset
66ad47ecf99e4a974f9e368b,healthy/598606b2-3e32-4d1d-b86e-042a14cd24d0___GH_HL Leaf 504.2.JPG,healthy,fallback:66ad47ecf99e4a974f9e368b,fallback_group,66ad47ecf99e4a974f9e368b,exclude_unresolved_component
4e45a5835c6063d09bfcd878,healthy/59a8b3a3-7e21-4322-befc-0d3da471bd67___GH_HL Leaf 403.1.JPG,healthy,fallback:4e45a5835c6063d09bfcd878,fallback_group,4e45a5835c6063d09bfcd878,exclude_unresolved_component
9c756c541c9a9521bba601ce,healthy/59b3cd39-7a2f-4dc0-a08b-4c88f893f338___RS_HL 9792.JPG,healthy,PlantVillage:Tomato___healthy:::201.0,verified_group,7b0c68d3d16547fd585acb28,eligible_verified_subset
bda8750b75ec6bc9fd935727,healthy/59cc3bec-c66b-43f7-a445-42af2d7be410___GH_HL Leaf 476.JPG,healthy,fallback:bda8750b75ec6bc9fd935727,fallback_group,bda8750b75ec6bc9fd935727,exclude_unresolved_component
ba29f338716abb63959fc60a,healthy/59e72cea-137e-4c76-ba58-8b60aab68779___RS_HL 9885.JPG,healthy,PlantVillage:Tomato___healthy:::224.0,verified_group,2a9a1f9bd3367ed995a01587,eligible_verified_subset
f8ad37e6b1964b4731f7b03f,healthy/59f54d36-b98b-4271-88ed-7a9672907bee___RS_HL 0519.JPG,healthy,PlantVillage:Tomato___healthy:::130.0,verified_group,b93f261b76d2bc91c006bab6,eligible_verified_subset
f080b42b7bfe90b4938d6fb6,healthy/5a7de071-ba6b-4a06-a3d4-eab0abdc6ecf___GH_HL Leaf 398.1.JPG,healthy,fallback:f080b42b7bfe90b4938d6fb6,fallback_group,f080b42b7bfe90b4938d6fb6,exclude_unresolved_component
e94f023508bb84cf09e067cd,healthy/5a86d688-c358-481d-9618-ee14a5742234___RS_HL 0363.JPG,healthy,PlantVillage:Tomato___healthy:::91.0,verified_group,e94f023508bb84cf09e067cd,eligible_verified_subset
2d80e9d4a1564360213ac732,healthy/5ac6005e-d9b6-4847-bd28-e43038e02450___RS_HL 0489.JPG,healthy,PlantVillage:Tomato___healthy:::122.0,verified_group,2d80e9d4a1564360213ac732,eligible_verified_subset
c6a8d1321500ee5c0694cf11,healthy/5b2457f5-96d5-4bcd-8025-dc55e666f660___RS_HL 0605.JPG,healthy,PlantVillage:Tomato___healthy:::150.0,verified_group,dd2d1275666ce941854684b3,eligible_verified_subset
5d9cb3116dfec1ca3a9b66da,healthy/5b28f6a8-cf40-4f35-82ad-16470dd69bd5___RS_HL 9658.JPG,healthy,PlantVillage:Tomato___healthy:::168.0,verified_group,1d1e91bd4f40bd19addaddd2,eligible_verified_subset
0d408839b82337eec5404044,healthy/5b36f575-af3a-454c-b31f-2d4218fb5cca___GH_HL Leaf 487.JPG,healthy,fallback:0d408839b82337eec5404044,fallback_group,0d408839b82337eec5404044,exclude_unresolved_component
f74d518a0bf2041cca39cad7,healthy/5b626f17-8c30-4b6e-bd66-8da2b7476326___RS_HL 9851.JPG,healthy,PlantVillage:Tomato___healthy:::216.0,verified_group,40e5971106376b5c2648bd00,eligible_verified_subset
33067ae0945c0f913398b314,healthy/5b7b9824-0cdd-4c67-9377-136a0615d784___RS_HL 0056.JPG,healthy,PlantVillage:Tomato___healthy:::14.0,verified_group,70553d0b04689e40f81e6351,eligible_verified_subset
8247694e55b2562a85f5bb2d,healthy/5bded339-547a-4f93-b7cf-bbf8c948aa26___RS_HL 9748.JPG,healthy,PlantVillage:Tomato___healthy:::190.0,verified_group,7ac0e39b59c7724ef40a588e,eligible_verified_subset
f49b123d5387c553a39b2f77,healthy/5c00f8ca-ad19-4df3-a1ac-8b6aefc0ddd5___RS_HL 0319.JPG,healthy,PlantVillage:Tomato___healthy:::80.0,verified_group,a10f72663553d305765e50c7,eligible_verified_subset
3233dd2241a79408fc76575d,healthy/5c057128-2d09-4757-8e44-520fb30f2b60___RS_HL 0525.JPG,healthy,PlantVillage:Tomato___healthy:::131.0,verified_group,1f06584a31b527945b8bbb3d,eligible_verified_subset
75bf27157429bd3091841845,healthy/5c23afc6-7236-4f07-adcd-61b1f69e3fb2___RS_HL 9801.JPG,healthy,PlantVillage:Tomato___healthy:::203.0,verified_group,eaa61742b33edf3ccbe4aecd,eligible_verified_subset
ebc0c91ab7211f479183d621,healthy/5c4d21aa-76f8-4ab7-8440-65fd3cac640b___GH_HL Leaf 263.JPG,healthy,fallback:ebc0c91ab7211f479183d621,fallback_group,ebc0c91ab7211f479183d621,exclude_unresolved_component
048d5c8760a81386f6273918,healthy/5c51ad21-b0e9-4b61-8980-d5e7a225b594___GH_HL Leaf 485.JPG,healthy,fallback:048d5c8760a81386f6273918,fallback_group,048d5c8760a81386f6273918,exclude_unresolved_component
f076f562d86cc65f5da71fad,healthy/5d11d60f-fb4a-4178-9594-d017a0f51b59___GH_HL Leaf 271.JPG,healthy,fallback:f076f562d86cc65f5da71fad,fallback_group,f076f562d86cc65f5da71fad,exclude_unresolved_component
b124dd2e3c453534beeaa47d,healthy/5d1894ec-b384-4a2a-951c-0ef866776500___GH_HL Leaf 523.4.JPG,healthy,fallback:b124dd2e3c453534beeaa47d,fallback_group,b124dd2e3c453534beeaa47d,exclude_unresolved_component
b63624aabd7574cf29eb2834,healthy/5d3ceaec-e677-475f-b8ec-1efa66a6c84b___RS_HL 0237.JPG,healthy,PlantVillage:Tomato___healthy:::59.0,verified_group,3105e8402e26a563017ff9dc,eligible_verified_subset
f4d1b3af183248f53aff6ff1,healthy/5d49f9d4-e27e-4220-933a-3bef2f44c437___GH_HL Leaf 502.3.JPG,healthy,fallback:f4d1b3af183248f53aff6ff1,fallback_group,f4d1b3af183248f53aff6ff1,exclude_unresolved_component
cd70640c315f14bf31a77369,healthy/5d5b9f07-dd6a-4927-9ca0-92945e9ad8df___GH_HL Leaf 209.1.JPG,healthy,fallback:cd70640c315f14bf31a77369,fallback_group,cd70640c315f14bf31a77369,exclude_unresolved_component
031466e50952bea790796983,healthy/5dbc2db5-5bb2-4a3c-9a90-d2228c1462f8___RS_HL 9770.JPG,healthy,PlantVillage:Tomato___healthy:::196.0,verified_group,8b072cfb2b6d3c36a723c050,eligible_verified_subset
c0e9162ee9a2b1b097b31282,healthy/5dd2a498-7eff-4da7-9c0f-8c394103e52c___RS_HL 0611.JPG,healthy,PlantVillage:Tomato___healthy:::152.0,verified_group,c23dc9e59905eb8e9b9ff8ac,eligible_verified_subset
abea8f2f86ee2527bffcb3c4,healthy/5df79085-2c00-41d6-ac0f-33a831a16d89___RS_HL 9634.JPG,healthy,PlantVillage:Tomato___healthy:::162.0,verified_group,47fcacee78ebe2b6c9ab6e7e,eligible_verified_subset
017436fc6638f90fd6123bb4,healthy/5eaf5201-8fc1-48ed-ae25-7570796044f9___RS_HL 9993.JPG,healthy,PlantVillage:Tomato___healthy:::249.0,verified_group,76943bfa178015284a3eef61,eligible_verified_subset
bf0680326b8ff3694179de74,healthy/5ecf00da-161c-4e2f-a525-b9223adce0b6___GH_HL Leaf 252.1.JPG,healthy,fallback:bf0680326b8ff3694179de74,fallback_group,bf0680326b8ff3694179de74,exclude_unresolved_component
4a5505c1421b885b2096636b,healthy/5f11bef5-6b09-4a9c-b0e1-6dfdd16f42d3___GH_HL Leaf 457.JPG,healthy,fallback:4a5505c1421b885b2096636b,fallback_group,4a5505c1421b885b2096636b,exclude_unresolved_component
8235487f48dff9f35efb0936,healthy/5f3f3da8-de1a-4cd8-af68-6801c9327834___RS_HL 9755.JPG,healthy,PlantVillage:Tomato___healthy:::192.0,verified_group,8235487f48dff9f35efb0936,eligible_verified_subset
cff1d77803e1b819abaf2341,healthy/5f67b4d4-4503-4149-950b-6cd08a20aaf8___RS_HL 9696.JPG,healthy,PlantVillage:Tomato___healthy:::177.0,verified_group,21f118a4b2b21e2fe177ccf5,eligible_verified_subset
1c956795fe91e88d22740581,healthy/5f7d3261-84f4-4b85-b9e1-f15792638c2d___RS_HL 9676.JPG,healthy,PlantVillage:Tomato___healthy:::172.0,verified_group,1c956795fe91e88d22740581,eligible_verified_subset
5c7223b7a92a89876e14f24f,healthy/5f8189f2-51cf-49b4-8a34-4955f26cf222___RS_HL 0352.JPG,healthy,PlantVillage:Tomato___healthy:::88.0,verified_group,3bc01483b99ff48d7a8d7024,eligible_verified_subset
16919d729761e4d43e9e89e0,healthy/5f887895-963a-4a96-8962-5af383dbe29a___GH_HL Leaf 425.1.JPG,healthy,fallback:16919d729761e4d43e9e89e0,fallback_group,16919d729761e4d43e9e89e0,exclude_unresolved_component
8a23945f804e23a67abad190,healthy/5faa74ba-8f46-4b2b-a7bf-3bc8d9458526___RS_HL 9741.JPG,healthy,PlantVillage:Tomato___healthy:::188.0,verified_group,9ee38582c2514169c6a554dc,eligible_verified_subset
7b0bb5a14be76bf3eb55f6c7,healthy/5fdf7f4f-4847-4492-bda8-01995d192e75___GH_HL Leaf 405.JPG,healthy,fallback:7b0bb5a14be76bf3eb55f6c7,fallback_group,7b0bb5a14be76bf3eb55f6c7,exclude_unresolved_component
14457f68b5aa25ceae9ce53a,healthy/6120d8df-66a3-45c1-ae2f-bb8065928df4___RS_HL 0420.JPG,healthy,PlantVillage:Tomato___healthy:::105.0,verified_group,af14f446a9f9687832266847,eligible_verified_subset
ee3bc481909a4d60683d9245,healthy/6193b998-c9ab-46fc-9ca9-249efceb9220___RS_HL 0642.JPG,healthy,PlantVillage:Tomato___healthy:::158.0,verified_group,953cd5a2319c14e7694e576b,eligible_verified_subset
d9c156655d71164cb37825c0,healthy/61a348ec-8afa-4445-9a98-6e38ba0cd6d4___RS_HL 9914.JPG,healthy,PlantVillage:Tomato___healthy:::231.0,verified_group,d9c156655d71164cb37825c0,eligible_verified_subset
a6442f155d8dbd90706de3f6,healthy/61db52ae-d868-4ba0-bac0-b2c9dc539cd8___RS_HL 0140.JPG,healthy,PlantVillage:Tomato___healthy:::35.0,verified_group,124227a9ca1e7594842a019b,eligible_verified_subset
e22cc078ff1b82b09ea0447c,healthy/6200ddc6-ea83-42e0-9936-4f82cfa14a1f___RS_HL 9976.JPG,healthy,PlantVillage:Tomato___healthy:::246.0,verified_group,4cf79adf1bc3c20e8b6044c6,eligible_verified_subset
4e3d83965c3c2100cbfd4b69,healthy/621419a1-09f2-4a22-a569-6d8103895d1c___RS_HL 0023.JPG,healthy,PlantVillage:Tomato___healthy:::6.0,verified_group,4b9b58d4a70ff51b7107a18a,eligible_verified_subset
3e07f59b8e141747780718c0,healthy/622044a4-97d7-46a1-a702-2f586bb04a78___GH_HL Leaf 334.JPG,healthy,fallback:3e07f59b8e141747780718c0,fallback_group,3e07f59b8e141747780718c0,exclude_unresolved_component
c7c99e29d62e17f08a85befb,healthy/622ed31e-0067-460a-a025-fefea1669ce1___RS_HL 0587.JPG,healthy,PlantVillage:Tomato___healthy:::146.0,verified_group,c7c99e29d62e17f08a85befb,eligible_verified_subset
c95eb81a022cdce82011318b,healthy/6246e722-c34f-46cf-b670-0f403456cea1___RS_HL 9969.JPG,healthy,PlantVillage:Tomato___healthy:::244.0,verified_group,c95eb81a022cdce82011318b,eligible_verified_subset
e9fc87fa2b03df2fb49b41fd,healthy/6248b67a-a5ba-4313-9248-2dd343266da2___RS_HL 0485.JPG,healthy,PlantVillage:Tomato___healthy:::121.0,verified_group,e9fc87fa2b03df2fb49b41fd,eligible_verified_subset
4b3628423efeb8b9f05bd6cc,healthy/6270efe7-db0f-4953-a7c7-eb86bb8967dd___RS_HL 9761.JPG,healthy,PlantVillage:Tomato___healthy:::193.0,verified_group,be737ed4bfbce826ff0f4b06,eligible_verified_subset
e06d88122778bf99871614f3,healthy/62c36cad-2102-451d-aca7-93f2e58e14ab___RS_HL 0481.JPG,healthy,PlantVillage:Tomato___healthy:::120.0,verified_group,5f1631780921ef172b905247,exclude_unresolved_component
e4831c6563e8673eda8ba6b9,healthy/62c9e613-b9ae-4be2-9000-2bc800549baa___RS_HL 9625.JPG,healthy,PlantVillage:Tomato___healthy:::159.0,verified_group,b318dc4db903ff27058afde3,eligible_verified_subset
89b48b910477405a23eb0574,healthy/62d158a5-fda4-4bbd-af4e-9ef71858fc5f___RS_HL 9834.JPG,healthy,PlantVillage:Tomato___healthy:::212.0,verified_group,46fa0719a3c92035a6f10ef9,eligible_verified_subset
214f4d5cfc0c0155e9ecbaac,healthy/62e5933a-1405-4f56-b5c6-3bb6996465f5___RS_HL 0378.JPG,healthy,PlantVillage:Tomato___healthy:::94.0,verified_group,712d1f9392ff891b60ba32f3,eligible_verified_subset
4aa05a10496b6db72c64c6d2,healthy/62e7fbf8-131f-4036-b52e-6e5c5b945b13___GH_HL Leaf 410.JPG,healthy,fallback:4aa05a10496b6db72c64c6d2,fallback_group,4aa05a10496b6db72c64c6d2,exclude_unresolved_component
f3e34e6dec5198a305245e93,healthy/62fa284f-8fc8-46b7-a74d-71bada562464___RS_HL 0303.JPG,healthy,PlantVillage:Tomato___healthy:::76.0,verified_group,1f89bc716a98d312c5287350,eligible_verified_subset
1df73ac1b210a135c7149542,healthy/630ae481-49e7-470c-ad05-177132a6648a___RS_HL 0178.JPG,healthy,PlantVillage:Tomato___healthy:::44.0,verified_group,1df73ac1b210a135c7149542,eligible_verified_subset
75882d97a8f3f1fb463a07d4,healthy/631c137e-7cd2-4923-829c-ec7cacdd2d01___GH_HL Leaf 420.JPG,healthy,fallback:75882d97a8f3f1fb463a07d4,fallback_group,75882d97a8f3f1fb463a07d4,exclude_unresolved_component
593d71b0de5b98276903247c,healthy/6323ad6c-28ea-4050-bc40-310d58715755___RS_HL 0294.JPG,healthy,PlantVillage:Tomato___healthy:::73.0,verified_group,8e63374445b7d0e6300eeee3,eligible_verified_subset
13df334e17b4e95c562b0269,healthy/633b3f16-21a5-4e44-b9fe-8ba149264915___RS_HL 0482.JPG,healthy,PlantVillage:Tomato___healthy:::120.0,verified_group,5f1631780921ef172b905247,exclude_unresolved_component
356eee3e1da05f61a0bca548,healthy/63568703-0cfc-4d23-a5e1-e3393df2d2fc___RS_HL 0246.JPG,healthy,PlantVillage:Tomato___healthy:::61.0,verified_group,d6d7b3587b4d6d221f600def,eligible_verified_subset
1033230c325220296b787e98,healthy/635f7ae3-1561-4006-9c23-f9150ca50b78___RS_HL 9967.JPG,healthy,PlantVillage:Tomato___healthy:::244.0,verified_group,c95eb81a022cdce82011318b,eligible_verified_subset
de0138ba2a85288e0f0b1929,healthy/63612a6e-c1f1-4ae1-9741-52c28b264dfa___GH_HL Leaf 464.JPG,healthy,fallback:de0138ba2a85288e0f0b1929,fallback_group,de0138ba2a85288e0f0b1929,exclude_unresolved_component
3b8003d7b663a1e3f7cc518b,healthy/6398befe-9cd0-4724-b564-248d76b50b5a___GH_HL Leaf 196.JPG,healthy,fallback:3b8003d7b663a1e3f7cc518b,fallback_group,3b8003d7b663a1e3f7cc518b,exclude_unresolved_component
ca0dd78b66f5c333210f6acb,healthy/64518a58-5c06-4a14-9ab6-2c4f71456050___GH_HL Leaf 394.JPG,healthy,fallback:ca0dd78b66f5c333210f6acb,fallback_group,ca0dd78b66f5c333210f6acb,exclude_unresolved_component
9f5e3f08bd6af57470a0a1db,healthy/6456344c-0dca-4ea8-8ad9-7f2809182e73___RS_HL 9832.JPG,healthy,PlantVillage:Tomato___healthy:::211.0,verified_group,c968338d0c47904ae2233b55,eligible_verified_subset
79ed12e9debfc8d2c3dbe444,healthy/64796c19-d026-48ed-b433-0be64b859a7c___RS_HL 9892.JPG,healthy,PlantVillage:Tomato___healthy:::226.0,verified_group,b0df37dc0200d189082a4cf6,eligible_verified_subset
0a470fe9482678034cad2106,healthy/647d15d1-5520-458d-92a4-bd647bbccb90___RS_HL 9934.JPG,healthy,PlantVillage:Tomato___healthy:::236.0,verified_group,77aaacfec2926da5404834db,eligible_verified_subset
0c8409d1aa1f3efbbb870e91,healthy/648594b0-d275-4e4c-8872-5136e01658c2___GH_HL Leaf 183.JPG,healthy,fallback:0c8409d1aa1f3efbbb870e91,fallback_group,0c8409d1aa1f3efbbb870e91,exclude_unresolved_component
516de64bdb118e55976b9608,healthy/64b5d77e-2b06-461d-94f9-5f15250a7e77___GH_HL Leaf 505.1.JPG,healthy,fallback:516de64bdb118e55976b9608,fallback_group,516de64bdb118e55976b9608,exclude_unresolved_component
8dcb938e9ce6d539134d171a,healthy/6516ac80-5103-4d40-8200-af7dbdc239e7___GH_HL Leaf 202.1.JPG,healthy,fallback:8dcb938e9ce6d539134d171a,fallback_group,8dcb938e9ce6d539134d171a,exclude_unresolved_component
5fe545bbdb24d5170a686d9f,healthy/651c7556-f25e-46b9-97db-4793a2a3b642___RS_HL 0219.JPG,healthy,PlantVillage:Tomato___healthy:::55.0,verified_group,5fe545bbdb24d5170a686d9f,eligible_verified_subset
417f7a7164de78167395f217,healthy/6550c4ca-9494-4de5-8909-d0cdab8f0892___RS_HL 0401.JPG,healthy,PlantVillage:Tomato___healthy:::100.0,verified_group,85ce676059643ddf2bbb5bee,eligible_verified_subset
0483f32a25f07ccfeb77870f,healthy/6555b55c-78bc-4391-88ed-65b596fc7e76___GH_HL Leaf 441.JPG,healthy,fallback:0483f32a25f07ccfeb77870f,fallback_group,0483f32a25f07ccfeb77870f,exclude_unresolved_component
140d7268e9a97020b8a35523,healthy/65b9d788-d9e2-47d7-a5ca-2ca5a9f47cae___RS_HL 9710.JPG,healthy,PlantVillage:Tomato___healthy:::181.0,verified_group,3a462968f86bb6de088d2ffe,eligible_verified_subset
7e035bc36957c60f58f25bc1,healthy/65c31a47-0609-481c-b077-1ff6225fe2bb___RS_HL 0208.JPG,healthy,PlantVillage:Tomato___healthy:::52.0,verified_group,57488ef1da1a7ad2fbff4122,eligible_verified_subset
5b6e18290c2a796f121d1af7,healthy/65d89a16-45b5-4ce7-9dad-f702c4b14e95___RS_HL 9896.JPG,healthy,PlantVillage:Tomato___healthy:::227.0,verified_group,7ad11f38c4f55391f21781f6,eligible_verified_subset
f45dbd2205293266b57b5ca3,healthy/66534b5a-a6b7-46bb-bc09-a6bba9d9a61a___GH_HL Leaf 225.2.JPG,healthy,fallback:f45dbd2205293266b57b5ca3,fallback_group,f45dbd2205293266b57b5ca3,exclude_unresolved_component
828f68cca9c10d5c2285fbb9,healthy/6657a918-63fb-49d1-a74d-8ef6bbb66231___RS_HL 9816.JPG,healthy,PlantVillage:Tomato___healthy:::207.0,verified_group,94256f1f38950901e41be5d4,eligible_verified_subset
0b92c61203c94d2d50cbfaf4,healthy/666598c7-f09e-4f8b-baf1-7d99e38de8c9___GH_HL Leaf 430.1.JPG,healthy,fallback:0b92c61203c94d2d50cbfaf4,fallback_group,0b92c61203c94d2d50cbfaf4,exclude_unresolved_component
61c5912558ffc4edc21c2327,healthy/666b3b4d-5510-4413-88cd-838fffe72003___RS_HL 0098.JPG,healthy,PlantVillage:Tomato___healthy:::24.0,verified_group,ede464d6e7b3cf7789d0028b,eligible_verified_subset
9f98d8fc5070099da0ee3f9c,healthy/66778100-7006-4592-9704-90ea0d7131dd___RS_HL 9740.JPG,healthy,PlantVillage:Tomato___healthy:::188.0,verified_group,9ee38582c2514169c6a554dc,eligible_verified_subset
56b793f4b8e054c75438861e,healthy/668e811e-7b65-404e-9bc5-6519efb1c708___RS_HL 0160.JPG,healthy,PlantVillage:Tomato___healthy:::40.0,verified_group,4fda93bb569a318d861af807,eligible_verified_subset
b9d41dd16dcbefce333a02f3,healthy/66b194fd-6db3-453c-b851-e82862db9c24___RS_HL 0019.JPG,healthy,PlantVillage:Tomato___healthy:::5.0,verified_group,4f2e7b42b01d5b67692448f9,eligible_verified_subset
da71cd50accb6a646d8820b8,healthy/66fb848b-843a-469d-a2d2-80f0e0e7eda4___GH_HL Leaf 371.1.JPG,healthy,fallback:da71cd50accb6a646d8820b8,fallback_group,da71cd50accb6a646d8820b8,exclude_unresolved_component
6f56850f3022f064dc4779c7,healthy/674f82cb-c61c-4944-b8d6-1afb6212f96f___RS_HL 9646.JPG,healthy,PlantVillage:Tomato___healthy:::165.0,verified_group,037cfddf6b93f3c37037c714,eligible_verified_subset
ea40e9fbacf8262e7770cd99,healthy/67549f03-2c86-44b7-9730-32d4a23287f3___GH_HL Leaf 495.2.JPG,healthy,fallback:ea40e9fbacf8262e7770cd99,fallback_group,ea40e9fbacf8262e7770cd99,exclude_unresolved_component
fa99c1a54ee4b493f117e2fb,healthy/676eaef6-b16c-4f13-a39d-86c22f64da83___GH_HL Leaf 356.JPG,healthy,fallback:fa99c1a54ee4b493f117e2fb,fallback_group,fa99c1a54ee4b493f117e2fb,exclude_unresolved_component
6da74d1f0f03d3f04f97c976,healthy/679fc520-5ef8-499f-9d88-a963325bee3f___RS_HL 0571.JPG,healthy,PlantVillage:Tomato___healthy:::143.0,verified_group,86e0e45c3de34da54bdf1ceb,eligible_verified_subset
a8c3bedb7ef7fdb40c9a4a87,healthy/67dfa474-5a26-4bfb-a7ea-33f6f6f7a497___RS_HL 9794.JPG,healthy,PlantVillage:Tomato___healthy:::202.0,verified_group,a8c3bedb7ef7fdb40c9a4a87,eligible_verified_subset
a238b6cd754d79fb12096703,healthy/67fb6b30-9542-4606-9438-da3e96b6a2d7___GH_HL Leaf 213.2.JPG,healthy,fallback:a238b6cd754d79fb12096703,fallback_group,a238b6cd754d79fb12096703,exclude_unresolved_component
d3b7692e128e57e770c534d1,healthy/67fe557e-2e6e-4145-8d3f-468be8f7480e___RS_HL 9800.JPG,healthy,PlantVillage:Tomato___healthy:::203.0,verified_group,eaa61742b33edf3ccbe4aecd,eligible_verified_subset
ef54450938005edadf6f7455,healthy/6883c31a-78b4-406a-9605-b6b31e0932cc___RS_HL 0037.JPG,healthy,PlantVillage:Tomato___healthy:::9.0,verified_group,8855f826fdc028ea91afdee1,eligible_verified_subset
3d40bf923ed8593b1313f956,healthy/688c6cc1-16b4-4f4a-9491-afba5c8a64b6___GH_HL Leaf 347.JPG,healthy,fallback:3d40bf923ed8593b1313f956,fallback_group,3d40bf923ed8593b1313f956,exclude_unresolved_component
325a35fdf9d80a1858e6db2d,healthy/6890c333-c7d2-4d50-8734-f70b61cef213___GH_HL Leaf 447.1.JPG,healthy,fallback:325a35fdf9d80a1858e6db2d,fallback_group,325a35fdf9d80a1858e6db2d,exclude_unresolved_component
a240b54adf47160900ffee6e,healthy/68955a6d-9454-49ba-8924-a5ed69dcd820___GH_HL Leaf 276.JPG,healthy,fallback:a240b54adf47160900ffee6e,fallback_group,a240b54adf47160900ffee6e,exclude_unresolved_component
c5094228a51c8dcc9a4264b0,healthy/689696df-e7cd-4c53-9559-3b16f48c3788___RS_HL 0256.JPG,healthy,PlantVillage:Tomato___healthy:::64.0,verified_group,1ace6e019776ffed34807038,eligible_verified_subset
afbf2a456963ce8c9e8c1aef,healthy/68c910fc-3e1a-4db6-b225-d94ee5c60bbf___RS_HL 9713.JPG,healthy,PlantVillage:Tomato___healthy:::181.0,verified_group,3a462968f86bb6de088d2ffe,eligible_verified_subset
2b1dab6d8f4b415c2a483468,healthy/68e18442-2f1d-458d-b1ef-865c7390622c___RS_HL 9919.JPG,healthy,PlantVillage:Tomato___healthy:::232.0,verified_group,cd636bc6d144bb0eefb4d1b7,eligible_verified_subset
a49f200be61f68a57e16045a,healthy/68f66822-cde2-4a2c-b58e-a16900362a75___RS_HL 9674.JPG,healthy,PlantVillage:Tomato___healthy:::172.0,verified_group,1c956795fe91e88d22740581,eligible_verified_subset
1ec13c0827d140e26df4dfda,healthy/6900666d-da67-433d-a8bd-5a131c7ea4a9___GH_HL Leaf 467.JPG,healthy,fallback:1ec13c0827d140e26df4dfda,fallback_group,1ec13c0827d140e26df4dfda,exclude_unresolved_component
2ee2baef847be2e144727ca4,healthy/691682b4-7c83-4cb9-a0d6-e1fbdcc4fea3___RS_HL 0232.JPG,healthy,PlantVillage:Tomato___healthy:::58.0,verified_group,62216bf5385f6f22cb703303,eligible_verified_subset
3caad62fe9e7ca0683e1161f,healthy/6949b108-03f0-4cee-b91a-bb5b23e93249___GH_HL Leaf 331.3.JPG,healthy,fallback:3caad62fe9e7ca0683e1161f,fallback_group,3caad62fe9e7ca0683e1161f,exclude_unresolved_component
473a4f8887ef885c31e09d70,healthy/69a348e0-b426-42bd-ba09-a8bb067430e5___RS_HL 0016.JPG,healthy,PlantVillage:Tomato___healthy:::4.0,verified_group,3ed2670854723e734f5119cb,eligible_verified_subset
d09229f58e89758c031a0bad,healthy/69d1a3dc-54cd-4917-99b7-a315d7932edf___GH_HL Leaf 347.1.JPG,healthy,fallback:d09229f58e89758c031a0bad,fallback_group,d09229f58e89758c031a0bad,exclude_unresolved_component
7844b8f4fb7ac32eeb4954ef,healthy/6a159b17-b233-4b65-ba45-9fbced7f1d39___RS_HL 0339.JPG,healthy,PlantVillage:Tomato___healthy:::85.0,verified_group,7b98c76a802995db536dafc4,eligible_verified_subset
fdb71e468a4aa59522902e3c,healthy/6a6628d5-27fe-44a1-abeb-f3892a5516ab___RS_HL 9858.JPG,healthy,PlantVillage:Tomato___healthy:::218.0,verified_group,9307a79f917375a5594a80ca,eligible_verified_subset
f5b71901aa417220129a2894,healthy/6a74d0a9-4a5e-4dc2-9e14-aeade8b0c3b2___GH_HL Leaf 400.1.JPG,healthy,fallback:f5b71901aa417220129a2894,fallback_group,f5b71901aa417220129a2894,exclude_unresolved_component
8d4ea3813c7134f898349710,healthy/6a800f5d-f218-4c0b-b78b-7cedcc70a3aa___GH_HL Leaf 337.1.JPG,healthy,fallback:8d4ea3813c7134f898349710,fallback_group,8d4ea3813c7134f898349710,exclude_unresolved_component
8ee5f12eaee92dcf93eed652,healthy/6a8b21cc-35c6-4e5e-8f9d-a4a3591cc665___RS_HL 9961.JPG,healthy,PlantVillage:Tomato___healthy:::242.0,verified_group,ee63e4707e6dbaacdd3124bf,eligible_verified_subset
783bd6e8359b63fad4c12a6d,healthy/6a9836cb-f987-4ccf-8841-f227989ff5ec___RS_HL 0045.JPG,healthy,PlantVillage:Tomato___healthy:::11.0,verified_group,282dbad74731e1155407b104,eligible_verified_subset
321bbd90b279d36b4622adb5,healthy/6ab4b4b5-3d4f-496b-9b08-7fa87bcfe875___RS_HL 9670.JPG,healthy,PlantVillage:Tomato___healthy:::171.0,verified_group,321bbd90b279d36b4622adb5,eligible_verified_subset
e335c4c2f7ad2da320ae194c,healthy/6aed746b-e45b-40d6-addb-71bdd0456618___RS_HL 0638.JPG,healthy,PlantVillage:Tomato___healthy:::157.0,verified_group,58ec742f58090de42bf1e400,eligible_verified_subset
9ee5f5761dd98a4e78040163,healthy/6b53630d-c9df-4e67-a490-b1835772d9a0___GH_HL Leaf 450.2.JPG,healthy,fallback:9ee5f5761dd98a4e78040163,fallback_group,9ee5f5761dd98a4e78040163,exclude_unresolved_component
d98843d06cb2dfe095fc7cff,healthy/6b9b1ad6-3e75-4378-ad97-7dc9b8fa084e___GH_HL Leaf 179.1.JPG,healthy,fallback:d98843d06cb2dfe095fc7cff,fallback_group,d98843d06cb2dfe095fc7cff,exclude_unresolved_component
f5a65661f1c49fa0d9f85c5a,healthy/6bcd0525-7b7a-4503-aff0-73cc04db5105___RS_HL 9916.JPG,healthy,PlantVillage:Tomato___healthy:::231.0,verified_group,d9c156655d71164cb37825c0,eligible_verified_subset
f5e36a1dcb092cce505e5bd3,healthy/6be1ec13-6964-4706-b94a-069d4a8592cf___GH_HL Leaf 175.1.JPG,healthy,fallback:f5e36a1dcb092cce505e5bd3,fallback_group,f5e36a1dcb092cce505e5bd3,exclude_unresolved_component
970466396cb07c755ce61677,healthy/6c125a79-9b14-4a91-8f03-342910c7fe57___GH_HL Leaf 433.JPG,healthy,fallback:970466396cb07c755ce61677,fallback_group,970466396cb07c755ce61677,exclude_unresolved_component
47a1ca4780d13fe000483266,healthy/6c46af84-675e-4e35-8309-169c20ae8b62___RS_HL 0383.JPG,healthy,PlantVillage:Tomato___healthy:::96.0,verified_group,1fab6225301b8ba329e65e10,eligible_verified_subset
47d4ad086687a2f1d10ea52c,healthy/6c4da977-110b-4191-abfa-faa22ccc7dc7___RS_HL 9848.JPG,healthy,PlantVillage:Tomato___healthy:::215.0,verified_group,11b865e84759809fa50221a4,eligible_verified_subset
6214811104fa9c5753042469,healthy/6c5ad7e4-a826-40af-abf9-0a9e6346e656___RS_HL 0196.JPG,healthy,PlantVillage:Tomato___healthy:::49.0,verified_group,57f714d9a2d79454abf4dd39,eligible_verified_subset
0ae943586bf24dc439832e7f,healthy/6c8f3087-94d6-4cfb-83cd-93a59f2a646a___RS_HL 0433.JPG,healthy,PlantVillage:Tomato___healthy:::108.0,verified_group,8bf6ca76fd03c7a3160c7d59,eligible_verified_subset
da33e92fb0cce00805d17690,healthy/6c93e40c-bd94-4583-8651-2b9d7215a392___RS_HL 0054.JPG,healthy,PlantVillage:Tomato___healthy:::13.0,verified_group,aab0d9f7d2373e7ea885324d,eligible_verified_subset
f9ee6754e6cb327124b40c8f,healthy/6ca96968-d8cd-4849-a0d5-0784e585d768___RS_HL 0302.JPG,healthy,PlantVillage:Tomato___healthy:::75.0,verified_group,f9ee6754e6cb327124b40c8f,eligible_verified_subset
29a4346962469f7e3476d455,healthy/6cabb19a-2a35-4897-a646-a13e3cf494c6___RS_HL 0591.JPG,healthy,PlantVillage:Tomato___healthy:::147.0,verified_group,29a4346962469f7e3476d455,eligible_verified_subset
4c6513e49eb8cc22c2392aa6,healthy/6ce07d35-afb2-4290-9239-ef1dcb92acd8___GH_HL Leaf 492.1.JPG,healthy,fallback:4c6513e49eb8cc22c2392aa6,fallback_group,4c6513e49eb8cc22c2392aa6,exclude_unresolved_component
6337c77daa1e991f61f7015a,healthy/6d0a4eb6-2a48-4fd6-9bb5-df05eeeb05a8___GH_HL Leaf 316.2.JPG,healthy,fallback:6337c77daa1e991f61f7015a,fallback_group,6337c77daa1e991f61f7015a,exclude_unresolved_component
cbaa0c9da4508727e70ba17f,healthy/6d1dc982-e62e-448b-85bc-63b0d8363fa0___GH_HL Leaf 328.1.JPG,healthy,fallback:cbaa0c9da4508727e70ba17f,fallback_group,cbaa0c9da4508727e70ba17f,exclude_unresolved_component
2707fad2726e3eddae788c59,healthy/6d2b6ab9-dd43-446a-ae14-0fc3fb12b9ca___GH_HL Leaf 265.2.JPG,healthy,fallback:2707fad2726e3eddae788c59,fallback_group,2707fad2726e3eddae788c59,exclude_unresolved_component
efd3e24a8d0774093831b9fd,healthy/6d4285ef-e3f2-4cd3-a873-efdd989cf1cb___RS_HL 0182.JPG,healthy,PlantVillage:Tomato___healthy:::45.0,verified_group,b8248fefd824c82ddd8328a7,eligible_verified_subset
efdb5b3f4f0847d842b27358,healthy/6d4e6329-bb8c-417c-8d28-6241a22c0a86___GH_HL Leaf 411.JPG,healthy,fallback:efdb5b3f4f0847d842b27358,fallback_group,efdb5b3f4f0847d842b27358,exclude_unresolved_component
d3d2155b0a05884bb31d5bc8,healthy/6d6f479a-d165-46b3-95d8-43c4778c23f9___GH_HL Leaf 205.1.JPG,healthy,fallback:d3d2155b0a05884bb31d5bc8,fallback_group,d3d2155b0a05884bb31d5bc8,exclude_unresolved_component
974a157bb1387f6c8bd7264a,healthy/6d7934cb-69fc-48fe-b493-a64b349a9094___RS_HL 9930.JPG,healthy,PlantVillage:Tomato___healthy:::235.0,verified_group,e2ead4c36fc8ac409fe1fe86,eligible_verified_subset
6776ed38794e3e3ebf067d92,healthy/6da1cf1b-a236-4d45-a390-dac6b65c45f7___GH_HL Leaf 264.JPG,healthy,fallback:6776ed38794e3e3ebf067d92,fallback_group,6776ed38794e3e3ebf067d92,exclude_unresolved_component
628610c2326a4667f405b142,healthy/6dca3464-9e71-4edf-9ca5-746b5eebe418___GH_HL Leaf 352.JPG,healthy,fallback:628610c2326a4667f405b142,fallback_group,628610c2326a4667f405b142,exclude_unresolved_component
63a7386c57a34d183c4a909c,healthy/6ddb8b0b-5d74-4381-8787-6229de8d51fc___GH_HL Leaf 378.JPG,healthy,fallback:63a7386c57a34d183c4a909c,fallback_group,63a7386c57a34d183c4a909c,exclude_unresolved_component
9cf3eb548419b5c7acff498f,healthy/6dde71bb-a416-41eb-a629-7b4541e85cfc___RS_HL 9734.JPG,healthy,PlantVillage:Tomato___healthy:::187.0,verified_group,4ae39f8b3d4591617a01dc82,eligible_verified_subset
b8ace946dbbb0476306de1c2,healthy/6e1abdb8-4020-48c9-9488-2d320e8d5a4d___RS_HL 0168.JPG,healthy,PlantVillage:Tomato___healthy:::42.0,verified_group,b8ace946dbbb0476306de1c2,eligible_verified_subset
6e21ac6ece4093c787424200,healthy/6e3fca10-be50-4074-ada4-3122e864d4e0___GH_HL Leaf 294.1.JPG,healthy,fallback:6e21ac6ece4093c787424200,fallback_group,6e21ac6ece4093c787424200,exclude_unresolved_component
0fb880c664e9405a5d4f9d7b,healthy/6e41f26a-5ce7-4fba-9fb5-e6a886b55f75___GH_HL Leaf 230.JPG,healthy,fallback:0fb880c664e9405a5d4f9d7b,fallback_group,0fb880c664e9405a5d4f9d7b,exclude_unresolved_component
c2ad27364cd342eb06ddfe69,healthy/6e48af01-e836-4cdd-9b99-867d421c2ff3___RS_HL 9760.JPG,healthy,PlantVillage:Tomato___healthy:::193.0,verified_group,be737ed4bfbce826ff0f4b06,eligible_verified_subset
c4a7dc59b90485e4faac296c,healthy/6e583c78-1f36-4d5e-bc0e-24f3c76a2c1d___RS_HL 0284.JPG,healthy,PlantVillage:Tomato___healthy:::71.0,verified_group,c4a7dc59b90485e4faac296c,eligible_verified_subset
a1cc64952d17de3482f45a81,healthy/6e970455-6b05-4c23-82e0-ce913197ff8e___RS_HL 9684.JPG,healthy,PlantVillage:Tomato___healthy:::174.0,verified_group,10f3082ef713d8ab4b3ca1e1,eligible_verified_subset
2a307dfce6d225e2258f1f85,healthy/6ee48dff-5a8a-4751-8850-200575ee49b1___RS_HL 0479.JPG,healthy,PlantVillage:Tomato___healthy:::120.0,verified_group,5f1631780921ef172b905247,exclude_unresolved_component
deced229e615968318d76cc0,healthy/6f46242c-3654-4670-8587-91c6b74af742___RS_HL 9731.JPG,healthy,PlantVillage:Tomato___healthy:::186.0,verified_group,89c08eee79825124caca4a4f,eligible_verified_subset
7305e99f717202ccf6ed6d4f,healthy/6f489b75-4fca-4aae-834d-409db790224b___GH_HL Leaf 205.JPG,healthy,fallback:7305e99f717202ccf6ed6d4f,fallback_group,7305e99f717202ccf6ed6d4f,exclude_unresolved_component
c015c80828624ceed90abfa1,healthy/6f5b57d9-46c8-41b6-9f79-eda044f687b1___RS_HL 9962.JPG,healthy,PlantVillage:Tomato___healthy:::243.0,verified_group,30893eec57992e0d3cdb2838,eligible_verified_subset
ddee9ed8889627c0463316a6,healthy/6f6c7236-d6b5-4bbb-a89e-e1c8246550dd___RS_HL 0559.JPG,healthy,PlantVillage:Tomato___healthy:::140.0,verified_group,5036e47e2d2867b8d0e4223e,eligible_verified_subset
992f7f3c882b92acbcbf4bbf,healthy/6f6db1db-e3d1-4715-b46e-d0c64524da81___GH_HL Leaf 502.4.JPG,healthy,fallback:992f7f3c882b92acbcbf4bbf,fallback_group,992f7f3c882b92acbcbf4bbf,exclude_unresolved_component
1fd91f5214e1e4dda1fad6fc,healthy/6f8aa21a-0209-4d38-b937-d0e1e809bf16___RS_HL 0027.JPG,healthy,PlantVillage:Tomato___healthy:::7.0,verified_group,1fd91f5214e1e4dda1fad6fc,eligible_verified_subset
e54512502fd634a5b544ddc9,healthy/6fa01a78-0d8d-4ecf-b90f-4dbc2e89f2d9___RS_HL 0220.JPG,healthy,PlantVillage:Tomato___healthy:::55.0,verified_group,5fe545bbdb24d5170a686d9f,eligible_verified_subset
840f02d26294204d7fac0d2e,healthy/6fc5b781-6757-459f-af96-09a67dbcb2bc___RS_HL 0607.JPG,healthy,PlantVillage:Tomato___healthy:::151.0,verified_group,88177ce02c4d567bf22f446b,eligible_verified_subset
ce352ef228ca57ad90c46d08,healthy/6ff7ee8e-bb69-4b7e-a15b-09c6d406ef92___RS_HL 0087.JPG,healthy,PlantVillage:Tomato___healthy:::22.0,verified_group,5934fdae7a0a7f328496f912,eligible_verified_subset
4f94c3aae555716c6352554c,healthy/70097a25-88b2-4c9a-800b-5a978cdf4c7c___GH_HL Leaf 384.1.JPG,healthy,fallback:4f94c3aae555716c6352554c,fallback_group,4f94c3aae555716c6352554c,exclude_unresolved_component
68060173bdfb4bbe42200280,healthy/7079935b-c669-47db-a6ae-5a12d9ccf9d7___GH_HL Leaf 331.1.JPG,healthy,fallback:68060173bdfb4bbe42200280,fallback_group,68060173bdfb4bbe42200280,exclude_unresolved_component
fe3af42b8214e5b7207f5c23,healthy/709ca1e9-9c0f-4ebb-a3c1-529675210010___GH_HL Leaf 310.JPG,healthy,fallback:fe3af42b8214e5b7207f5c23,fallback_group,fe3af42b8214e5b7207f5c23,exclude_unresolved_component
6a025085c032c75d42b33629,healthy/709e6c14-61e3-4157-b371-f143ca5b1fda___GH_HL Leaf 256.JPG,healthy,fallback:6a025085c032c75d42b33629,fallback_group,6a025085c032c75d42b33629,exclude_unresolved_component
1bc44af1588d6284cfec29f4,healthy/70ae81f5-0d05-4b69-a182-fa35bb3fe0ad___GH_HL Leaf 339.1.JPG,healthy,fallback:1bc44af1588d6284cfec29f4,fallback_group,1bc44af1588d6284cfec29f4,exclude_unresolved_component
6707ed6654efd20fff010e56,healthy/70e2244d-152b-4dc7-b002-5991e1a195db___RS_HL 9948.JPG,healthy,PlantVillage:Tomato___healthy:::239.0,verified_group,79299f1e6fc31c3c34f7d2a6,eligible_verified_subset
f2d43248b32706ec642cbaae,healthy/70f76975-801c-48f4-b757-c8b2d834a0ec___RS_HL 9738.JPG,healthy,PlantVillage:Tomato___healthy:::188.0,verified_group,9ee38582c2514169c6a554dc,eligible_verified_subset
f14e382e781511a3445f961c,healthy/711640b7-c013-4982-a5d9-c2d1d570048a___GH_HL Leaf 378.1.JPG,healthy,fallback:f14e382e781511a3445f961c,fallback_group,f14e382e781511a3445f961c,exclude_unresolved_component
c64558e5b5cb4ae063bef4f6,healthy/7141e8d1-1554-4030-85dc-be5e984eb6ef___GH_HL Leaf 471.JPG,healthy,fallback:c64558e5b5cb4ae063bef4f6,fallback_group,c64558e5b5cb4ae063bef4f6,exclude_unresolved_component
40b20f2085c75ae855140f0c,healthy/714b5b2d-482e-4276-8a06-ecf6a18bdb52___RS_HL 9941.JPG,healthy,PlantVillage:Tomato___healthy:::237.0,verified_group,b096f1052c6ebda0c442f04e,eligible_verified_subset
d5ea29e2df6b8a39d3ee376f,healthy/717a4bbc-52b1-42c1-a718-ca94744ff52d___RS_HL 9726.JPG,healthy,PlantVillage:Tomato___healthy:::185.0,verified_group,cf77047d7e6ba05ac565107d,eligible_verified_subset
f4bebc3df19197baf64f0274,healthy/717efedc-6fcb-4509-895f-369d82161acf___RS_HL 0184.JPG,healthy,PlantVillage:Tomato___healthy:::46.0,verified_group,f4bebc3df19197baf64f0274,eligible_verified_subset
d194308ef6268ef90c2bf095,healthy/7181181c-b571-4cf0-80c3-c52bd785ccf9___GH_HL Leaf 218.JPG,healthy,fallback:d194308ef6268ef90c2bf095,fallback_group,d194308ef6268ef90c2bf095,exclude_unresolved_component
6f3ede1388cfaa6473bb2561,healthy/71867583-027b-4304-8854-7b88efaf280b___RS_HL 9920.JPG,healthy,PlantVillage:Tomato___healthy:::232.0,verified_group,cd636bc6d144bb0eefb4d1b7,eligible_verified_subset
bb0a00e654324255bfe79a62,healthy/7188d286-5201-40b6-925a-52af6e6c7c03___GH_HL Leaf 479.1.JPG,healthy,fallback:bb0a00e654324255bfe79a62,fallback_group,bb0a00e654324255bfe79a62,exclude_unresolved_component
5ab08f702d17cb80556a51b4,healthy/719352b5-1b4c-41e5-a517-3dfde18c13ef___RS_HL 0300.JPG,healthy,PlantVillage:Tomato___healthy:::75.0,verified_group,f9ee6754e6cb327124b40c8f,eligible_verified_subset
c9a44ca02aea59915a1fd1c3,healthy/71967e69-6356-49c1-81ce-624792b4d964___GH_HL Leaf 315.1.JPG,healthy,fallback:c9a44ca02aea59915a1fd1c3,fallback_group,c9a44ca02aea59915a1fd1c3,exclude_unresolved_component
6c5c00c2a65e7ea569d4c48c,healthy/71c4512d-05ba-456f-ba4e-f2861b7e7837___RS_HL 0390.JPG,healthy,PlantVillage:Tomato___healthy:::97.0,verified_group,5f576249887950216c7a3958,eligible_verified_subset
30d3eedc868df95805688e8a,healthy/71d75a62-1278-4092-aec5-5749c737eaa2___GH_HL Leaf 513.1.JPG,healthy,fallback:30d3eedc868df95805688e8a,fallback_group,30d3eedc868df95805688e8a,exclude_unresolved_component
d78a2892b60006033dfcb6a2,healthy/72361f8d-d158-48b5-a77e-f10cbaf7b29f___RS_HL 0118.JPG,healthy,PlantVillage:Tomato___healthy:::29.0,verified_group,29c580f25caf4e26ce34c90f,eligible_verified_subset
df3c1bf73779340f81a3d385,healthy/724de01c-90cd-48e7-9360-749bb5b4713b___GH_HL Leaf 271.1.JPG,healthy,fallback:df3c1bf73779340f81a3d385,fallback_group,df3c1bf73779340f81a3d385,exclude_unresolved_component
7e53de2101bccf938da2cb8a,healthy/729ddd12-6c56-4f8d-bf95-ce3a066c9f29___GH_HL Leaf 188.JPG,healthy,fallback:7e53de2101bccf938da2cb8a,fallback_group,7e53de2101bccf938da2cb8a,exclude_unresolved_component
4213117e9e0ed5664860b6fd,healthy/73815ecf-ee85-4bba-864f-f47d01a96615___RS_HL 0348.JPG,healthy,PlantVillage:Tomato___healthy:::87.0,verified_group,4213117e9e0ed5664860b6fd,eligible_verified_subset
72bb850aac8d09fa4ddc69da,healthy/739d1e6a-f835-4ff4-ab1c-33946def661a___GH_HL Leaf 219.JPG,healthy,fallback:72bb850aac8d09fa4ddc69da,fallback_group,72bb850aac8d09fa4ddc69da,exclude_unresolved_component
6af6a1d294b8d46d6f98c9a4,healthy/73bfef3d-ba16-4d1d-9aac-71b771e9c9b6___RS_HL 9777.JPG,healthy,PlantVillage:Tomato___healthy:::197.0,verified_group,ee9b0e4cf772d19aec2db19c,eligible_verified_subset
c1c147493edb04b4f35e4fe5,healthy/73cc02ea-96ad-4e02-8240-b599cf1e0384___RS_HL 9839.JPG,healthy,PlantVillage:Tomato___healthy:::213.0,verified_group,95a4266c0dcfb4f6515abc0c,eligible_verified_subset
7a1637fd186bde41af7327c6,healthy/741595d0-322d-4711-9005-b1e39b9567c1___RS_HL 0491.JPG,healthy,PlantVillage:Tomato___healthy:::123.0,verified_group,18aa70142ba4e3879db3c50a,eligible_verified_subset
2da43e92ab7411196b59ba2c,healthy/74463e4f-524e-4dad-a936-b167d6846bcf___RS_HL 9971.JPG,healthy,PlantVillage:Tomato___healthy:::245.0,verified_group,81607e1e632de79e7ad28d62,eligible_verified_subset
81a07de7c1acdfbc9f0fe558,healthy/74579097-2dd7-4d15-8f73-f09e7d919b51___RS_HL 9773.JPG,healthy,PlantVillage:Tomato___healthy:::196.0,verified_group,8b072cfb2b6d3c36a723c050,eligible_verified_subset
4220fdae739e6ede1b82cbeb,healthy/750a42ee-b73f-4137-934d-501b311a5528___GH_HL Leaf 330.JPG,healthy,fallback:4220fdae739e6ede1b82cbeb,fallback_group,4220fdae739e6ede1b82cbeb,exclude_unresolved_component
5f27643ba6b83417b35b4d4b,healthy/7521718e-614b-4de0-ba94-f587b0113a69___RS_HL 0145.JPG,healthy,PlantVillage:Tomato___healthy:::36.0,verified_group,8070dc2e9850f620af59b1d4,eligible_verified_subset
2059de044673a94cc4da4541,healthy/753c3f29-c572-4765-8711-b5ac2cd0aaba___RS_HL 0310.JPG,healthy,PlantVillage:Tomato___healthy:::77.0,verified_group,ba816bda7f19ea9e171ba4ca,eligible_verified_subset
109a4a5648f57d1e916a99ce,healthy/757dc01f-63b5-47aa-b15d-37cbb3f8e76c___GH_HL Leaf 184.1.JPG,healthy,fallback:109a4a5648f57d1e916a99ce,fallback_group,109a4a5648f57d1e916a99ce,exclude_unresolved_component
bf5b10e3ead8a67275a52100,healthy/75a4f049-e99c-4666-845f-7b1577dbd662___RS_HL 9955.JPG,healthy,PlantVillage:Tomato___healthy:::241.0,verified_group,7bfd178bed5b3ba88a7b363b,eligible_verified_subset
cc0502baeeba0651f2922c2d,healthy/75fe127d-147b-495a-ac06-ded6b64a4ffa___RS_HL 0116.JPG,healthy,PlantVillage:Tomato___healthy:::29.0,verified_group,29c580f25caf4e26ce34c90f,eligible_verified_subset
5f3ed2a61b9b3b31dbc5b824,healthy/7620a603-c3cd-4893-9481-901c9950bb00___GH_HL Leaf 263.1.JPG,healthy,fallback:5f3ed2a61b9b3b31dbc5b824,fallback_group,ebc0c91ab7211f479183d621,exclude_unresolved_component
4bc1d5b0353f21c56033b149,healthy/7627db62-eca7-44fd-8b81-b818575821aa___GH_HL Leaf 356.1.JPG,healthy,fallback:4bc1d5b0353f21c56033b149,fallback_group,4bc1d5b0353f21c56033b149,exclude_unresolved_component
a31875117f13c784ebe55738,healthy/76284899-9c5e-44bf-a160-02649418ec49___RS_HL 0077.JPG,healthy,PlantVillage:Tomato___healthy:::19.0,verified_group,17b1765b1f0308b41015c537,eligible_verified_subset
853b9e0a5ab1bbe8d793ad77,healthy/768d54a3-cb87-4633-9529-ad39b6f6078e___RS_HL 9864.JPG,healthy,PlantVillage:Tomato___healthy:::219.0,verified_group,30b4773a282a7a5e3c86a5d3,eligible_verified_subset
cf723990aedf8b42cca2860e,healthy/768fcdcd-089b-4108-bda6-fef4decf8944___GH_HL Leaf 455.JPG,healthy,fallback:cf723990aedf8b42cca2860e,fallback_group,cf723990aedf8b42cca2860e,exclude_unresolved_component
b4847721beb80b2be9b29b65,healthy/776714ac-7a89-4449-bde9-9b9911f1a371___RS_HL 9886.JPG,healthy,PlantVillage:Tomato___healthy:::225.0,verified_group,564cb30a3601e40a8913969f,eligible_verified_subset
1634b4d95e302608c6a9af1b,healthy/77919a16-c47c-46ca-857b-8cfb67139857___RS_HL 9695.JPG,healthy,PlantVillage:Tomato___healthy:::177.0,verified_group,21f118a4b2b21e2fe177ccf5,eligible_verified_subset
f68c6d2cb6c5d20ce72a5e13,healthy/77c978a3-7285-4d36-a858-1b77729020b7___GH_HL Leaf 462.1.JPG,healthy,fallback:f68c6d2cb6c5d20ce72a5e13,fallback_group,f68c6d2cb6c5d20ce72a5e13,exclude_unresolved_component
6eee7040654a9e25881a057e,healthy/77cd9b9e-9115-46ea-9c85-9744f1793b32___RS_HL 9699.JPG,healthy,PlantVillage:Tomato___healthy:::178.0,verified_group,f3871706049a3cc38b6705a2,eligible_verified_subset
a36089c0e16f7db1709544ad,healthy/77e04405-25a3-4be4-8fa8-60c73888eca6___RS_HL 0599.JPG,healthy,PlantVillage:Tomato___healthy:::149.0,verified_group,80c6e8560a465b501b4bc98c,eligible_verified_subset
ecf6a4614c391a3210203e2f,healthy/784b04db-e95c-4afb-b451-1b6837d0d90e___RS_HL 0059.JPG,healthy,PlantVillage:Tomato___healthy:::15.0,verified_group,c00c34b9945b112ed4a0fcb2,eligible_verified_subset
09946422f9d20e8692433475,healthy/7853cc96-2ac8-479e-83f5-353b88a351a2___GH_HL Leaf 514.3.JPG,healthy,fallback:09946422f9d20e8692433475,fallback_group,09946422f9d20e8692433475,exclude_unresolved_component
0850ff5aef5fa20cbade230c,healthy/7864a688-3ee0-4ddc-83e8-6edb177dd6bf___GH_HL Leaf 193.1.JPG,healthy,fallback:0850ff5aef5fa20cbade230c,fallback_group,0850ff5aef5fa20cbade230c,exclude_unresolved_component
ca9ff3a273cfbb28db56bfb7,healthy/787fe2db-da4f-4655-bbb7-6fd8025feffe___RS_HL 9795.JPG,healthy,PlantVillage:Tomato___healthy:::202.0,verified_group,a8c3bedb7ef7fdb40c9a4a87,eligible_verified_subset
deb08244e015532b5ce25e2a,healthy/7890f4dc-0c55-454b-ab23-3b25d3d973c4___GH_HL Leaf 366.1.JPG,healthy,fallback:deb08244e015532b5ce25e2a,fallback_group,deb08244e015532b5ce25e2a,exclude_unresolved_component
989164f236e112170912ecf0,healthy/78c0dc05-0bac-43fd-81b5-b10b61f666cd___GH_HL Leaf 481.5.JPG,healthy,fallback:989164f236e112170912ecf0,fallback_group,989164f236e112170912ecf0,exclude_unresolved_component
ce3ce3d6c8a649a7f3041637,healthy/7919a8c4-0eb1-477f-8534-fc8841245cf7___RS_HL 0538.JPG,healthy,PlantVillage:Tomato___healthy:::134.0,verified_group,565d6417181f5e80cf1beaf8,eligible_verified_subset
6ef4931044c288f3e10059da,healthy/791d2730-66b2-418b-abe0-548208783e44___RS_HL 0589.JPG,healthy,PlantVillage:Tomato___healthy:::146.0,verified_group,c7c99e29d62e17f08a85befb,eligible_verified_subset
c346c7ae2d241d1c18b7da01,healthy/798fdd0c-27d2-4e72-a359-bd00208e8b1a___GH_HL Leaf 207.1.JPG,healthy,fallback:c346c7ae2d241d1c18b7da01,fallback_group,c346c7ae2d241d1c18b7da01,exclude_unresolved_component
e11798833c4ec4c78bbcd45c,healthy/79ceff7d-4092-419c-b7c1-340ae2dc0605___RS_HL 0225.JPG,healthy,PlantVillage:Tomato___healthy:::56.0,verified_group,e15400025d4ffb8bc8eb5b6d,eligible_verified_subset
ca70e4bfd0f13056828bb14c,healthy/79debbff-9c0f-4a5c-a4c7-4b2bc97406dc___RS_HL 0244.JPG,healthy,PlantVillage:Tomato___healthy:::61.0,verified_group,d6d7b3587b4d6d221f600def,eligible_verified_subset
0449eebd91b9d6283b90ecf5,healthy/79e298b2-32c5-40c6-abb7-67bb7f174751___GH_HL Leaf 391.JPG,healthy,fallback:0449eebd91b9d6283b90ecf5,fallback_group,0449eebd91b9d6283b90ecf5,exclude_unresolved_component
965b0a84cb26415cd738ac51,healthy/79e38a3e-8170-44e3-a7ce-e00bbbcf24dc___GH_HL Leaf 460.JPG,healthy,fallback:965b0a84cb26415cd738ac51,fallback_group,965b0a84cb26415cd738ac51,exclude_unresolved_component
a0e0f064822486531fc3e5a0,healthy/7a51866d-a48a-4443-8243-b7de56104946___RS_HL 0311.JPG,healthy,PlantVillage:Tomato___healthy:::78.0,verified_group,f2cfd69602b198cb4cf6df49,eligible_verified_subset
85313a33421ce268ce39099a,healthy/7a5fe2a0-ac85-4a37-b0f6-8cfc8fb21c9c___RS_HL 9865.JPG,healthy,PlantVillage:Tomato___healthy:::219.0,verified_group,30b4773a282a7a5e3c86a5d3,eligible_verified_subset
cba981d983691a86ede942ea,healthy/7a73a7f9-27e3-4898-be48-97ddcaa094a4___GH_HL Leaf 381.JPG,healthy,fallback:cba981d983691a86ede942ea,fallback_group,cba981d983691a86ede942ea,exclude_unresolved_component
09f0bbb44e312d4c96b55dba,healthy/7acc2f36-b465-4131-9110-265965ccdb87___RS_HL 0150.JPG,healthy,PlantVillage:Tomato___healthy:::37.0,verified_group,58006ba4980d6d7dadeed297,eligible_verified_subset
b54460f5ceb876cf7ad7dd88,healthy/7ad747e8-af36-4128-a819-b35e55c93b56___GH_HL Leaf 489.1.JPG,healthy,fallback:b54460f5ceb876cf7ad7dd88,fallback_group,b54460f5ceb876cf7ad7dd88,exclude_unresolved_component
647b93a4e76a662930bad38b,healthy/7af927ee-8940-49bf-bcb3-78ec3fcc40f3___RS_HL 9626.JPG,healthy,PlantVillage:Tomato___healthy:::160.0,verified_group,647b93a4e76a662930bad38b,eligible_verified_subset
6d1820b3cf9e4dafc1cf37ba,healthy/7b246e09-0a8c-4078-9e0a-6207de8dc804___RS_HL 9809.JPG,healthy,PlantVillage:Tomato___healthy:::205.0,verified_group,abc02a6978f95db35f46eb1b,eligible_verified_subset
530f12c3411ae8e5f6bf7cb1,healthy/7b651761-da31-437a-be17-6e49912f622a___RS_HL 9703.JPG,healthy,PlantVillage:Tomato___healthy:::179.0,verified_group,77d99c9480fd5d81dae9cd72,eligible_verified_subset
10542e076a43ed62d24702b3,healthy/7b93db88-7c70-444a-9096-1812426217f7___RS_HL 0167.JPG,healthy,PlantVillage:Tomato___healthy:::42.0,verified_group,b8ace946dbbb0476306de1c2,eligible_verified_subset
884b962a32c456becc3f586f,healthy/7b953f3c-719f-4b0e-b62d-2c651eac6c18___RS_HL 0635.JPG,healthy,PlantVillage:Tomato___healthy:::157.0,verified_group,58ec742f58090de42bf1e400,eligible_verified_subset
1c42d75b55397abfc96de13e,healthy/7bb3bc73-873b-454c-82cf-a12cb0eb37fc___RS_HL 0206.JPG,healthy,PlantVillage:Tomato___healthy:::51.0,verified_group,1c42d75b55397abfc96de13e,eligible_verified_subset
2c6fcb9fc8b0d11303c82ec5,healthy/7beda862-3964-4839-9d08-b9b3fa27b028___RS_HL 9952.JPG,healthy,PlantVillage:Tomato___healthy:::240.0,verified_group,05e34803f9d268ff59694941,eligible_verified_subset
1dc8f043e15cffc87cd7eceb,healthy/7c2aba18-254c-4e86-86ee-196a5a092324___RS_HL 0395.JPG,healthy,PlantVillage:Tomato___healthy:::99.0,verified_group,a8bfa36f421e3b1c2dbb36b3,eligible_verified_subset
d020a7576cf96597d73c6c9f,healthy/7c879fc2-09b8-47ab-af57-2508cc854861___GH_HL Leaf 380.JPG,healthy,fallback:d020a7576cf96597d73c6c9f,fallback_group,d020a7576cf96597d73c6c9f,exclude_unresolved_component
3aec3593d1fbfeebbecd6da7,healthy/7ce1f8c1-1542-4d7b-be27-11e29d572283___GH_HL Leaf 508.2.JPG,healthy,fallback:3aec3593d1fbfeebbecd6da7,fallback_group,3aec3593d1fbfeebbecd6da7,exclude_unresolved_component
6e9c682c98ab38ca46168d69,healthy/7d1cbe82-bda7-498a-ac8f-f01a0e279940___RS_HL 9639.JPG,healthy,PlantVillage:Tomato___healthy:::163.0,verified_group,f7d9ff3811bc7504a69fd560,eligible_verified_subset
69f80794b258d656cb8c19f2,healthy/7d3cd4c9-2c10-422d-a5f2-474c5569649d___RS_HL 9686.JPG,healthy,PlantVillage:Tomato___healthy:::175.0,verified_group,ccf65fbff50635279f07666e,eligible_verified_subset
747f4956e609208ea31d6ead,healthy/7d76aa96-b29e-4a60-a3e7-bd489f5a79b2___GH_HL Leaf 176.3.JPG,healthy,fallback:747f4956e609208ea31d6ead,fallback_group,747f4956e609208ea31d6ead,exclude_unresolved_component
3934b09c4c7d85d61e6fa2ae,healthy/7de93009-6180-4027-8779-76947cda3e2f___2700323949_95aa2eaa01_o.jpg,healthy,fallback:3934b09c4c7d85d61e6fa2ae,fallback_group,3934b09c4c7d85d61e6fa2ae,exclude_unresolved_component
811aafe58a7978ae289280cf,healthy/7e0f5a39-e44e-40fe-8486-f369cb59895b___RS_HL 9790.JPG,healthy,PlantVillage:Tomato___healthy:::201.0,verified_group,7b0c68d3d16547fd585acb28,eligible_verified_subset
37df8f522564f1ab992fe50b,healthy/7e37d8c3-2f62-4a95-b430-34746cb25776___RS_HL 0188.JPG,healthy,PlantVillage:Tomato___healthy:::47.0,verified_group,66b7876566ab9a3009e33105,eligible_verified_subset
d6dbb3e9ee14c6672c288d85,healthy/7e3c7e5d-172c-4a25-ad05-2b32e49c7bd2___GH_HL Leaf 387.JPG,healthy,fallback:d6dbb3e9ee14c6672c288d85,fallback_group,d6dbb3e9ee14c6672c288d85,exclude_unresolved_component
7909acd5c1d74abb9e2d50f2,healthy/7ee078a8-218e-4ebf-8935-ec9f844ab744___GH_HL Leaf 212.9.JPG,healthy,fallback:7909acd5c1d74abb9e2d50f2,fallback_group,7909acd5c1d74abb9e2d50f2,exclude_unresolved_component
5aeaeffb4ce876cd28773f21,healthy/7f58b2c9-3a62-402f-80d8-4a9aef9203ea___GH_HL Leaf 411.1.JPG,healthy,fallback:5aeaeffb4ce876cd28773f21,fallback_group,5aeaeffb4ce876cd28773f21,exclude_unresolved_component
0591747488c7348c196b8d63,healthy/7f5c8018-c4c3-4471-aa30-defe910ea3d9___GH_HL Leaf 444.1.JPG,healthy,fallback:0591747488c7348c196b8d63,fallback_group,0591747488c7348c196b8d63,exclude_unresolved_component
10bf7c502801e441fc78448a,healthy/7f7b6cff-3d29-45ad-a0df-56f568289be9___GH_HL Leaf 506.1.JPG,healthy,fallback:10bf7c502801e441fc78448a,fallback_group,10bf7c502801e441fc78448a,exclude_unresolved_component
1f7156e199efc57dc2de1d5f,healthy/7f80c0af-c88f-40ec-be87-14d7595248d8___RS_HL 9721.JPG,healthy,PlantVillage:Tomato___healthy:::183.0,verified_group,8d42ab4a5fa09f3613886dc7,eligible_verified_subset
f0102dac4d2ddaf59761abbd,healthy/806a1f93-1b9f-4860-91e1-9aff2d68c494___RS_HL 0468.JPG,healthy,PlantVillage:Tomato___healthy:::117.0,verified_group,fa71caca029d6eb0c31a8e10,eligible_verified_subset
e30204308a5e18c65e4e3145,healthy/807ee562-f616-4cf6-a28e-b4db6536a203___RS_HL 0050.JPG,healthy,PlantVillage:Tomato___healthy:::12.0,verified_group,3c712158de475da901329691,eligible_verified_subset
cd6b06104b587392038dd6c5,healthy/809e36cd-8251-4fcf-854d-6b7bb2f41a64___RS_HL 0215.JPG,healthy,PlantVillage:Tomato___healthy:::54.0,verified_group,ccc19383b575fb12e98065a9,eligible_verified_subset
d3338759c5e0c7567375113c,healthy/80ad21d3-4571-49bd-a96e-2f75e9a9b673___RS_HL 9729.JPG,healthy,PlantVillage:Tomato___healthy:::185.0,verified_group,cf77047d7e6ba05ac565107d,eligible_verified_subset
bc1d10675a8285b559a52c66,healthy/80c566ba-6754-4abb-a61e-986b92cfc4fd___RS_HL 0436.JPG,healthy,PlantVillage:Tomato___healthy:::109.0,verified_group,11a9215e9f5ed8cd1a401850,eligible_verified_subset
85ba8d26c09a705cc17f3511,healthy/80d49051-a7ab-4e01-9370-08ba47aee1d3___RS_HL 0566.JPG,healthy,PlantVillage:Tomato___healthy:::141.0,verified_group,b3d2e6e2d4f3b0b3efa278b3,eligible_verified_subset
40f66cdd5c0aa10fbe71bde8,healthy/80e6c399-040d-426f-94d9-8fb720b3836d___RS_HL 0333.JPG,healthy,PlantVillage:Tomato___healthy:::83.0,verified_group,72a595ea947f4b3c06a82fab,eligible_verified_subset
1c6df68939ca71bcc9b93076,healthy/81024038-40ff-40c4-b8f4-4a48b08032e4___RS_HL 0301.JPG,healthy,PlantVillage:Tomato___healthy:::75.0,verified_group,f9ee6754e6cb327124b40c8f,eligible_verified_subset
76c1525c380d521372aa3d6b,healthy/81314c2b-1def-41c8-a6b4-1cd37d1e482a___RS_HL 0175.JPG,healthy,PlantVillage:Tomato___healthy:::44.0,verified_group,1df73ac1b210a135c7149542,eligible_verified_subset
fa90309bd8d2414a843e341a,healthy/81382c17-1a00-4597-87e4-2e674d38d6d2___GH_HL Leaf 269.1.JPG,healthy,fallback:fa90309bd8d2414a843e341a,fallback_group,fa90309bd8d2414a843e341a,exclude_unresolved_component
dedf0f5f049d19824e20abc6,healthy/8140c767-937d-450c-8070-2936aeb73834___GH_HL Leaf 439.1.JPG,healthy,fallback:dedf0f5f049d19824e20abc6,fallback_group,dedf0f5f049d19824e20abc6,exclude_unresolved_component
cd081a856d0c31b9222d0051,healthy/81453f31-6152-44e0-bfaf-fcd1336fc064___GH_HL Leaf 479.JPG,healthy,fallback:cd081a856d0c31b9222d0051,fallback_group,bb0a00e654324255bfe79a62,exclude_unresolved_component
e7ff5dcd2ebe5331f3176343,healthy/81a4e19e-bbcd-4029-8a4f-ae97afe0cdcb___GH_HL Leaf 323.1.JPG,healthy,fallback:e7ff5dcd2ebe5331f3176343,fallback_group,e7ff5dcd2ebe5331f3176343,exclude_unresolved_component
7cbad1d464d38e2105657285,healthy/824ae544-73d2-448a-b442-a8d2cdd83922___RS_HL 9900.JPG,healthy,PlantVillage:Tomato___healthy:::228.0,verified_group,5a0fb0ad75f8823741486624,eligible_verified_subset
3acdc3b5a71f77df17fc2e5c,healthy/824d057f-080b-4b9e-ae96-e91d5bdf3b98___RS_HL 0380.JPG,healthy,PlantVillage:Tomato___healthy:::95.0,verified_group,3acdc3b5a71f77df17fc2e5c,eligible_verified_subset
813c02cfb0a635f86f17589a,healthy/8295c1b4-7674-4b15-8a32-bb665a969e9b___RS_HL 9776.JPG,healthy,PlantVillage:Tomato___healthy:::197.0,verified_group,ee9b0e4cf772d19aec2db19c,eligible_verified_subset
b58550cbbecef201d17e5d94,healthy/8298308b-4f4e-472b-9ee5-bd5887299f59___RS_HL 0269.JPG,healthy,PlantVillage:Tomato___healthy:::67.0,verified_group,982ac9bd70bd28c5e41beabe,eligible_verified_subset
f17a6e45d0b9480f85c0451e,healthy/82a343d3-1a57-4190-b0d7-8e8c88e832a7___GH_HL Leaf 306.JPG,healthy,fallback:f17a6e45d0b9480f85c0451e,fallback_group,f17a6e45d0b9480f85c0451e,exclude_unresolved_component
1a11833ff3266bc05fff7c76,healthy/82a3d470-940b-431f-9d79-3963b4e41028___GH_HL Leaf 475.1.JPG,healthy,fallback:1a11833ff3266bc05fff7c76,fallback_group,1a11833ff3266bc05fff7c76,exclude_unresolved_component
f953bd7945de7ef9579d003f,healthy/82b63dfc-d0b6-4bb3-afc4-db8d61476b10___GH_HL Leaf 415.JPG,healthy,fallback:f953bd7945de7ef9579d003f,fallback_group,f953bd7945de7ef9579d003f,exclude_unresolved_component
c1373fdc19fa8f0f5f4bfe68,healthy/82df832d-43d4-41c5-97b8-baf8ff9c658c___RS_HL 9917.JPG,healthy,PlantVillage:Tomato___healthy:::231.0,verified_group,d9c156655d71164cb37825c0,eligible_verified_subset
00e45a1e6166d0dce71e51ac,healthy/82ff3b7a-c7ad-47ec-8578-475f72efc1ae___RS_HL 0020.JPG,healthy,PlantVillage:Tomato___healthy:::5.0,verified_group,4f2e7b42b01d5b67692448f9,eligible_verified_subset
a44ac66a23ebf03a0996ab7d,healthy/8312b46c-abee-4c16-9790-d577e026d571___RS_HL 9860.JPG,healthy,PlantVillage:Tomato___healthy:::218.0,verified_group,9307a79f917375a5594a80ca,eligible_verified_subset
fc2f09f094a7793e42dc1f47,healthy/8328f7fb-5929-4920-921a-ae9a24db66c2___RS_HL 0597.JPG,healthy,PlantVillage:Tomato___healthy:::148.0,verified_group,fc2f09f094a7793e42dc1f47,eligible_verified_subset
7429a8efa3bf996c2467f3ff,healthy/83781ea3-eaed-467a-9147-678002262295___RS_HL 0330.JPG,healthy,PlantVillage:Tomato___healthy:::82.0,verified_group,4f44d8c6ba652f9bab03ed8f,eligible_verified_subset
9ee725f33ab1d3c67f56f898,healthy/8379a9cc-775f-4e91-b880-09d9afb361ac___RS_HL 0596.JPG,healthy,PlantVillage:Tomato___healthy:::148.0,verified_group,fc2f09f094a7793e42dc1f47,eligible_verified_subset
afad757db447da4a2643e157,healthy/83917dc9-aad9-4362-840e-24daab278519___RS_HL 0354.JPG,healthy,PlantVillage:Tomato___healthy:::88.0,verified_group,3bc01483b99ff48d7a8d7024,eligible_verified_subset
d25d81c7767dc5dd0d6be22c,healthy/8398397b-eae0-4e7b-83ee-44c42c67a79c___RS_HL 0631.JPG,healthy,PlantVillage:Tomato___healthy:::156.0,verified_group,6e442a343fd7dfb7ac0299e6,eligible_verified_subset
dbfca6e108dd07b13d709faa,healthy/839daf12-8d8b-478e-b214-2d5dd0fa509a___GH_HL Leaf 445.1.JPG,healthy,fallback:dbfca6e108dd07b13d709faa,fallback_group,dbfca6e108dd07b13d709faa,exclude_unresolved_component
477db544478f7e900ab06780,healthy/83a8e340-30f9-4e2f-b825-a1078d5c63cf___RS_HL 0033.JPG,healthy,PlantVillage:Tomato___healthy:::8.0,verified_group,b975388b63dadf9821422d86,eligible_verified_subset
6bcf75feb224d88b11ca5916,healthy/83d9992c-b4ee-41f5-b3eb-792afd464f4e___RS_HL 9629.JPG,healthy,PlantVillage:Tomato___healthy:::160.0,verified_group,647b93a4e76a662930bad38b,eligible_verified_subset
c63edaeede088429971b8ee2,healthy/83eb200d-ef9d-4b98-b4c1-58b7f0b169e4___RS_HL 0421.JPG,healthy,PlantVillage:Tomato___healthy:::105.0,verified_group,af14f446a9f9687832266847,eligible_verified_subset
8e06b9da7964ddbaf7f8ac65,healthy/83fa8d6f-4c08-46bf-b4cf-7a33d4fe0031___GH_HL Leaf 180.JPG,healthy,fallback:8e06b9da7964ddbaf7f8ac65,fallback_group,8e06b9da7964ddbaf7f8ac65,exclude_unresolved_component
7bac52b109acd334449bcf7c,healthy/8425f91b-b758-4e82-a7cc-6ecc862c1a00___RS_HL 0255.JPG,healthy,PlantVillage:Tomato___healthy:::64.0,verified_group,1ace6e019776ffed34807038,eligible_verified_subset
b507eb3dc8ffdcbf2056f381,healthy/846276ae-4ccd-45ba-9a46-f913d04a9456___RS_HL 0012.JPG,healthy,PlantVillage:Tomato___healthy:::3.0,verified_group,38fe6de4ee0dcf0236a58b0d,eligible_verified_subset
b864ac5c995681482c6388f7,healthy/84991306-21f6-41fb-a723-0c7ba1dac9d3___GH_HL Leaf 199.JPG,healthy,fallback:b864ac5c995681482c6388f7,fallback_group,618b3887ad98f81a88ac40f7,exclude_unresolved_component
87820aca2ae04d86e4c8f391,healthy/84b9dbb3-98bb-48b0-893f-74627840a2b9___GH_HL Leaf 225.JPG,healthy,fallback:87820aca2ae04d86e4c8f391,fallback_group,87820aca2ae04d86e4c8f391,exclude_unresolved_component
d7aeaecc506ce522b7d454a1,healthy/84c43d92-9e49-4ce6-b094-5df767b2b0df___RS_HL 0365.JPG,healthy,PlantVillage:Tomato___healthy:::91.0,verified_group,e94f023508bb84cf09e067cd,eligible_verified_subset
aa1213009f497b97586c3286,healthy/84cbb98b-5c2f-4367-8d78-52be491e66bd___GH_HL Leaf 336.JPG,healthy,fallback:aa1213009f497b97586c3286,fallback_group,aa1213009f497b97586c3286,exclude_unresolved_component
bcaf50d9dc92a8feef3474da,healthy/84d5645b-619e-4882-a1d5-3a3abec47da3___RS_HL 0568.JPG,healthy,PlantVillage:Tomato___healthy:::142.0,verified_group,bcaf50d9dc92a8feef3474da,eligible_verified_subset
f53941ac8b8569dcf231c61e,healthy/84eb25b9-4855-4fde-9a2c-28c2de1bfb22___RS_HL 9680.JPG,healthy,PlantVillage:Tomato___healthy:::173.0,verified_group,2dd3bbbbd31ab1b6e8388837,eligible_verified_subset
d958e068f46938dd2f532a73,healthy/851e1102-43d8-4bc7-8c41-28e5412b1863___RS_HL 9660.JPG,healthy,PlantVillage:Tomato___healthy:::168.0,verified_group,1d1e91bd4f40bd19addaddd2,eligible_verified_subset
524a9840e783c3f44692cb1b,healthy/85305af1-0d24-4eba-a750-f74c0e6657f4___RS_HL 9635.JPG,healthy,PlantVillage:Tomato___healthy:::162.0,verified_group,47fcacee78ebe2b6c9ab6e7e,eligible_verified_subset
127972c01f7ac7ba9ca4a87d,healthy/85487c92-0a3d-4dd9-a8f9-6d7b7e1887e6___RS_HL 9789.JPG,healthy,PlantVillage:Tomato___healthy:::200.0,verified_group,1d9a0a44770215b9f5565f47,eligible_verified_subset
c882ac9aa96d35614bcef956,healthy/8558f71b-626f-40f3-863d-69493941f829___RS_HL 0044.JPG,healthy,PlantVillage:Tomato___healthy:::11.0,verified_group,282dbad74731e1155407b104,eligible_verified_subset
951190622718b4105cfc9230,healthy/85656232-738b-4a83-ab54-cfa6ecff99f1___RS_HL 0477.JPG,healthy,PlantVillage:Tomato___healthy:::119.0,verified_group,69c50adec5fd05a8480424f8,eligible_verified_subset
7767e59be0773631ad86b491,healthy/86a7487a-e9a1-413c-b8ad-6dfacf9c0b2a___GH_HL Leaf 413.1.JPG,healthy,fallback:7767e59be0773631ad86b491,fallback_group,7767e59be0773631ad86b491,exclude_unresolved_component
cc25e572d9b8db61219e50af,healthy/87043cab-5827-4968-a099-4f5ce2dba313___RS_HL 9867.JPG,healthy,PlantVillage:Tomato___healthy:::220.0,verified_group,d914ec38a9089f994835edfc,eligible_verified_subset
503064eef7fad420d4cfda60,healthy/870b4923-2db1-4e01-827b-fbea6ed404cb___RS_HL 0164.JPG,healthy,PlantVillage:Tomato___healthy:::41.0,verified_group,503064eef7fad420d4cfda60,eligible_verified_subset
7981207ac55c599b9c049648,healthy/876e3a03-14fb-4a13-888b-02b2d9fa8e86___RS_HL 0313.JPG,healthy,PlantVillage:Tomato___healthy:::78.0,verified_group,f2cfd69602b198cb4cf6df49,eligible_verified_subset
a951d9ee531cea4539302e87,healthy/878c1a99-3224-4b99-87e5-2a2c497909ca___GH_HL Leaf 274.JPG,healthy,fallback:a951d9ee531cea4539302e87,fallback_group,a951d9ee531cea4539302e87,exclude_unresolved_component
7409fff25890a3783920d9ce,healthy/879b48e5-11f8-4989-8226-08af79bd6eb1___RS_HL 0453.JPG,healthy,PlantVillage:Tomato___healthy:::113.0,verified_group,bd96b0d9be8c08e72bd5c9ee,eligible_verified_subset
3962e8377843e3329e0c5b64,healthy/87a77f4d-38bd-42dc-bdd3-5f2a1fa95ca7___GH_HL Leaf 469.3.JPG,healthy,fallback:3962e8377843e3329e0c5b64,fallback_group,3962e8377843e3329e0c5b64,exclude_unresolved_component
1cff67f51d44d7975504c123,healthy/87d30769-5aea-4648-8105-788267115242___GH_HL Leaf 414.1.JPG,healthy,fallback:1cff67f51d44d7975504c123,fallback_group,1cff67f51d44d7975504c123,exclude_unresolved_component
c9b59f084a595a33cddba4a1,healthy/87f08e15-5b2d-4d01-b83b-fd958eba02d4___GH_HL Leaf 434.2.JPG,healthy,fallback:c9b59f084a595a33cddba4a1,fallback_group,c9b59f084a595a33cddba4a1,exclude_unresolved_component
db265eb65dec5eb3f7de0527,healthy/8809940a-a097-4488-9e49-3ffdc10d8d9a___GH_HL Leaf 245.JPG,healthy,fallback:db265eb65dec5eb3f7de0527,fallback_group,db265eb65dec5eb3f7de0527,exclude_unresolved_component
61ba721feb7fc909bb6c933f,healthy/8811ef44-071b-430a-a0a4-989bf7668582___GH_HL Leaf 193.JPG,healthy,fallback:61ba721feb7fc909bb6c933f,fallback_group,61ba721feb7fc909bb6c933f,exclude_unresolved_component
0f427ff2eae8aac3a65164da,healthy/8834fdc1-4946-4cfc-a569-80eabaeebe1d___RS_HL 0154.JPG,healthy,PlantVillage:Tomato___healthy:::38.0,verified_group,fe484730fd91612be2d9251f,eligible_verified_subset
3de5cdb4425fe29b214adb5a,healthy/883b7c13-7aef-4ae9-bd70-065a16226e9d___GH_HL Leaf 170.1.JPG,healthy,fallback:3de5cdb4425fe29b214adb5a,fallback_group,3de5cdb4425fe29b214adb5a,exclude_unresolved_component
fe74ae8e66cb0062a54582b1,healthy/8858ed06-2e1b-4a4a-bd16-e4425ae62312___GH_HL Leaf 523.1.JPG,healthy,fallback:fe74ae8e66cb0062a54582b1,fallback_group,fe74ae8e66cb0062a54582b1,exclude_unresolved_component
b8b15c9f8ef99bf1e3af435d,healthy/886c81aa-0494-4dd7-adc5-301af73df1f7___GH_HL Leaf 215.JPG,healthy,fallback:b8b15c9f8ef99bf1e3af435d,fallback_group,b8b15c9f8ef99bf1e3af435d,exclude_unresolved_component
d6892ab80c5787cad8ad91a9,healthy/8887e405-f98f-43c6-a85e-71aea03092b9___RS_HL 0238.JPG,healthy,PlantVillage:Tomato___healthy:::59.0,verified_group,3105e8402e26a563017ff9dc,eligible_verified_subset
9e0eb523d655a71ce471aa9b,healthy/8887e457-f477-426d-bcf7-a6e7d43d42c1___GH_HL Leaf 296.JPG,healthy,fallback:9e0eb523d655a71ce471aa9b,fallback_group,9e0eb523d655a71ce471aa9b,exclude_unresolved_component
41111fabb184194759569b6c,healthy/8934ec44-9624-4e9e-af58-29ec2f1d88a7___GH_HL Leaf 494.JPG,healthy,fallback:41111fabb184194759569b6c,fallback_group,41111fabb184194759569b6c,exclude_unresolved_component
edca57f3496ceb9d73cbda67,healthy/8940094d-3432-4690-b2b7-9a5996a82f86___RS_HL 0426.JPG,healthy,PlantVillage:Tomato___healthy:::106.0,verified_group,72df1389fa34063ded1d4a21,eligible_verified_subset
bcd70bf20baf5939c885d7eb,healthy/89662229-ef90-4f4a-ac7a-74542f88377d___GH_HL Leaf 495.3.JPG,healthy,fallback:bcd70bf20baf5939c885d7eb,fallback_group,bcd70bf20baf5939c885d7eb,exclude_unresolved_component
ddf77a6d89231fd5c07a0f96,healthy/89787310-40fb-4d46-9b4b-5f8426e26ccf___GH_HL Leaf 442.1.JPG,healthy,fallback:ddf77a6d89231fd5c07a0f96,fallback_group,ddf77a6d89231fd5c07a0f96,exclude_unresolved_component
01241f4788ff64dfdcaeffc1,healthy/89aa561a-1ea7-4e24-a92b-47f3dedcecdb___RS_HL 0107.JPG,healthy,PlantVillage:Tomato___healthy:::27.0,verified_group,f7f6bfd752085cd9803f1b2c,eligible_verified_subset
1de90d489190f98ee3385b86,healthy/89c3d1ee-38dd-4a9c-a9e9-f1c1e6004eff___RS_HL 0393.JPG,healthy,PlantVillage:Tomato___healthy:::98.0,verified_group,de62dc4025a2cc96e81991a2,eligible_verified_subset
be16fddd27c8911d73e3abe7,healthy/89d1eade-c42d-410d-a9c3-d37ad7bb60c6___RS_HL 9679.JPG,healthy,PlantVillage:Tomato___healthy:::173.0,verified_group,2dd3bbbbd31ab1b6e8388837,eligible_verified_subset
e064f12707e8a814bc07a6b5,healthy/89e63d70-677a-41e3-a5fe-c38d6b98abbc___RS_HL 9902.JPG,healthy,PlantVillage:Tomato___healthy:::229.0,verified_group,a1ff9863a95c3beb0419d563,eligible_verified_subset
c54004a3c4492d141c2fbbeb,healthy/89ecd925-23ef-4bfe-8c55-cad05161aca2___GH_HL Leaf 236.1.JPG,healthy,fallback:c54004a3c4492d141c2fbbeb,fallback_group,c54004a3c4492d141c2fbbeb,exclude_unresolved_component
976d4c1b140d7f6536b42a6b,healthy/8a4cf703-385a-4c50-9ce2-a751ae6334e1___RS_HL 9963.JPG,healthy,PlantVillage:Tomato___healthy:::243.0,verified_group,30893eec57992e0d3cdb2838,eligible_verified_subset
eeb5dab9a2d933861ec17835,healthy/8a4dc6f9-2f54-4bdd-957f-d9fb709e1b26___GH_HL Leaf 302.1.JPG,healthy,fallback:eeb5dab9a2d933861ec17835,fallback_group,eeb5dab9a2d933861ec17835,exclude_unresolved_component
be103ef8754d94561c294124,healthy/8a5ed87d-5122-4aaf-8e39-9a3433c5f76c___RS_HL 0524.JPG,healthy,PlantVillage:Tomato___healthy:::131.0,verified_group,1f06584a31b527945b8bbb3d,eligible_verified_subset
8af95e70d1f6341293812258,healthy/8a9afef1-d6fb-4ea5-a386-2236521b2a32___GH_HL Leaf 234.JPG,healthy,fallback:8af95e70d1f6341293812258,fallback_group,8af95e70d1f6341293812258,exclude_unresolved_component
099bdbad9374de937400f316,healthy/8ab801ee-afee-4025-b5e8-5927465bd455___RS_HL 0212.JPG,healthy,PlantVillage:Tomato___healthy:::53.0,verified_group,099bdbad9374de937400f316,eligible_verified_subset
46e86f9172fe88871de4d9fc,healthy/8ac1645d-48d9-4f3e-842b-0187daeeb57c___RS_HL 0523.JPG,healthy,PlantVillage:Tomato___healthy:::131.0,verified_group,1f06584a31b527945b8bbb3d,eligible_verified_subset
55f9b5668237208d6b2b3526,healthy/8accf0ce-a43d-449c-86fb-e327fb6ab2c9___GH_HL Leaf 241.JPG,healthy,fallback:55f9b5668237208d6b2b3526,fallback_group,55f9b5668237208d6b2b3526,exclude_unresolved_component
f25d14f1a50ea11b1ca091be,healthy/8ad09f74-a565-413a-bcf5-21cf58a4db3a___RS_HL 0173.JPG,healthy,PlantVillage:Tomato___healthy:::43.0,verified_group,2898fcc79a57e69f373b9554,eligible_verified_subset
1fe410583df84dfc0924509a,healthy/8b94be33-e461-4004-8891-0a69598cea6b___GH_HL Leaf 223.1.JPG,healthy,fallback:1fe410583df84dfc0924509a,fallback_group,1fe410583df84dfc0924509a,exclude_unresolved_component
b2056e58a415d8b70e079274,healthy/8c43c178-69de-4e23-a075-1f0bdbf586db___RS_HL 0637.JPG,healthy,PlantVillage:Tomato___healthy:::157.0,verified_group,58ec742f58090de42bf1e400,eligible_verified_subset
a80bdfcd544ec5862355b728,healthy/8c4ce164-9f46-4426-aff9-137acdc42c19___RS_HL 0424.JPG,healthy,PlantVillage:Tomato___healthy:::106.0,verified_group,72df1389fa34063ded1d4a21,eligible_verified_subset
bf7cdb2555ee18f1845ac33f,healthy/8c4cf935-765a-4689-a093-08e8c64fb124___GH_HL Leaf 369.JPG,healthy,fallback:bf7cdb2555ee18f1845ac33f,fallback_group,bf7cdb2555ee18f1845ac33f,exclude_unresolved_component
92dff1d4c867da981024485f,healthy/8c5dbb8f-90fb-4ec7-9563-11e54723687e___GH_HL Leaf 190.JPG,healthy,fallback:92dff1d4c867da981024485f,fallback_group,92dff1d4c867da981024485f,exclude_unresolved_component
23f2630244dbd04ec44c0f00,healthy/8cbf5a0d-8937-4f72-adf0-294fb7c947c1___RS_HL 0128.JPG,healthy,PlantVillage:Tomato___healthy:::32.0,verified_group,af60dc71243305f8fb91640e,eligible_verified_subset
8aca9a8f26d8f1c36dbfb0dc,healthy/8cc11f24-0b79-4eda-8a09-9c776e0a9c1e___RS_HL 9728.JPG,healthy,PlantVillage:Tomato___healthy:::185.0,verified_group,cf77047d7e6ba05ac565107d,eligible_verified_subset
79d5672f54e3dc3c11c069e7,healthy/8cc9bd20-8bc9-49c2-bef6-5d43644e7216___GH_HL Leaf 459.JPG,healthy,fallback:79d5672f54e3dc3c11c069e7,fallback_group,79d5672f54e3dc3c11c069e7,exclude_unresolved_component
b558212d4bd38440d4201cd0,healthy/8ccf22b2-53fe-4886-b88d-d65aa0cf7252___GH_HL Leaf 196.1.JPG,healthy,fallback:b558212d4bd38440d4201cd0,fallback_group,b558212d4bd38440d4201cd0,exclude_unresolved_component
2edc1ccb7fe87143fdf6ed70,healthy/8d39c92d-db17-4a32-a350-1fa670fe2268___GH_HL Leaf 224.JPG,healthy,fallback:2edc1ccb7fe87143fdf6ed70,fallback_group,2edc1ccb7fe87143fdf6ed70,exclude_unresolved_component
5e74f498e434795c0669dccd,healthy/8d3c1a28-27a6-4376-9390-2372dadb7264___GH_HL Leaf 395.JPG,healthy,fallback:5e74f498e434795c0669dccd,fallback_group,5e74f498e434795c0669dccd,exclude_unresolved_component
c0711fbe32521f148f99b557,healthy/8d4a3b2d-bcef-4861-a0a0-c3cb0a1990ce___GH_HL Leaf 204.JPG,healthy,fallback:c0711fbe32521f148f99b557,fallback_group,c0711fbe32521f148f99b557,exclude_unresolved_component
b4b34781349e469863953bfe,healthy/8d78a34f-1777-4bd8-a925-795c57c11787___GH_HL Leaf 429.1.JPG,healthy,fallback:b4b34781349e469863953bfe,fallback_group,b4b34781349e469863953bfe,exclude_unresolved_component
faec661d47b92d485d8f6fe9,healthy/8db2e3c6-c5d9-41ec-9977-7b1a71964f24___GH_HL Leaf 501.2.JPG,healthy,fallback:faec661d47b92d485d8f6fe9,fallback_group,faec661d47b92d485d8f6fe9,exclude_unresolved_component
8ab3f18ad3d621fed4cf63b5,healthy/8db75488-efa8-48f9-bfe8-453b1b5a2b94___RS_HL 9706.JPG,healthy,PlantVillage:Tomato___healthy:::180.0,verified_group,71a906cb1c89d7db981cbea1,eligible_verified_subset
6ffa73c356b491f785ec8e1f,healthy/8ddc8178-4609-4267-bd55-028de3f759c8___RS_HL 0004.JPG,healthy,PlantVillage:Tomato___healthy:::1.0,verified_group,f84cecc76708ee75165f4f7b,eligible_verified_subset
235653be9184a06d94835b96,healthy/8e117b61-5360-49c8-aa55-4e90f8fae129___GH_HL Leaf 261.JPG,healthy,fallback:235653be9184a06d94835b96,fallback_group,235653be9184a06d94835b96,exclude_unresolved_component
40d7d7d9082455ea2168ae3e,healthy/8e152ac8-9de2-4f59-a527-bf86d400f184___GH_HL Leaf 482.JPG,healthy,fallback:40d7d7d9082455ea2168ae3e,fallback_group,40d7d7d9082455ea2168ae3e,exclude_unresolved_component
f0134f576af80458c96cac8a,healthy/8e19f6ec-51c4-496a-9970-746085371064___RS_HL 9829.JPG,healthy,PlantVillage:Tomato___healthy:::210.0,verified_group,90552e8375efb0a5c7009c1e,eligible_verified_subset
67e4cc59cb75158f0a5d195e,healthy/8e4af6b9-0f8a-48ad-ade6-4e1fff6d4bbf___RS_HL 0606.JPG,healthy,PlantVillage:Tomato___healthy:::150.0,verified_group,dd2d1275666ce941854684b3,eligible_verified_subset
c78ba58f6f42ce1eb60cf1c6,healthy/8e6025ac-c6d3-412a-9fec-946247f6ca08___GH_HL Leaf 461.3.JPG,healthy,fallback:c78ba58f6f42ce1eb60cf1c6,fallback_group,c78ba58f6f42ce1eb60cf1c6,exclude_unresolved_component
45f32ba67342ebeb0551ba9c,healthy/8e9914bb-920e-4469-b1d4-580ab5e8790a___RS_HL 0069.JPG,healthy,PlantVillage:Tomato___healthy:::17.0,verified_group,8ea8cecad35d1e8cf1496c07,eligible_verified_subset
424055f4a3d8d63e74d09d00,healthy/8ea80484-4e70-4a51-bbc2-213cfedd4f59___GH_HL Leaf 341.JPG,healthy,fallback:424055f4a3d8d63e74d09d00,fallback_group,424055f4a3d8d63e74d09d00,exclude_unresolved_component
2dc21593dadd026a64b5a8b7,healthy/8eb8512f-fbbe-4415-832a-52e58e3cde9e___RS_HL 0003.JPG,healthy,PlantVillage:Tomato___healthy:::1.0,verified_group,f84cecc76708ee75165f4f7b,eligible_verified_subset
796b28b4d798ddea13c249eb,healthy/8ed42b66-acb0-42d9-a1d8-f624573e07d0___GH_HL Leaf 212.8.JPG,healthy,fallback:796b28b4d798ddea13c249eb,fallback_group,796b28b4d798ddea13c249eb,exclude_unresolved_component
b6a9e5770d8b755e8820ac51,healthy/8edbb3bf-ae44-4870-9c39-cd33fd088a55___RS_HL 0429.JPG,healthy,PlantVillage:Tomato___healthy:::107.0,verified_group,5cc520cf8c063d0c06ffd58e,eligible_verified_subset
823626ea8ed4e9e487083b91,healthy/8ee7fa28-296c-4cf0-970b-d2015b1b75e8___GH_HL Leaf 327.JPG,healthy,fallback:823626ea8ed4e9e487083b91,fallback_group,823626ea8ed4e9e487083b91,exclude_unresolved_component
37f997a6cea964d66ce75318,healthy/8f009cfa-d6f0-4e8b-8950-71638f04d2c1___RS_HL 0582.JPG,healthy,PlantVillage:Tomato___healthy:::144.0,verified_group,d4ec09c2fbfe9b86840c3e0e,eligible_verified_subset
fa1078c8f0e91333c85f0ae3,healthy/8f3da0fb-90a0-4eac-b065-822895c41c54___GH_HL Leaf 265.1.JPG,healthy,fallback:fa1078c8f0e91333c85f0ae3,fallback_group,fa1078c8f0e91333c85f0ae3,exclude_unresolved_component
5268653fe5d3e92fd6e2ba61,healthy/9022a9e2-3161-4d34-9c83-e3e72d8154a1___RS_HL 0233.JPG,healthy,PlantVillage:Tomato___healthy:::58.0,verified_group,62216bf5385f6f22cb703303,eligible_verified_subset
6959847b619effe043ac8abc,healthy/902d49e5-febf-4970-b0fb-99a57e8e284b___GH_HL Leaf 179.JPG,healthy,fallback:6959847b619effe043ac8abc,fallback_group,6959847b619effe043ac8abc,exclude_unresolved_component
89f150190f819de9fda16f11,healthy/90a8b687-3191-4ef5-bb9c-e11aeb2d6c8f___RS_HL 0057.JPG,healthy,PlantVillage:Tomato___healthy:::14.0,verified_group,70553d0b04689e40f81e6351,eligible_verified_subset
06498709ff3caebd68744ab3,healthy/90af034e-dedd-4edf-afb7-9449c4508535___RS_HL 9675.JPG,healthy,PlantVillage:Tomato___healthy:::172.0,verified_group,1c956795fe91e88d22740581,eligible_verified_subset
800d8821e05215b271756236,healthy/911f4e0f-c13a-411a-8a75-2793b006a5d4___RS_HL 0083.JPG,healthy,PlantVillage:Tomato___healthy:::21.0,verified_group,800d8821e05215b271756236,eligible_verified_subset
3977daec968ac9d0494de70d,healthy/912988d9-48b0-4a21-b3cd-1e136cbe5cc6___RS_HL 0629.JPG,healthy,PlantVillage:Tomato___healthy:::155.0,verified_group,76c0f9ef1de61c705f9918b0,eligible_verified_subset
5c468337b82d703903740aaf,healthy/918886d9-62bf-46a4-97f9-0afe76641b25___GH_HL Leaf 365.1.JPG,healthy,fallback:5c468337b82d703903740aaf,fallback_group,5c468337b82d703903740aaf,exclude_unresolved_component
a533250d883873037938f646,healthy/91a223de-d549-43cd-8ffe-81b650b28edd___RS_HL 0028.JPG,healthy,PlantVillage:Tomato___healthy:::7.0,verified_group,1fd91f5214e1e4dda1fad6fc,eligible_verified_subset
31a7706056052e86b3d8586f,healthy/91b86c29-60fb-4383-8bc3-8e06cb5519f2___RS_HL 0283.JPG,healthy,PlantVillage:Tomato___healthy:::71.0,verified_group,c4a7dc59b90485e4faac296c,eligible_verified_subset
c3cfdaef70b23b6c0f8e1066,healthy/922d8646-efa3-4101-b943-d3568c9760e9___RS_HL 0029.JPG,healthy,PlantVillage:Tomato___healthy:::7.0,verified_group,1fd91f5214e1e4dda1fad6fc,eligible_verified_subset
1ce19f7948f59c623ffd9b25,healthy/92482fe8-95b5-48b9-b32e-eadc3ab6ac59___RS_HL 9901.JPG,healthy,PlantVillage:Tomato___healthy:::228.0,verified_group,5a0fb0ad75f8823741486624,eligible_verified_subset
183f1c39e171b146ba2b1a25,healthy/9266e5f5-ab7a-461a-836d-fa03f1669a6a___RS_HL 9810.JPG,healthy,PlantVillage:Tomato___healthy:::206.0,verified_group,183f1c39e171b146ba2b1a25,eligible_verified_subset
fd60e1915c27b31622c1a6fd,healthy/9268e1da-3fc4-49b1-8fcb-3f0d8957114a___GH_HL Leaf 277.1.JPG,healthy,fallback:fd60e1915c27b31622c1a6fd,fallback_group,fd60e1915c27b31622c1a6fd,exclude_unresolved_component
307f176a32bf46dad26b0230,healthy/9299f3e8-15ee-4cf2-997a-058bb19900a5___RS_HL 9781.JPG,healthy,PlantVillage:Tomato___healthy:::198.0,verified_group,b8c0d96baf4d6727991f6e34,eligible_verified_subset
3fbf5f624402d74544d2aea5,healthy/92c06519-cec4-4091-9ae1-5ea8b56c89cd___GH_HL Leaf 525.JPG,healthy,fallback:3fbf5f624402d74544d2aea5,fallback_group,3fbf5f624402d74544d2aea5,exclude_unresolved_component
ad45e40cefd2f0c1626566fe,healthy/92d04528-2709-4cc0-8e98-bdfe2ef97143___RS_HL 9808.JPG,healthy,PlantVillage:Tomato___healthy:::205.0,verified_group,abc02a6978f95db35f46eb1b,eligible_verified_subset
1a1408bff0636468b13566c4,healthy/92d84132-33f5-4d01-9b3d-797a5dcaeccd___RS_HL 0315.JPG,healthy,PlantVillage:Tomato___healthy:::79.0,verified_group,1a1408bff0636468b13566c4,eligible_verified_subset
2c2c6fecab779c320e6b45d0,healthy/930689fd-9e44-497a-9724-7e7080de02fe___RS_HL 9754.JPG,healthy,PlantVillage:Tomato___healthy:::192.0,verified_group,8235487f48dff9f35efb0936,eligible_verified_subset
eca3819d6d632255ecbe9ffb,healthy/930bcd42-1c53-414c-94e5-8b270920ed68___RS_HL 0156.JPG,healthy,PlantVillage:Tomato___healthy:::39.0,verified_group,101b74384d9ae0a06137f555,eligible_verified_subset
cbf426a9df6fa926886ea98d,healthy/93228670-1f62-4e23-8993-a488ff7068c0___GH_HL Leaf 257.1.JPG,healthy,fallback:cbf426a9df6fa926886ea98d,fallback_group,cbf426a9df6fa926886ea98d,exclude_unresolved_component
00594f4443c892e1f30577db,healthy/933b7a1c-5015-48df-8c2d-b7fdf918a4db___GH_HL Leaf 490.1.JPG,healthy,fallback:00594f4443c892e1f30577db,fallback_group,00594f4443c892e1f30577db,exclude_unresolved_component
65c8727b8b0bf94671e95f0f,healthy/93807606-0aed-435b-adb2-cf303a7d586e___RS_HL 0135.JPG,healthy,PlantVillage:Tomato___healthy:::34.0,verified_group,400619b324f1924e8c9db40d,eligible_verified_subset
f1499fa8a7fc6531842b20eb,healthy/9397ecfe-6f1f-47cf-8549-43711ec0e734___GH_HL Leaf 213.JPG,healthy,fallback:f1499fa8a7fc6531842b20eb,fallback_group,f1499fa8a7fc6531842b20eb,exclude_unresolved_component
0dbca91d441366e65cd9128f,healthy/939be2cc-6c00-4205-85cd-5276c12969e0___RS_HL 9883.JPG,healthy,PlantVillage:Tomato___healthy:::224.0,verified_group,2a9a1f9bd3367ed995a01587,eligible_verified_subset
fe9581877c1485d1db509435,healthy/93c9da62-19ca-4e90-b355-0dc71ff5cc4b___RS_HL 9752.JPG,healthy,PlantVillage:Tomato___healthy:::191.0,verified_group,558952d414dbbdc7400dfd30,eligible_verified_subset
e0dff1f97dfa5d73aea6598f,healthy/93d00575-64fc-4cb6-93c1-91be73a0b90c___GH_HL Leaf 313.1.JPG,healthy,fallback:e0dff1f97dfa5d73aea6598f,fallback_group,e0dff1f97dfa5d73aea6598f,exclude_unresolved_component
f416458e6f3da6a6ba153751,healthy/93e8763c-b124-48c4-bc46-df4d92625fa3___RS_HL 0261.JPG,healthy,PlantVillage:Tomato___healthy:::65.0,verified_group,8349a96322467404f4ce5516,eligible_verified_subset
38b4fc946f9d644005e6791b,healthy/948816c8-6d72-47ad-bafc-e1448be3459f___RS_HL 9891.JPG,healthy,PlantVillage:Tomato___healthy:::226.0,verified_group,b0df37dc0200d189082a4cf6,eligible_verified_subset
60c2fa7349bbc5e3da958c87,healthy/956eb0b5-8dae-4315-9cea-320dc594b864___RS_HL 0221.JPG,healthy,PlantVillage:Tomato___healthy:::55.0,verified_group,5fe545bbdb24d5170a686d9f,eligible_verified_subset
9d03fbd05ebe5dc230101383,healthy/95706580-86d7-49c2-be2e-66f19331c731___GH_HL Leaf 335.JPG,healthy,fallback:9d03fbd05ebe5dc230101383,fallback_group,9d03fbd05ebe5dc230101383,exclude_unresolved_component
a0028d421f7991078e75e670,healthy/9582a64b-e8a3-476f-9127-af5b45b0d833___RS_HL 0121.JPG,healthy,PlantVillage:Tomato___healthy:::30.0,verified_group,ad029ebd5e40f0d4afce2919,eligible_verified_subset
cce784642f4d7e5dcb20b68e,healthy/958b8eb8-7004-434a-ad02-e62ff64dded0___RS_HL 0276.JPG,healthy,PlantVillage:Tomato___healthy:::69.0,verified_group,7f527234a5b5c93526159084,eligible_verified_subset
f441e40d7bb15ee551094347,healthy/95973ed9-f9a8-4c71-b232-432f61020fe3___GH_HL Leaf 412.JPG,healthy,fallback:f441e40d7bb15ee551094347,fallback_group,f441e40d7bb15ee551094347,exclude_unresolved_component
036d79fd2a7ee3ecfa5ed276,healthy/95a43787-4b69-4ad8-854f-7d8cbd1e6cac___RS_HL 9642.JPG,healthy,PlantVillage:Tomato___healthy:::164.0,verified_group,a5b756e477334f430747a1cd,eligible_verified_subset
00b828312e4e0a13d431728a,healthy/95abb641-4435-4531-88f6-a4a597c5ff33___RS_HL 9779.JPG,healthy,PlantVillage:Tomato___healthy:::198.0,verified_group,b8c0d96baf4d6727991f6e34,eligible_verified_subset
eb7c4151efa5012d3ab8a4b5,healthy/961e5369-8899-4d35-a83c-82eb55c2a848___GH_HL Leaf 188.2.JPG,healthy,fallback:eb7c4151efa5012d3ab8a4b5,fallback_group,eb7c4151efa5012d3ab8a4b5,exclude_unresolved_component
87e1f8954390c51f7493bb24,healthy/9630e186-4b6c-492b-b450-a30bd7fd7fcb___GH_HL Leaf 322.1.JPG,healthy,fallback:87e1f8954390c51f7493bb24,fallback_group,87e1f8954390c51f7493bb24,exclude_unresolved_component
ec3e4d2cccbd6383f2a08b96,healthy/9656bc21-12c3-420c-a316-d2bf46b5fd0a___RS_HL 0316.JPG,healthy,PlantVillage:Tomato___healthy:::79.0,verified_group,1a1408bff0636468b13566c4,eligible_verified_subset
4dd08dfd268172c2c3407f83,healthy/9662364c-aaba-45e3-b907-10792d60578c___GH_HL Leaf 220.JPG,healthy,fallback:4dd08dfd268172c2c3407f83,fallback_group,4dd08dfd268172c2c3407f83,exclude_unresolved_component
02b999e648129c9cdce8060a,healthy/96a7aed7-5548-4977-92a9-10cc2282e84a___RS_HL 0204.JPG,healthy,PlantVillage:Tomato___healthy:::51.0,verified_group,1c42d75b55397abfc96de13e,eligible_verified_subset
42c849445fe2abcafdd1fa02,healthy/96bf0aea-6bf2-4ad8-8fa9-bbbc30be4967___RS_HL 0200.JPG,healthy,PlantVillage:Tomato___healthy:::50.0,verified_group,f01e5925cfc36fa0cd9d8b1d,eligible_verified_subset
46a2a9acc4a3a02efb5660c2,healthy/96d85e53-b980-42f7-8e3d-cd6f7ec9c287___GH_HL Leaf 520.5.JPG,healthy,fallback:46a2a9acc4a3a02efb5660c2,fallback_group,46a2a9acc4a3a02efb5660c2,exclude_unresolved_component
5dea9aee4d98596f4f6d4070,healthy/9721c76f-52cc-4a63-a465-4cc32974806c___GH_HL Leaf 431.1.JPG,healthy,fallback:5dea9aee4d98596f4f6d4070,fallback_group,5dea9aee4d98596f4f6d4070,exclude_unresolved_component
c8e44ff2d94d36c29ae9714c,healthy/973bc347-b335-4333-8536-82db4a41fa6c___RS_HL 0142.JPG,healthy,PlantVillage:Tomato___healthy:::35.0,verified_group,124227a9ca1e7594842a019b,eligible_verified_subset
5357f6e59d5d1ae840fd857b,healthy/973c9431-f521-462d-82fa-442196087ca8___GH_HL Leaf 204.1.JPG,healthy,fallback:5357f6e59d5d1ae840fd857b,fallback_group,c0711fbe32521f148f99b557,exclude_unresolved_component
2b84c5de3f2fd9764c60f089,healthy/977bcf65-3e68-4be3-bb8a-4a860a6fef9d___RS_HL 9986.JPG,healthy,PlantVillage:Tomato___healthy:::248.0,verified_group,791c31d818925a382467530f,eligible_verified_subset
00b9fe40f9671a0a56c4d268,healthy/97f4f8ad-c220-43f4-b25e-a6ae315057f0___RS_HL 0078.JPG,healthy,PlantVillage:Tomato___healthy:::19.0,verified_group,17b1765b1f0308b41015c537,eligible_verified_subset
c667c68ca7fbe0491a8e3d25,healthy/982903ac-ec41-4bc3-8faf-c38a45d9b193___RS_HL 9960.JPG,healthy,PlantVillage:Tomato___healthy:::242.0,verified_group,ee63e4707e6dbaacdd3124bf,eligible_verified_subset
f01f62a6f47454eb43b1c5bd,healthy/982bdd12-cce3-413e-89ae-444ebc3ee32e___RS_HL 0487.JPG,healthy,PlantVillage:Tomato___healthy:::122.0,verified_group,2d80e9d4a1564360213ac732,eligible_verified_subset
9bf4c2a0957eb7fda9ce4223,healthy/984d9db2-082d-446b-8991-870090c447bb___RS_HL 0274.JPG,healthy,PlantVillage:Tomato___healthy:::68.0,verified_group,673f8e3c83fdba88d3b8c4f3,eligible_verified_subset
27007a1292918b04c0b4ac57,healthy/989c19ba-120b-472c-abe1-821da1b065d0___RS_HL 0280.JPG,healthy,PlantVillage:Tomato___healthy:::70.0,verified_group,c9c0f8bad4266d0d14cc9116,eligible_verified_subset
254120c6fade7340692d8c92,healthy/989dc406-c1db-4a9c-9cda-ae66f1288b9b___RS_HL 0032.JPG,healthy,PlantVillage:Tomato___healthy:::8.0,verified_group,b975388b63dadf9821422d86,eligible_verified_subset
4a5f561d2b0a1dc29f04d224,healthy/98e0a217-023f-45ad-a1b7-3719a5fdea49___GH_HL Leaf 283.JPG,healthy,fallback:4a5f561d2b0a1dc29f04d224,fallback_group,4a5f561d2b0a1dc29f04d224,exclude_unresolved_component
752a89c0de116cfd7fa93cd8,healthy/98f3de1f-2505-4e4b-94ad-fb16f66f27d8___RS_HL 9852.JPG,healthy,PlantVillage:Tomato___healthy:::216.0,verified_group,40e5971106376b5c2648bd00,eligible_verified_subset
d92967d4d18e7c701b29fbf0,healthy/991e23a3-fcbf-492b-8972-625779855b0e___RS_HL 0486.JPG,healthy,PlantVillage:Tomato___healthy:::121.0,verified_group,e9fc87fa2b03df2fb49b41fd,eligible_verified_subset
08ca17ab66c6420433663307,healthy/991e779d-ffcb-4f55-98f6-20575d202757___RS_HL 0166.JPG,healthy,PlantVillage:Tomato___healthy:::41.0,verified_group,503064eef7fad420d4cfda60,eligible_verified_subset
eee8f1b478aadefae7b55309,healthy/99330465-d609-4f9b-b1cf-da0410f6122c___RS_HL 0388.JPG,healthy,PlantVillage:Tomato___healthy:::97.0,verified_group,5f576249887950216c7a3958,eligible_verified_subset
046fa4c09a21c9474f94234a,healthy/994d4897-7227-4f74-a5e1-610d528e7d87___RS_HL 9927.JPG,healthy,PlantVillage:Tomato___healthy:::234.0,verified_group,6e8ece98b9d5f11091624e0e,eligible_verified_subset
b48f7384c32fc94a03192723,healthy/99736699-54e4-4c14-bcce-6c249444e156___RS_HL 0165.JPG,healthy,PlantVillage:Tomato___healthy:::41.0,verified_group,503064eef7fad420d4cfda60,eligible_verified_subset
e621046af4f20c2c23ba3c0a,healthy/99fcb52b-0e4f-47a6-b350-1d49d26bc649___GH_HL Leaf 298.JPG,healthy,fallback:e621046af4f20c2c23ba3c0a,fallback_group,e621046af4f20c2c23ba3c0a,exclude_unresolved_component
c13311eb04c495f3357bc3d3,healthy/9a3e2912-5d94-4eb0-9bb2-4035eaf4c884___RS_HL 0102.JPG,healthy,PlantVillage:Tomato___healthy:::25.0,verified_group,c13311eb04c495f3357bc3d3,eligible_verified_subset
94963aeafc943f39a72b828d,healthy/9a5d3900-8707-4088-8ec0-1fad45d8bd11___GH_HL Leaf 339.JPG,healthy,fallback:94963aeafc943f39a72b828d,fallback_group,94963aeafc943f39a72b828d,exclude_unresolved_component
ea5ffd06451f45a59febaecd,healthy/9a97f632-a6a4-4a7e-9a82-90167fdf8fff___GH_HL Leaf 181.JPG,healthy,fallback:ea5ffd06451f45a59febaecd,fallback_group,ea5ffd06451f45a59febaecd,exclude_unresolved_component
03c6cb5914048236e06e2d3b,healthy/9ae93bcc-5cfb-4407-a711-de800fb2853a___GH_HL Leaf 519.4.JPG,healthy,fallback:03c6cb5914048236e06e2d3b,fallback_group,e8fb48fbce35ed701feda570,exclude_unresolved_component
3fc418b316cee515dcbb2d32,healthy/9aeac2ec-83f4-4348-bc26-8f55b8eb6c52___RS_HL 9817.JPG,healthy,PlantVillage:Tomato___healthy:::207.0,verified_group,94256f1f38950901e41be5d4,eligible_verified_subset
6668a54be54449bdd5224c8d,healthy/9b0e031b-27c2-4c62-8923-ccc3ce5a4048___GH_HL Leaf 401.1.JPG,healthy,fallback:6668a54be54449bdd5224c8d,fallback_group,6668a54be54449bdd5224c8d,exclude_unresolved_component
d0b4737752b9a1ca007d68b6,healthy/9b2a3f9a-f450-471d-928c-270126c8602a___RS_HL 9758.JPG,healthy,PlantVillage:Tomato___healthy:::193.0,verified_group,be737ed4bfbce826ff0f4b06,eligible_verified_subset
51647e406ff14ab65c3a96f6,healthy/9b5626b0-ea1d-45d0-bc41-c898f7253a75___GH_HL Leaf 315.2.JPG,healthy,fallback:51647e406ff14ab65c3a96f6,fallback_group,c9a44ca02aea59915a1fd1c3,exclude_unresolved_component
95a626edbcef63d52f28c7bd,healthy/9b5c0a85-5a16-4589-ae76-ef4247e78663___RS_HL 0281.JPG,healthy,PlantVillage:Tomato___healthy:::70.0,verified_group,c9c0f8bad4266d0d14cc9116,eligible_verified_subset
6b5b92bd42114bde6013b92f,healthy/9b668abb-fc96-412e-948f-442af45ec580___RS_HL 9972.JPG,healthy,PlantVillage:Tomato___healthy:::245.0,verified_group,81607e1e632de79e7ad28d62,eligible_verified_subset
93b7b9dcdea9b6aeed140969,healthy/9b8f108a-010b-4b8b-98ea-b30cbf62b805___GH_HL Leaf 349.1.JPG,healthy,fallback:93b7b9dcdea9b6aeed140969,fallback_group,93b7b9dcdea9b6aeed140969,exclude_unresolved_component
0371ad4282b280bcc5d79f55,healthy/9bda0790-8cb2-4dce-8b8a-debdbd08a67d___GH_HL Leaf 388.JPG,healthy,fallback:0371ad4282b280bcc5d79f55,fallback_group,b7314fbef37a44b5688a8cc5,exclude_unresolved_component
5416e66d26005853fb477bc9,healthy/9be696de-84ac-4275-b9b0-a6a54e8a1813___GH_HL Leaf 244.JPG,healthy,fallback:5416e66d26005853fb477bc9,fallback_group,5416e66d26005853fb477bc9,exclude_unresolved_component
1ea5af450c687fb5e44658d5,healthy/9c3ad610-7677-4f3c-9646-88069e0c61cb___GH_HL Leaf 449.2.JPG,healthy,fallback:1ea5af450c687fb5e44658d5,fallback_group,1ea5af450c687fb5e44658d5,exclude_unresolved_component
5f62b2f18f710f28767e9fa1,healthy/9c42acb9-3794-41d5-acc0-3c4949aa5e52___RS_HL 0442.JPG,healthy,PlantVillage:Tomato___healthy:::110.0,verified_group,26551288ef2033b108a71441,eligible_verified_subset
a8a45eca49ee02bfefae5dcb,healthy/9c84597a-72a3-4e91-9203-92de6090462b___RS_HL 0040.JPG,healthy,PlantVillage:Tomato___healthy:::10.0,verified_group,a8a45eca49ee02bfefae5dcb,eligible_verified_subset
f935a37d914bfc6689bb2298,healthy/9d06e189-6e39-4fb9-853b-e2ce180469a5___RS_HL 0407.JPG,healthy,PlantVillage:Tomato___healthy:::102.0,verified_group,b1b4cc71d310606fb1265ddc,eligible_verified_subset
65f2862427f481b373b2e6cb,healthy/9d197d8a-3f35-401a-8aa4-39f7e69d05c5___GH_HL Leaf 326.JPG,healthy,fallback:65f2862427f481b373b2e6cb,fallback_group,65f2862427f481b373b2e6cb,exclude_unresolved_component
7b65482adb60ef64ee2243b2,healthy/9d447b38-bd33-46f0-880b-324481fbae19___RS_HL 0366.JPG,healthy,PlantVillage:Tomato___healthy:::91.0,verified_group,e94f023508bb84cf09e067cd,eligible_verified_subset
a705e8cfcb771777bef06ee3,healthy/9d59d9f3-d9f2-45e7-b441-bcf453ceea73___RS_HL 0329.JPG,healthy,PlantVillage:Tomato___healthy:::82.0,verified_group,4f44d8c6ba652f9bab03ed8f,eligible_verified_subset
55b6713d05d6ba03a79e746f,healthy/9d6f9a0d-9221-40ed-8787-03b69d87d99e___RS_HL 0048.JPG,healthy,PlantVillage:Tomato___healthy:::12.0,verified_group,3c712158de475da901329691,eligible_verified_subset
266ff5b3387848cdc7c27b30,healthy/9dab9ebd-6fbf-4565-99c3-06138ca51050___RS_HL 0500.JPG,healthy,PlantVillage:Tomato___healthy:::125.0,verified_group,2e7a57d3c8cbb44c5daf1761,eligible_verified_subset
38605fafbf128a60b85170f2,healthy/9dc940f8-cd79-4341-95ef-f845583d9dff___RS_HL 9751.JPG,healthy,PlantVillage:Tomato___healthy:::191.0,verified_group,558952d414dbbdc7400dfd30,eligible_verified_subset
eb0d3d9724ec00e3443f46cf,healthy/9dcb8870-47cb-4816-bb88-a435b5844cf6___GH_HL Leaf 207.JPG,healthy,fallback:eb0d3d9724ec00e3443f46cf,fallback_group,eb0d3d9724ec00e3443f46cf,exclude_unresolved_component
7787d7ab74713de9df03d1d8,healthy/9df3c983-0c0c-4e9b-a0c8-f3e1fd3ec908___RS_HL 0634.JPG,healthy,PlantVillage:Tomato___healthy:::156.0,verified_group,6e442a343fd7dfb7ac0299e6,eligible_verified_subset
3700cf7ca35cbfeef7a1f066,healthy/9dfa9d89-0a19-4e22-81c1-07c54a21f982___RS_HL 9768.JPG,healthy,PlantVillage:Tomato___healthy:::195.0,verified_group,5a818bd734e0e9f2b68e17aa,eligible_verified_subset
e0c643c312d31787223964c8,healthy/9e0cd9db-f893-4426-b195-5643b55e0a8d___RS_HL 0379.JPG,healthy,PlantVillage:Tomato___healthy:::95.0,verified_group,3acdc3b5a71f77df17fc2e5c,eligible_verified_subset
9c20e605e9ab7cd8033418d4,healthy/9e2a71e5-2a59-4e62-9c6c-581fe9091a10___RS_HL 0132.JPG,healthy,PlantVillage:Tomato___healthy:::33.0,verified_group,94c9aca1e6f69ac64b537e4b,eligible_verified_subset
1627daeb8cef34f225671d02,healthy/9e43d49b-abbe-4b9b-8566-42586a58a705___RS_HL 0462.JPG,healthy,PlantVillage:Tomato___healthy:::115.0,verified_group,7b932992fa4e36bc956a10fb,eligible_verified_subset
802ce5a0517f9d02b848f6ce,healthy/9ed00c97-7867-4e6f-a274-f2bad77ecfaf___GH_HL Leaf 515.1.JPG,healthy,fallback:802ce5a0517f9d02b848f6ce,fallback_group,802ce5a0517f9d02b848f6ce,exclude_unresolved_component
c83972462704b41312b2da7f,healthy/9ee73ce8-ea9e-4a76-8b41-39500bdf3514___RS_HL 0110.JPG,healthy,PlantVillage:Tomato___healthy:::27.0,verified_group,f7f6bfd752085cd9803f1b2c,eligible_verified_subset
bf6737641c7943a2d313a011,healthy/9f1704fc-28ae-4e27-a6f3-885811ea80e2___GH_HL Leaf 260.JPG,healthy,fallback:bf6737641c7943a2d313a011,fallback_group,bf6737641c7943a2d313a011,exclude_unresolved_component
f06f255064e8efb1b1f8f154,healthy/9f959699-166c-4ac9-ba4a-a9e7d0c9e03b___RS_HL 0143.JPG,healthy,PlantVillage:Tomato___healthy:::36.0,verified_group,8070dc2e9850f620af59b1d4,eligible_verified_subset
999032156eb1c2fd1f1b66ba,healthy/9fb8872e-e963-4d2c-9b16-62757705ca3f___RS_HL 0130.JPG,healthy,PlantVillage:Tomato___healthy:::32.0,verified_group,af60dc71243305f8fb91640e,eligible_verified_subset
6b4972151392c35a52c38c8c,healthy/a01d8297-f16b-41ab-b7b9-6343d5b7d8a6___RS_HL 0419.JPG,healthy,PlantVillage:Tomato___healthy:::105.0,verified_group,af14f446a9f9687832266847,eligible_verified_subset
596d8a1331837140fc3430c1,healthy/a0285527-98c1-40b7-992b-404644387ad8___GH_HL Leaf 509.4.JPG,healthy,fallback:596d8a1331837140fc3430c1,fallback_group,596d8a1331837140fc3430c1,exclude_unresolved_component
3b8d1341ac1b2ec91dc08cbe,healthy/a02c1c45-0962-42c4-bc8b-13b07308a1f8___RS_HL 0561.JPG,healthy,PlantVillage:Tomato___healthy:::140.0,verified_group,5036e47e2d2867b8d0e4223e,eligible_verified_subset
d04b373725ea20fdea56ed2b,healthy/a05f8f2d-6ac6-45d8-b7ad-394bbda892fc___RS_HL 0613.JPG,healthy,PlantVillage:Tomato___healthy:::152.0,verified_group,c23dc9e59905eb8e9b9ff8ac,eligible_verified_subset
cc46eacab85619bcd90b00ea,healthy/a06cd500-b782-4be6-8f7a-377c9ed5ceab___RS_HL 9648.JPG,healthy,PlantVillage:Tomato___healthy:::165.0,verified_group,037cfddf6b93f3c37037c714,eligible_verified_subset
8e8c0abfd5b4f3b8d657899d,healthy/a0aac34b-e9c8-4c9e-84b5-8f9ee4cf1502___RS_HL 0622.JPG,healthy,PlantVillage:Tomato___healthy:::153.0,verified_group,4d98bfa9050d5366e68aebc3,eligible_verified_subset
8a1812d4f71ec0b1259246c8,healthy/a0e83b60-008d-40b1-b0f4-c3c2e02d8eb3___RS_HL 0092.JPG,healthy,PlantVillage:Tomato___healthy:::23.0,verified_group,9244b4d5c1ca02c0c1f24a79,eligible_verified_subset
bf8dcecc89571021fd7d7144,healthy/a1238cae-087e-42de-824b-35a967fe43a6___RS_HL 0624.JPG,healthy,PlantVillage:Tomato___healthy:::154.0,verified_group,6688d6f637c9e29b2db8ef23,eligible_verified_subset
fa7e2aa925abe9a1b7badbf3,healthy/a1414092-da7c-4e7e-9b25-6fb76e07285b___RS_HL 0247.JPG,healthy,PlantVillage:Tomato___healthy:::62.0,verified_group,cc40543ed5f2e5c110516a4c,eligible_verified_subset
2307c59aa329bec6b087a2a3,healthy/a154b0c0-ad46-47ec-b9f4-50a4ee625849___RS_HL 9827.JPG,healthy,PlantVillage:Tomato___healthy:::210.0,verified_group,90552e8375efb0a5c7009c1e,eligible_verified_subset
b4decc4e171ded31c110aaff,healthy/a1aa732c-1c39-4c6b-b5d1-e0ea7a8587a5___RS_HL 0565.JPG,healthy,PlantVillage:Tomato___healthy:::141.0,verified_group,b3d2e6e2d4f3b0b3efa278b3,eligible_verified_subset
4df2870656274cfbfd1cb5a6,healthy/a1b90ce3-79b4-404d-a848-4471b793772f___RS_HL 0544.JPG,healthy,PlantVillage:Tomato___healthy:::136.0,verified_group,748c09fd231f4f9f0cbdc258,eligible_verified_subset
7f931244652748021bbaa6a1,healthy/a20a5c58-38e3-4fe3-8bdb-1ce02169a6a3___RS_HL 0512.JPG,healthy,PlantVillage:Tomato___healthy:::128.0,verified_group,7f931244652748021bbaa6a1,eligible_verified_subset
46e0321851e4ce47be5e664b,healthy/a2118ec3-8434-4e93-8a4a-aa93262dfa76___RS_HL 0551.JPG,healthy,PlantVillage:Tomato___healthy:::138.0,verified_group,79291e596e537d495a65f1a1,eligible_verified_subset
c94a428ee2254d8b95978cd3,healthy/a2317e6a-8548-432c-b69f-0f6daada41fa___GH_HL Leaf 469.1.JPG,healthy,fallback:c94a428ee2254d8b95978cd3,fallback_group,c94a428ee2254d8b95978cd3,exclude_unresolved_component
163ffc82a9f09c889ed57b7e,healthy/a2615e6f-cf8b-4937-b50d-5f3d5226eca5___RS_HL 0096.JPG,healthy,PlantVillage:Tomato___healthy:::24.0,verified_group,ede464d6e7b3cf7789d0028b,eligible_verified_subset
2b4f3922b6dde4b12439af3f,healthy/a261cf1c-0bf5-4dec-b796-5dfe2ab0ee1b___GH_HL Leaf 322.JPG,healthy,fallback:2b4f3922b6dde4b12439af3f,fallback_group,2b4f3922b6dde4b12439af3f,exclude_unresolved_component
31fbaadd91e88166e76c0f74,healthy/a29fc501-dbc0-4d7c-b298-1a817192a396___RS_HL 0539.JPG,healthy,PlantVillage:Tomato___healthy:::135.0,verified_group,31fbaadd91e88166e76c0f74,eligible_verified_subset
11d5ef2da70397e83073923c,healthy/a2bbffab-17fd-4608-8994-28f7a62e3a4f___RS_HL 0251.JPG,healthy,PlantVillage:Tomato___healthy:::63.0,verified_group,326585c9aba41894f77b3519,eligible_verified_subset
5340f323fe2ff162ba579e8f,healthy/a37b6334-5748-413a-9c7d-85c3ac8edee8___GH_HL Leaf 260.1.JPG,healthy,fallback:5340f323fe2ff162ba579e8f,fallback_group,5340f323fe2ff162ba579e8f,exclude_unresolved_component
9cfb86c20acb0014380e9384,healthy/a37f028b-6cb5-4557-8e5d-61b25830858c___RS_HL 0530.JPG,healthy,PlantVillage:Tomato___healthy:::132.0,verified_group,9cfb86c20acb0014380e9384,eligible_verified_subset
d7ddf55b71a03ac55f9c3bb4,healthy/a3971959-8544-4a34-95a2-d1b6a7a390af___RS_HL 0265.JPG,healthy,PlantVillage:Tomato___healthy:::66.0,verified_group,fdbd4c4a35e60ca5c19523cb,eligible_verified_subset
28a021fc1c3bc9bb25f56485,healthy/a3e61ed6-3c67-48d7-af39-9a69b2c5c7bc___GH_HL Leaf 250.1.JPG,healthy,fallback:28a021fc1c3bc9bb25f56485,fallback_group,28a021fc1c3bc9bb25f56485,exclude_unresolved_component
3237709ec3ddae353ed56022,healthy/a3ebf7f9-543d-4df9-a09f-013ef8dd7760___RS_HL 9662.JPG,healthy,PlantVillage:Tomato___healthy:::169.0,verified_group,f5446021eb3eabed0df29455,eligible_verified_subset
a6df3043d2be5d1bc5ab2d51,healthy/a424fe57-c3ff-400e-ac88-000ca1781300___RS_HL 9802.JPG,healthy,PlantVillage:Tomato___healthy:::204.0,verified_group,73fd8b54eb628f7424dfe68a,eligible_verified_subset
b5995f92331aa6850832d8a8,healthy/a45cff7d-8ae1-4de9-8479-cb0d2dfc6b0f___RS_HL 9863.JPG,healthy,PlantVillage:Tomato___healthy:::219.0,verified_group,30b4773a282a7a5e3c86a5d3,eligible_verified_subset
03b85f4107d9af5181318674,healthy/a4dea30d-6551-4107-bba6-1390e74b6b0b___GH_HL Leaf 261.1.JPG,healthy,fallback:03b85f4107d9af5181318674,fallback_group,03b85f4107d9af5181318674,exclude_unresolved_component
981e014defcdc25c4f94a245,healthy/a54804c7-1bc2-439a-a09f-3d1a6ce81856___GH_HL Leaf 309.1.JPG,healthy,fallback:981e014defcdc25c4f94a245,fallback_group,981e014defcdc25c4f94a245,exclude_unresolved_component
5c68c0e0d74202f688207c1f,healthy/a5a6aa27-9a67-486e-853d-50ccdd1d8c21___RS_HL 0170.JPG,healthy,PlantVillage:Tomato___healthy:::42.0,verified_group,b8ace946dbbb0476306de1c2,eligible_verified_subset
8604b76761ed17142c8c7361,healthy/a5de43e7-fc2f-4a14-a8e6-c0f2f94c84f1___GH_HL Leaf 434.JPG,healthy,fallback:8604b76761ed17142c8c7361,fallback_group,5d7eefe1494a1a57a9fbc102,exclude_unresolved_component
a58eaaeaedc1a2739b4ba78c,healthy/a5e54e01-2cd5-482a-bfba-8728ca32473c___GH_HL Leaf 426.JPG,healthy,fallback:a58eaaeaedc1a2739b4ba78c,fallback_group,a58eaaeaedc1a2739b4ba78c,exclude_unresolved_component
7248741ab91acdcaf547919f,healthy/a6bd221d-9a81-4712-bfdb-9f529f422b37___RS_HL 0236.JPG,healthy,PlantVillage:Tomato___healthy:::59.0,verified_group,3105e8402e26a563017ff9dc,eligible_verified_subset
3aeb980d55fdbcb68dd2ed0b,healthy/a6e38349-62a4-43e6-bf92-84bc17e6d8eb___GH_HL Leaf 485.1.JPG,healthy,fallback:3aeb980d55fdbcb68dd2ed0b,fallback_group,3aeb980d55fdbcb68dd2ed0b,exclude_unresolved_component
f3d79e10e848af7fb821c5ad,healthy/a7abffa7-2c5e-4bc2-ab36-450ef1129f37___RS_HL 9856.JPG,healthy,PlantVillage:Tomato___healthy:::217.0,verified_group,f728eaa0fb4cb57cca06dd6c,eligible_verified_subset
ddfd12688ec446547f8077bd,healthy/a7c1d137-6609-4659-94ce-81c62f64665e___RS_HL 0195.JPG,healthy,PlantVillage:Tomato___healthy:::49.0,verified_group,57f714d9a2d79454abf4dd39,eligible_verified_subset
110dcc2688b653d899ffb74f,healthy/a7c3088b-6aeb-4e8c-97dd-4661a4cacc38___GH_HL Leaf 186.JPG,healthy,fallback:110dcc2688b653d899ffb74f,fallback_group,f7132137fce50274b8eeec6f,exclude_unresolved_component
78f806d8d9e44cafe53c32be,healthy/a8036d3b-eda1-4309-b2ac-5a409963f4d7___RS_HL 9840.JPG,healthy,PlantVillage:Tomato___healthy:::213.0,verified_group,95a4266c0dcfb4f6515abc0c,eligible_verified_subset
2c83915ad720addbb398285c,healthy/a8070204-763a-47f2-9b83-445c17975cdf___RS_HL 0024.JPG,healthy,PlantVillage:Tomato___healthy:::6.0,verified_group,4b9b58d4a70ff51b7107a18a,eligible_verified_subset
0bbd9b0b073fa6b955c4e34c,healthy/a81e6fb8-3b9f-4b20-be65-b0650a3eee33___RS_HL 0514.JPG,healthy,PlantVillage:Tomato___healthy:::128.0,verified_group,7f931244652748021bbaa6a1,eligible_verified_subset
4ac5f5a56f45694146b2146c,healthy/a8264fd4-d1e7-4114-b1e1-51b0f141db03___GH_HL Leaf 243.JPG,healthy,fallback:4ac5f5a56f45694146b2146c,fallback_group,4ac5f5a56f45694146b2146c,exclude_unresolved_component
d451a03bcd4aa6bc5710dc39,healthy/a882bb71-3c0f-4778-94db-9a228cfe619a___RS_HL 0095.JPG,healthy,PlantVillage:Tomato___healthy:::24.0,verified_group,ede464d6e7b3cf7789d0028b,eligible_verified_subset
71d050eb25f1baa0d497c0b9,healthy/a8fffa7c-14eb-4b8c-8628-7349dd2a4561___RS_HL 9925.JPG,healthy,PlantVillage:Tomato___healthy:::233.0,verified_group,71d050eb25f1baa0d497c0b9,eligible_verified_subset
9eaeb6806fc7aad45aaf003e,healthy/a90b4d5b-86f9-48ae-9ede-ae3ac462f9bc___RS_HL 9872.JPG,healthy,PlantVillage:Tomato___healthy:::221.0,verified_group,1cf597a739ea45ddd8f08770,eligible_verified_subset
ad2e62bf7e91de727450352d,healthy/a9108826-cab0-429d-9a81-c42b21ee2682___RS_HL 9874.JPG,healthy,PlantVillage:Tomato___healthy:::222.0,verified_group,ae891a4d66df37c24f3d6a40,eligible_verified_subset
850e83b2ca2e61f6df87fb94,healthy/a91df7a3-b064-4edb-8556-686598d0bdea___RS_HL 0317.JPG,healthy,PlantVillage:Tomato___healthy:::79.0,verified_group,1a1408bff0636468b13566c4,eligible_verified_subset
ed843ea632b18e53b5f6dba8,healthy/a98d00cf-f048-44d7-b82b-3328a8e891b3___RS_HL 0585.JPG,healthy,PlantVillage:Tomato___healthy:::145.0,verified_group,914511f28edc698ccf453716,eligible_verified_subset
9f0fbf519721b441f00c04e1,healthy/a9c274c1-698c-4840-984b-8cb34e7ae97b___RS_HL 0224.JPG,healthy,PlantVillage:Tomato___healthy:::56.0,verified_group,e15400025d4ffb8bc8eb5b6d,eligible_verified_subset
8653641b83291b254ac70356,healthy/a9ebbd1c-8e4f-4ff9-b126-401cf57d3e4c___RS_HL 0328.JPG,healthy,PlantVillage:Tomato___healthy:::82.0,verified_group,4f44d8c6ba652f9bab03ed8f,eligible_verified_subset
97a4afd845ed2838f67acb25,healthy/aa0058b5-2857-40fd-8b40-24d728574aec___RS_HL 0415.JPG,healthy,PlantVillage:Tomato___healthy:::104.0,verified_group,97a4afd845ed2838f67acb25,eligible_verified_subset
79a6272aa626a47649eab32d,healthy/aa464ad5-f7d0-44ee-9042-fb4a4a64b7cd___RS_HL 9936.JPG,healthy,PlantVillage:Tomato___healthy:::236.0,verified_group,77aaacfec2926da5404834db,eligible_verified_subset
faf89b59a1b2baea5d7b9bfb,healthy/aadb9f92-d885-4a69-a498-437b1edeab90___RS_HL 9959.JPG,healthy,PlantVillage:Tomato___healthy:::242.0,verified_group,ee63e4707e6dbaacdd3124bf,eligible_verified_subset
128814b85c07d2edcd116947,healthy/ab1658d8-ef48-4068-b2b5-ce49fb3d06c0___GH_HL Leaf 397.1.JPG,healthy,fallback:128814b85c07d2edcd116947,fallback_group,128814b85c07d2edcd116947,exclude_unresolved_component
62134430864d104d0a874b4a,healthy/ab19440f-0642-4dd8-820f-2f67d5abee98___RS_HL 0172.JPG,healthy,PlantVillage:Tomato___healthy:::43.0,verified_group,2898fcc79a57e69f373b9554,eligible_verified_subset
047c576235feb7cfff7fd247,healthy/ab203172-45d2-492f-94e0-6d15a1d34209___RS_HL 9831.JPG,healthy,PlantVillage:Tomato___healthy:::211.0,verified_group,c968338d0c47904ae2233b55,eligible_verified_subset
079a529795f357776b91b74d,healthy/ab43ead0-0a4c-4069-8c29-43310eb145e1___GH_HL Leaf 419.JPG,healthy,fallback:079a529795f357776b91b74d,fallback_group,079a529795f357776b91b74d,exclude_unresolved_component
ac6da9df01a2a14c240262fa,healthy/ab8170dd-6785-4298-a0a3-d2d40e9e6558___RS_HL 0192.JPG,healthy,PlantVillage:Tomato___healthy:::48.0,verified_group,a9c97eff48b1388c81895ea3,eligible_verified_subset
397abb65d7857edf4b38b5ed,healthy/abaaf21a-3c59-4a00-825e-2f05f045bbf9___RS_HL 0066.JPG,healthy,PlantVillage:Tomato___healthy:::16.0,verified_group,bd6e154513696beb7bab1ed7,eligible_verified_subset
2518e28cd1aa1aad9994d815,healthy/abab2c83-54cb-4427-b239-7f55be4d7f78___RS_HL 9709.JPG,healthy,PlantVillage:Tomato___healthy:::180.0,verified_group,71a906cb1c89d7db981cbea1,eligible_verified_subset
f3ababb7b22266aa26b41e8f,healthy/ac022a2b-764c-4507-8dd9-4470b75763e4___RS_HL 9937.JPG,healthy,PlantVillage:Tomato___healthy:::236.0,verified_group,77aaacfec2926da5404834db,eligible_verified_subset
74a4464aeefd54da2e338bcc,healthy/ac249839-fe21-45cd-9e09-f0023fa7ee3a___GH_HL Leaf 273.JPG,healthy,fallback:74a4464aeefd54da2e338bcc,fallback_group,74a4464aeefd54da2e338bcc,exclude_unresolved_component
9abc64ad9b094aaf9d7588d5,healthy/acdbf632-8d26-472d-874f-6d7df5cd0432___RS_HL 9897.JPG,healthy,PlantVillage:Tomato___healthy:::227.0,verified_group,7ad11f38c4f55391f21781f6,eligible_verified_subset
d16af84f6fa3de181a9e885a,healthy/acdf2283-0e7c-4ccd-8817-1019e3a8ed20___RS_HL 9943.JPG,healthy,PlantVillage:Tomato___healthy:::238.0,verified_group,6307a2374901a419c849a592,eligible_verified_subset
2296b0e173dda18219de6360,healthy/acf28842-7821-4f31-ab73-2787e332e852___RS_HL 0011.JPG,healthy,PlantVillage:Tomato___healthy:::3.0,verified_group,38fe6de4ee0dcf0236a58b0d,eligible_verified_subset
16f9076181210457cfa04869,healthy/ad270b53-60f2-4d27-8d7a-54d8f60f268b___RS_HL 0253.JPG,healthy,PlantVillage:Tomato___healthy:::63.0,verified_group,326585c9aba41894f77b3519,eligible_verified_subset
1eb1e89952e7c01ef5f2b475,healthy/ad6857d9-7cf0-42ec-b61b-7b5208863831___RS_HL 0320.JPG,healthy,PlantVillage:Tomato___healthy:::80.0,verified_group,a10f72663553d305765e50c7,eligible_verified_subset
c104554db175bd65e7d52671,healthy/ad8359a4-48b9-4469-a012-ed9b220de38e___GH_HL Leaf 285.1.JPG,healthy,fallback:c104554db175bd65e7d52671,fallback_group,c104554db175bd65e7d52671,exclude_unresolved_component
638d7fc4a6b82a42e94c9973,healthy/adb15e56-fb9c-4b1f-aae1-4ec8bedecd1b___RS_HL 9712.JPG,healthy,PlantVillage:Tomato___healthy:::181.0,verified_group,3a462968f86bb6de088d2ffe,eligible_verified_subset
f2560e25962abcca810a2675,healthy/adc79be8-ca9e-4cf7-b62c-453e0e5fbdec___GH_HL Leaf 307.1.JPG,healthy,fallback:f2560e25962abcca810a2675,fallback_group,f2560e25962abcca810a2675,exclude_unresolved_component
62ef0c873a604283db83fcfc,healthy/adeea527-67a9-4426-8b18-221fe085fe87___RS_HL 0008.JPG,healthy,PlantVillage:Tomato___healthy:::2.0,verified_group,f899da3ac86bfa9625ddbf93,eligible_verified_subset
bc09f1a4f2a6626590c8cd18,healthy/ae0ad0c2-8693-4aff-8c4b-2f4d2d6f7f41___RS_HL 0454.JPG,healthy,PlantVillage:Tomato___healthy:::113.0,verified_group,bd96b0d9be8c08e72bd5c9ee,eligible_verified_subset
5851a635d0c6837436c22bd0,healthy/ae17a302-03cb-48c7-aee2-6d9a859ce5dc___RS_HL 9811.JPG,healthy,PlantVillage:Tomato___healthy:::206.0,verified_group,183f1c39e171b146ba2b1a25,eligible_verified_subset
8f1fe228b6ab95992c075aa9,healthy/ae3582b0-2528-4534-954b-1f9b1372c10f___RS_HL 9861.JPG,healthy,PlantVillage:Tomato___healthy:::218.0,verified_group,9307a79f917375a5594a80ca,eligible_verified_subset
d68cbd11f1bb4290637617e8,healthy/ae7304a4-58ad-4a45-aab4-6f18ee303a43___RS_HL 0183.JPG,healthy,PlantVillage:Tomato___healthy:::46.0,verified_group,f4bebc3df19197baf64f0274,eligible_verified_subset
54ea8e5e97952b7ba7562000,healthy/ae745e4a-eecc-40dd-b860-25bdee6729e3___GH_HL Leaf 417.2.JPG,healthy,fallback:54ea8e5e97952b7ba7562000,fallback_group,54ea8e5e97952b7ba7562000,exclude_unresolved_component
f89505c4004c662d5d59c680,healthy/aeff16e4-99f8-4111-ac3b-b69dcc4c7b2c___RS_HL 0581.JPG,healthy,PlantVillage:Tomato___healthy:::144.0,verified_group,d4ec09c2fbfe9b86840c3e0e,eligible_verified_subset
bd4365886a647721f48e48ca,healthy/af409ada-072e-4b27-ab15-5cd00116f82e___RS_HL 9824.JPG,healthy,PlantVillage:Tomato___healthy:::209.0,verified_group,27531ee20eb00d3df551c9e1,eligible_verified_subset
f2d8da40afab590feef2c0fa,healthy/af78f888-bd62-44bb-8223-6be0cf0950fc___GH_HL Leaf 491.JPG,healthy,fallback:f2d8da40afab590feef2c0fa,fallback_group,f2d8da40afab590feef2c0fa,exclude_unresolved_component
63ce3ef359b39a83378f87c6,healthy/af83b40a-8cac-4467-a44b-1a129b25e4fc___GH_HL Leaf 362.1.JPG,healthy,fallback:63ce3ef359b39a83378f87c6,fallback_group,63ce3ef359b39a83378f87c6,exclude_unresolved_component
dec5eb2edf6efaedd97da6a1,healthy/afb36858-a9e4-45d0-8b7a-2e4a8e8bf72c___RS_HL 0286.JPG,healthy,PlantVillage:Tomato___healthy:::71.0,verified_group,c4a7dc59b90485e4faac296c,eligible_verified_subset
d8f8f1e5abbc2d1f341825af,healthy/afbedba8-4d3a-4816-9c55-bd666d262b59___RS_HL 9841.JPG,healthy,PlantVillage:Tomato___healthy:::213.0,verified_group,95a4266c0dcfb4f6515abc0c,eligible_verified_subset
3b4ae37adb156f5ecce05d1c,healthy/b089aa0a-1778-4c3d-ad5d-7997a9b97dbb___GH_HL Leaf 481.JPG,healthy,fallback:3b4ae37adb156f5ecce05d1c,fallback_group,3b4ae37adb156f5ecce05d1c,exclude_unresolved_component
40041936839c4abc62c43931,healthy/b0bf12cb-8868-4762-bd27-8cb3ebf69594___GH_HL Leaf 512.1.JPG,healthy,fallback:40041936839c4abc62c43931,fallback_group,40041936839c4abc62c43931,exclude_unresolved_component
3689230825bc7264ebfafcf6,healthy/b114c6fb-8ce0-4342-8e31-00ad83c1e1a5___RS_HL 0358.JPG,healthy,PlantVillage:Tomato___healthy:::89.0,verified_group,5e1db6ca21c87612d2f8bf4d,eligible_verified_subset
e7553871547449712fa50842,healthy/b1bbc0cc-730b-4154-85df-4e1de49f19f9___RS_HL 0384.JPG,healthy,PlantVillage:Tomato___healthy:::96.0,verified_group,1fab6225301b8ba329e65e10,eligible_verified_subset
ca23d35e026ba3fdfb77cbfd,healthy/b1e628a8-b250-4ee7-9d3f-60f93a6a556b___RS_HL 0148.JPG,healthy,PlantVillage:Tomato___healthy:::37.0,verified_group,58006ba4980d6d7dadeed297,eligible_verified_subset
59b57bce564632e71d388afb,healthy/b1f50b66-747a-4394-ae03-1d5c201c1bb8___RS_HL 9664.JPG,healthy,PlantVillage:Tomato___healthy:::169.0,verified_group,f5446021eb3eabed0df29455,eligible_verified_subset
494086287b3a4b201fd9e2d0,healthy/b208c306-c151-4941-85f0-47735d9b6984___RS_HL 0263.JPG,healthy,PlantVillage:Tomato___healthy:::66.0,verified_group,fdbd4c4a35e60ca5c19523cb,eligible_verified_subset
babb2c6ab8891d87c6f4becf,healthy/b212b78d-286a-4eec-b5b2-194ce2511695___GH_HL Leaf 345.1.JPG,healthy,fallback:babb2c6ab8891d87c6f4becf,fallback_group,babb2c6ab8891d87c6f4becf,exclude_unresolved_component
c644602b019c628f9853bdf5,healthy/b2497a4d-6951-46d3-810b-7072e908eea9___RS_HL 9907.JPG,healthy,PlantVillage:Tomato___healthy:::230.0,verified_group,b0eb0165a4054970f0710116,eligible_verified_subset
44a383ab55c5b9992fbb7561,healthy/b2639bc5-e165-4cdd-8557-fa73c6d4137f___RS_HL 0072.JPG,healthy,PlantVillage:Tomato___healthy:::18.0,verified_group,81533ee965dc199d56c99b2e,eligible_verified_subset
fa47f30e30789f5faf5459e9,healthy/b2652ef9-f0d2-4039-b40a-520073551b16___RS_HL 0009.JPG,healthy,PlantVillage:Tomato___healthy:::2.0,verified_group,f899da3ac86bfa9625ddbf93,eligible_verified_subset
3264adb311335e97f79a6ecf,healthy/b2793705-a666-4ba0-ac9f-3b60fc0bbdf4___RS_HL 0342.JPG,healthy,PlantVillage:Tomato___healthy:::85.0,verified_group,7b98c76a802995db536dafc4,eligible_verified_subset
8f59041cfeac1e2c4dd23d11,healthy/b286becf-e2d6-4269-aaf4-e2df25c80cba___RS_HL 0355.JPG,healthy,PlantVillage:Tomato___healthy:::89.0,verified_group,5e1db6ca21c87612d2f8bf4d,eligible_verified_subset
915f3c3f7b8cace09c3e937e,healthy/b2deac55-9527-41dc-9b02-36097d4a8d21___RS_HL 0152.JPG,healthy,PlantVillage:Tomato___healthy:::38.0,verified_group,fe484730fd91612be2d9251f,eligible_verified_subset
72ef8d245ffec028789a87bb,healthy/b2e63ab4-09d6-4b43-8767-6ce042e080b5___RS_HL 0309.JPG,healthy,PlantVillage:Tomato___healthy:::77.0,verified_group,ba816bda7f19ea9e171ba4ca,eligible_verified_subset
b394c75544dab7439aeab96b,healthy/b3813caa-82f2-4b9b-a5ef-a9f0db6f08bf___GH_HL Leaf 466.JPG,healthy,fallback:b394c75544dab7439aeab96b,fallback_group,b394c75544dab7439aeab96b,exclude_unresolved_component
1738efe71b992dd07dcb898b,healthy/b3e24070-34b9-4dcb-8c84-026affadfb4b___GH_HL Leaf 360.JPG,healthy,fallback:1738efe71b992dd07dcb898b,fallback_group,1738efe71b992dd07dcb898b,exclude_unresolved_component
5c67e6aed097f86003c4df00,healthy/b3e76dfe-eeb0-4edf-a93c-bb7964ff57eb___GH_HL Leaf 210.4.JPG,healthy,fallback:5c67e6aed097f86003c4df00,fallback_group,5c67e6aed097f86003c4df00,exclude_unresolved_component
4155ff2f09a606973fddcfb6,healthy/b3eaae0f-95b4-4bb5-89b5-4460cf79e554___RS_HL 0583.JPG,healthy,PlantVillage:Tomato___healthy:::145.0,verified_group,914511f28edc698ccf453716,eligible_verified_subset
d6644e46f0bc1594279f2640,healthy/b3ff240c-bcdd-4926-9e87-c515cd6c2971___GH_HL Leaf 409.JPG,healthy,fallback:d6644e46f0bc1594279f2640,fallback_group,d6644e46f0bc1594279f2640,exclude_unresolved_component
cbda3fb8ba276070e5a3c42c,healthy/b41196ab-88ea-4057-bf87-b1435d5a0d1d___GH_HL Leaf 258.1.JPG,healthy,fallback:cbda3fb8ba276070e5a3c42c,fallback_group,cbda3fb8ba276070e5a3c42c,exclude_unresolved_component
bc2ff892498e4343b47a3ac8,healthy/b427ec05-0b9a-45c6-8148-cbddad66e99d___GH_HL Leaf 516.3.JPG,healthy,fallback:bc2ff892498e4343b47a3ac8,fallback_group,bc2ff892498e4343b47a3ac8,exclude_unresolved_component
41e3314144a7e8fa6436e5f8,healthy/b485c91b-36c7-42be-9572-69327a0ece88___RS_HL 9678.JPG,healthy,PlantVillage:Tomato___healthy:::173.0,verified_group,2dd3bbbbd31ab1b6e8388837,eligible_verified_subset
d5055c38073141acb873249d,healthy/b48b9ce8-56ae-4ada-b90d-148b253d8a74___GH_HL Leaf 184.JPG,healthy,fallback:d5055c38073141acb873249d,fallback_group,d5055c38073141acb873249d,exclude_unresolved_component
ca0c3890a065a7a52acc289b,healthy/b4a648b8-4132-4bfa-9a7d-13c1a8696c9b___GH_HL Leaf 295.1.JPG,healthy,fallback:ca0c3890a065a7a52acc289b,fallback_group,ca0c3890a065a7a52acc289b,exclude_unresolved_component
78b126fa095eaf5a412f9c6d,healthy/b4a854a1-cd40-4bac-b377-97fc49b8314c___RS_HL 9628.JPG,healthy,PlantVillage:Tomato___healthy:::160.0,verified_group,647b93a4e76a662930bad38b,eligible_verified_subset
40c4afa1a3af37292d20955e,healthy/b4c862d2-74e7-44c7-be0e-226be86da648___RS_HL 9725.JPG,healthy,PlantVillage:Tomato___healthy:::184.0,verified_group,40c4afa1a3af37292d20955e,eligible_verified_subset
33bdf9a68a212da4547c78be,healthy/b4f405ee-4471-4af5-b0c1-a4bc2aed730e___GH_HL Leaf 358.1.JPG,healthy,fallback:33bdf9a68a212da4547c78be,fallback_group,33bdf9a68a212da4547c78be,exclude_unresolved_component
98541939550e3250a8599475,healthy/b5142952-d782-4b4a-bf1b-db96da849191___RS_HL 0081.JPG,healthy,PlantVillage:Tomato___healthy:::20.0,verified_group,ced6b9c659e75dcf4aa662a9,eligible_verified_subset
5aa38cc9433957629abb962f,healthy/b5453c78-26b4-40ef-a460-c878eb82fcea___RS_HL 9968.JPG,healthy,PlantVillage:Tomato___healthy:::244.0,verified_group,c95eb81a022cdce82011318b,eligible_verified_subset
1adfca4cf3c4f4b66c4ef281,healthy/b5631e3d-6e99-41f0-a36f-fe45e352278b___RS_HL 9835.JPG,healthy,PlantVillage:Tomato___healthy:::212.0,verified_group,46fa0719a3c92035a6f10ef9,eligible_verified_subset
f96dad23499de27bfa7f1f52,healthy/b593dd4e-e792-4469-a855-109e9edbe1ce___RS_HL 9796.JPG,healthy,PlantVillage:Tomato___healthy:::202.0,verified_group,a8c3bedb7ef7fdb40c9a4a87,eligible_verified_subset
7932a5de95759b4479ba8258,healthy/b59425a2-e983-49c8-a9fd-61da8f38e7f3___RS_HL 0537.JPG,healthy,PlantVillage:Tomato___healthy:::134.0,verified_group,565d6417181f5e80cf1beaf8,eligible_verified_subset
6da939f1aece22ddc8c1ab6f,healthy/b5d4e7f6-24a7-4151-8035-07fef4f6f726___RS_HL 9771.JPG,healthy,PlantVillage:Tomato___healthy:::196.0,verified_group,8b072cfb2b6d3c36a723c050,eligible_verified_subset
703738693384b2848165a06e,healthy/b5f50782-f831-4b0c-821d-3d60879b4758___RS_HL 0064.JPG,healthy,PlantVillage:Tomato___healthy:::16.0,verified_group,bd6e154513696beb7bab1ed7,eligible_verified_subset
b6d16932700bd0d75875404e,healthy/b5ff3a01-04bd-47d0-99c5-cb90ec1f9916___RS_HL 9804.JPG,healthy,PlantVillage:Tomato___healthy:::204.0,verified_group,73fd8b54eb628f7424dfe68a,eligible_verified_subset
e5b3193b02200a46cb6c2739,healthy/b6185c0e-e2ea-4283-b808-c37ee374b776___RS_HL 0094.JPG,healthy,PlantVillage:Tomato___healthy:::23.0,verified_group,9244b4d5c1ca02c0c1f24a79,eligible_verified_subset
40c1fd437cd4e7a0d83a43f8,healthy/b6256250-7248-410b-b369-08cb07166099___GH_HL Leaf 452.JPG,healthy,fallback:40c1fd437cd4e7a0d83a43f8,fallback_group,40c1fd437cd4e7a0d83a43f8,exclude_unresolved_component
40fc339125c59640d26b5486,healthy/b632d565-2883-4d01-a994-2068433bac08___RS_HL 9843.JPG,healthy,PlantVillage:Tomato___healthy:::214.0,verified_group,99e959edf6d58cc109eef4f4,eligible_verified_subset
4a9683e3ce1c2eff62c43e83,healthy/b65ccffe-a2fc-44d1-b56f-c8e97db5232e___RS_HL 0120.JPG,healthy,PlantVillage:Tomato___healthy:::30.0,verified_group,ad029ebd5e40f0d4afce2919,eligible_verified_subset
81cacd42d956f8cd3709418c,healthy/b6690f04-b49a-43eb-8804-67eeffae7950___RS_HL 0518.JPG,healthy,PlantVillage:Tomato___healthy:::129.0,verified_group,43c4bf9de4b1c5d3c6cce6cf,eligible_verified_subset
03f4dc40dbf03fba2240fe22,healthy/b66ce067-f338-4ae5-8f62-578ce164456a___RS_HL 0610.JPG,healthy,PlantVillage:Tomato___healthy:::151.0,verified_group,88177ce02c4d567bf22f446b,eligible_verified_subset
82a68614134743303be6c511,healthy/b6714886-142d-44dd-9fda-f9481bb28fcb___RS_HL 9978.JPG,healthy,PlantVillage:Tomato___healthy:::247.0,verified_group,651c947f25c59f05ddff2e91,eligible_verified_subset
0be6a57ef653633e8a25b4c4,healthy/b67b2bfe-af4a-45ce-8df0-ab679ac9c559___RS_HL 9797.JPG,healthy,PlantVillage:Tomato___healthy:::202.0,verified_group,a8c3bedb7ef7fdb40c9a4a87,eligible_verified_subset
171344757a199eb73eb731a6,healthy/b6fa2d79-dac1-42c6-a074-9d013843bb11___GH_HL Leaf 276.1.JPG,healthy,fallback:171344757a199eb73eb731a6,fallback_group,171344757a199eb73eb731a6,exclude_unresolved_component
f1a2f7daf1abcc6243e74e59,healthy/b7aea5b5-5db2-4861-b322-63af0162770c___RS_HL 9837.JPG,healthy,PlantVillage:Tomato___healthy:::212.0,verified_group,46fa0719a3c92035a6f10ef9,eligible_verified_subset
bdff1fdaee96dbdabc3c87af,healthy/b7dd82f7-99d1-4abf-914e-9a0a88dda675___RS_HL 0046.JPG,healthy,PlantVillage:Tomato___healthy:::11.0,verified_group,282dbad74731e1155407b104,eligible_verified_subset
5f49218fc15f6d192e28b47f,healthy/b7e3a280-a031-475d-95b2-a1d2f0f49e02___GH_HL Leaf 279.JPG,healthy,fallback:5f49218fc15f6d192e28b47f,fallback_group,5f49218fc15f6d192e28b47f,exclude_unresolved_component
c74704e2192bb4b598d83b32,healthy/b7e6f4d6-faa0-49a7-a977-53ddcaaa721e___RS_HL 0186.JPG,healthy,PlantVillage:Tomato___healthy:::46.0,verified_group,f4bebc3df19197baf64f0274,eligible_verified_subset
3a814fd91dd06bd1c8b33c51,healthy/b840b04b-5909-4e35-beb8-7f53098975b1___RS_HL 0324.JPG,healthy,PlantVillage:Tomato___healthy:::81.0,verified_group,3a814fd91dd06bd1c8b33c51,eligible_verified_subset
d11914ffb6587b040810899e,healthy/b840daeb-319f-4cf3-b2a0-3010387fd5d3___GH_HL Leaf 493.JPG,healthy,fallback:d11914ffb6587b040810899e,fallback_group,d11914ffb6587b040810899e,exclude_unresolved_component
80823aeda0ab0d5e15c8b4cc,healthy/b842ca3c-1910-4ff3-8691-c7759830651a___RS_HL 9784.JPG,healthy,PlantVillage:Tomato___healthy:::199.0,verified_group,8b5270f0ea4fb825c5efa958,eligible_verified_subset
fedb0eaa1b2c6acc8998e935,healthy/b89c8996-9a04-45fe-a517-97e23227881c___GH_HL Leaf 430.JPG,healthy,fallback:fedb0eaa1b2c6acc8998e935,fallback_group,fedb0eaa1b2c6acc8998e935,exclude_unresolved_component
3e07661e94347b83c60e4d88,healthy/b8af2ce5-8429-4842-8ebc-c9d1ac9ed96f___GH_HL Leaf 301.JPG,healthy,fallback:3e07661e94347b83c60e4d88,fallback_group,3e07661e94347b83c60e4d88,exclude_unresolved_component
de5c48385bd25447f7fa3ea8,healthy/b8b8bef0-e86c-47ae-ba47-7912b10beffe___GH_HL Leaf 302.JPG,healthy,fallback:de5c48385bd25447f7fa3ea8,fallback_group,de5c48385bd25447f7fa3ea8,exclude_unresolved_component
2b441d087ecd6e319348e4ed,healthy/b9046af2-28a7-4546-9107-1ae6d0bb7de7___RS_HL 0174.JPG,healthy,PlantVillage:Tomato___healthy:::43.0,verified_group,2898fcc79a57e69f373b9554,eligible_verified_subset
84085b9259329395a959e748,healthy/b912741f-b778-4e29-98d0-eb33de28c180___RS_HL 9656.JPG,healthy,PlantVillage:Tomato___healthy:::167.0,verified_group,84085b9259329395a959e748,eligible_verified_subset
cb086881984f9b69e41df823,healthy/b917c931-67a8-4a67-9055-858c5e329b37___RS_HL 0590.JPG,healthy,PlantVillage:Tomato___healthy:::146.0,verified_group,c7c99e29d62e17f08a85befb,eligible_verified_subset
9a2aabb5dc9eb0632f257c33,healthy/b91da997-c7c4-44aa-b00c-e558887d0ba6___GH_HL Leaf 368.1.JPG,healthy,fallback:9a2aabb5dc9eb0632f257c33,fallback_group,9a2aabb5dc9eb0632f257c33,exclude_unresolved_component
3b5171187c0b993b42db9791,healthy/b923ed54-63ad-49f8-8881-ebd654c5821c___RS_HL 0359.JPG,healthy,PlantVillage:Tomato___healthy:::90.0,verified_group,246a135cace8ab5e08f8ff93,eligible_verified_subset
a9910450ae18809166bcba02,healthy/b92d2f0f-ba99-44bd-be14-a5ad7763543f___RS_HL 9953.JPG,healthy,PlantVillage:Tomato___healthy:::240.0,verified_group,05e34803f9d268ff59694941,eligible_verified_subset
7c0e519d61966427784538c1,healthy/b951fffc-404c-4b85-a7ec-fe8b4f9a15fa___RS_HL 0540.JPG,healthy,PlantVillage:Tomato___healthy:::135.0,verified_group,31fbaadd91e88166e76c0f74,eligible_verified_subset
3b139413ad96d94b30174c64,healthy/b95435ea-5649-465e-83cc-247d1ab11b54___GH_HL Leaf 203.JPG,healthy,fallback:3b139413ad96d94b30174c64,fallback_group,3b139413ad96d94b30174c64,exclude_unresolved_component
6dc772eabe89cf1af2643cd3,healthy/b995ac55-e42d-4fb6-9b91-310a4d046c21___RS_HL 9668.JPG,healthy,PlantVillage:Tomato___healthy:::170.0,verified_group,33e589d019eb5495a4a780a8,eligible_verified_subset
0fefe718371c7d52897bef15,healthy/b9c8c02c-146e-4d10-b16d-d6d4b245eff9___GH_HL Leaf 233.1.JPG,healthy,fallback:0fefe718371c7d52897bef15,fallback_group,0fefe718371c7d52897bef15,exclude_unresolved_component
4895aef36c98410b4fa0899f,healthy/ba09e9e0-fafc-4303-b1e3-136fa924d339___RS_HL 0403.JPG,healthy,PlantVillage:Tomato___healthy:::101.0,verified_group,4895aef36c98410b4fa0899f,eligible_verified_subset
afcb6df3d37a437e649caffa,healthy/ba4daa67-29a8-4d0b-a21e-a27406bb840d___RS_HL 9714.JPG,healthy,PlantVillage:Tomato___healthy:::182.0,verified_group,954a1a5cbadbb4645c34db6f,eligible_verified_subset
c5924f74c1a63c1c155fba3a,healthy/ba541656-6ae6-4471-8c17-7144e4c23edf___RS_HL 9947.JPG,healthy,PlantVillage:Tomato___healthy:::239.0,verified_group,79299f1e6fc31c3c34f7d2a6,eligible_verified_subset
d893f78adbfd117871427cfd,healthy/ba5a98fb-b13c-4984-984f-d05a60ad9dfb___RS_HL 9716.JPG,healthy,PlantVillage:Tomato___healthy:::182.0,verified_group,954a1a5cbadbb4645c34db6f,eligible_verified_subset
6d203fccd0bf3643159e7681,healthy/ba6d8256-1d1e-4642-b7f1-8e0f220fb0a4___GH_HL Leaf 359.JPG,healthy,fallback:6d203fccd0bf3643159e7681,fallback_group,6d203fccd0bf3643159e7681,exclude_unresolved_component
b119cc476fad11a85dc56b32,healthy/bab33032-182b-43c7-8eea-392267cd11ef___RS_HL 9822.JPG,healthy,PlantVillage:Tomato___healthy:::209.0,verified_group,27531ee20eb00d3df551c9e1,eligible_verified_subset
5374d37d087f69e447a1b542,healthy/bad3b814-de59-4c37-8f47-00ed153f7e4f___RS_HL 0214.JPG,healthy,PlantVillage:Tomato___healthy:::53.0,verified_group,099bdbad9374de937400f316,eligible_verified_subset
285d6ada1ece10cb9696cc19,healthy/badfd45d-417f-4735-8abc-fd20a5393778___RS_HL 0205.JPG,healthy,PlantVillage:Tomato___healthy:::51.0,verified_group,1c42d75b55397abfc96de13e,eligible_verified_subset
494485abfd58d38c16f2bf04,healthy/bae543d4-d61d-45e6-aa0c-eaf45af53456___GH_HL Leaf 349.JPG,healthy,fallback:494485abfd58d38c16f2bf04,fallback_group,494485abfd58d38c16f2bf04,exclude_unresolved_component
382acfe79a03f140d4c0fe01,healthy/bb06c1c7-3f4d-45d0-8882-b2eb8861b834___GH_HL Leaf 372.JPG,healthy,fallback:382acfe79a03f140d4c0fe01,fallback_group,382acfe79a03f140d4c0fe01,exclude_unresolved_component
3996af5f55d325a15c199309,healthy/bb0d7ad0-8374-41a1-85bd-699892bb8431___RS_HL 0176.JPG,healthy,PlantVillage:Tomato___healthy:::44.0,verified_group,1df73ac1b210a135c7149542,eligible_verified_subset
014dcd178e2558d74eac9909,healthy/bb49e566-90cf-48c2-ae3a-83b7f362b703___RS_HL 0347.JPG,healthy,PlantVillage:Tomato___healthy:::87.0,verified_group,4213117e9e0ed5664860b6fd,eligible_verified_subset
d578464ffcd3f5ae9c0cb863,healthy/bb7bfa73-7bd8-4703-a175-5843c00851ac___RS_HL 0517.JPG,healthy,PlantVillage:Tomato___healthy:::129.0,verified_group,43c4bf9de4b1c5d3c6cce6cf,eligible_verified_subset
731b3100480faca5528c2303,healthy/bb7e22d2-f187-4358-a78a-0ea71ecfadcb___RS_HL 9818.JPG,healthy,PlantVillage:Tomato___healthy:::208.0,verified_group,0d984f55170db100c15dbeb8,eligible_verified_subset
aa0480776a257abee6d3fe45,healthy/bb8861fc-350e-49da-86aa-1b475a2d5442___GH_HL Leaf 325.JPG,healthy,fallback:aa0480776a257abee6d3fe45,fallback_group,aa0480776a257abee6d3fe45,exclude_unresolved_component
dfaf4ef03f18dc6c24060adb,healthy/bb8b0b14-a5f5-4c11-887f-71aed1864d84___GH_HL Leaf 409.1.JPG,healthy,fallback:dfaf4ef03f18dc6c24060adb,fallback_group,dfaf4ef03f18dc6c24060adb,exclude_unresolved_component
742c06c7c9d7d842c924a8d3,healthy/bb9683d5-9302-4525-bd77-05153f65ffa3___RS_HL 0623.JPG,healthy,PlantVillage:Tomato___healthy:::154.0,verified_group,6688d6f637c9e29b2db8ef23,eligible_verified_subset
001b6280aed89c00540040b7,healthy/bc0e8e3d-0cd4-4650-ac73-c099a0b75d4e___GH_HL Leaf 426.1.JPG,healthy,fallback:001b6280aed89c00540040b7,fallback_group,001b6280aed89c00540040b7,exclude_unresolved_component
874337a5b9c1207edee1ce03,healthy/bc21b9df-de42-4899-991c-065035815af4___RS_HL 0569.JPG,healthy,PlantVillage:Tomato___healthy:::142.0,verified_group,bcaf50d9dc92a8feef3474da,eligible_verified_subset
4e36b7b66641a39f4a4742e6,healthy/bc339a85-6c4e-428a-a18e-9174acdcab1e___RS_HL 0513.JPG,healthy,PlantVillage:Tomato___healthy:::128.0,verified_group,7f931244652748021bbaa6a1,eligible_verified_subset
391edb148b231e3ebd9021c3,healthy/bc36c64a-8e37-4275-80e9-81431c4ba98f___GH_HL Leaf 184.2.JPG,healthy,fallback:391edb148b231e3ebd9021c3,fallback_group,391edb148b231e3ebd9021c3,exclude_unresolved_component
4ccc1cf50c9558185c47dd17,healthy/bc3ca9e1-86c1-4945-9993-c61a38a942ed___GH_HL Leaf 294.JPG,healthy,fallback:4ccc1cf50c9558185c47dd17,fallback_group,4ccc1cf50c9558185c47dd17,exclude_unresolved_component
466b8c9a0137a70eae56be46,healthy/bc5416cb-a48f-4ed0-ab8e-0ffd7ef25f12___RS_HL 9992.JPG,healthy,PlantVillage:Tomato___healthy:::249.0,verified_group,76943bfa178015284a3eef61,eligible_verified_subset
4d76f6c1ca16b722d724c99b,healthy/bc5e650e-075e-4359-9f31-79cd0ef3208b___RS_HL 9807.JPG,healthy,PlantVillage:Tomato___healthy:::205.0,verified_group,abc02a6978f95db35f46eb1b,eligible_verified_subset
d4902e62552a9d108efebecf,healthy/bc6175c9-0e00-4618-af5a-3dd43a3e6266___GH_HL Leaf 238.1.JPG,healthy,fallback:d4902e62552a9d108efebecf,fallback_group,d4902e62552a9d108efebecf,exclude_unresolved_component
e29311a610406c481e88f9c1,healthy/bc825946-3ee5-4269-8ba4-202afc766654___RS_HL 0368.JPG,healthy,PlantVillage:Tomato___healthy:::92.0,verified_group,11b700ae62117d0909d43f5f,eligible_verified_subset
7c5fe3f8a2a28634edf2125f,healthy/bca86bca-56dd-4336-afea-5e42b5deec35___RS_HL 0197.JPG,healthy,PlantVillage:Tomato___healthy:::49.0,verified_group,57f714d9a2d79454abf4dd39,eligible_verified_subset
a47998a2ad5ae336ead52a6d,healthy/bcae8241-335d-48f4-ae20-e57b17b29db4___RS_HL 0521.JPG,healthy,PlantVillage:Tomato___healthy:::130.0,verified_group,b93f261b76d2bc91c006bab6,eligible_verified_subset
df30a19eb6285f1cb437762e,healthy/bcf2a4c7-5e73-4443-b39c-74fd6895afb5___GH_HL Leaf 248.1.JPG,healthy,fallback:df30a19eb6285f1cb437762e,fallback_group,df30a19eb6285f1cb437762e,exclude_unresolved_component
4e08eaf53c51e4c8503e1cc9,healthy/bd18b0d8-3ee7-4c96-a2d4-cf8db766c047___GH_HL Leaf 498.2.JPG,healthy,fallback:4e08eaf53c51e4c8503e1cc9,fallback_group,4e08eaf53c51e4c8503e1cc9,exclude_unresolved_component
5ed8e98730a70d4224b04497,healthy/bd4111eb-69bf-44b7-b02c-13477b5dc8e1___GH_HL Leaf 357.JPG,healthy,fallback:5ed8e98730a70d4224b04497,fallback_group,5ed8e98730a70d4224b04497,exclude_unresolved_component
650c82b013a8cdd0a2079efe,healthy/bd531960-92ec-4745-9e25-645decb4b2b0___RS_HL 0542.JPG,healthy,PlantVillage:Tomato___healthy:::135.0,verified_group,31fbaadd91e88166e76c0f74,eligible_verified_subset
ee86387dd9f61b0448a8c5d7,healthy/bd7ec723-4020-4d73-96b4-8c57c94e93fe___GH_HL Leaf 382.2.JPG,healthy,fallback:ee86387dd9f61b0448a8c5d7,fallback_group,ee86387dd9f61b0448a8c5d7,exclude_unresolved_component
e7bcd09de35c947e8a739f72,healthy/be5a8881-cc33-42c0-adc7-52d2380a9902___GH_HL Leaf 505.4.JPG,healthy,fallback:e7bcd09de35c947e8a739f72,fallback_group,516de64bdb118e55976b9608,exclude_unresolved_component
86950ae5ced1cfb63d97f01a,healthy/beaa693e-fa0d-4bde-943a-0a834f251301___RS_HL 0290.JPG,healthy,PlantVillage:Tomato___healthy:::72.0,verified_group,3377452702c18266a94d3691,eligible_verified_subset
852a14c4c1fc8711fa204060,healthy/beb8ecc5-3283-430e-b598-343f6754a752___GH_HL Leaf 328.JPG,healthy,fallback:852a14c4c1fc8711fa204060,fallback_group,852a14c4c1fc8711fa204060,exclude_unresolved_component
6e19c1b7099c0e74530aa741,healthy/beda9c8f-88eb-43c7-9670-60bd8fd5c43e___RS_HL 0038.JPG,healthy,PlantVillage:Tomato___healthy:::9.0,verified_group,8855f826fdc028ea91afdee1,eligible_verified_subset
10799ae374afc8fe7916e447,healthy/bef34d1a-3d57-4b46-a4ac-70702a4ca5db___RS_HL 9799.JPG,healthy,PlantVillage:Tomato___healthy:::203.0,verified_group,eaa61742b33edf3ccbe4aecd,eligible_verified_subset
a99825d5f94f4a7f5de0e54c,healthy/bf0fa071-7128-4b45-b924-3c4b46fbf72f___RS_HL 9932.JPG,healthy,PlantVillage:Tomato___healthy:::235.0,verified_group,e2ead4c36fc8ac409fe1fe86,eligible_verified_subset
05fe0763d8ece0c42f1c5f75,healthy/bf2e072b-f57b-48ce-b155-f255bebd85a2___GH_HL Leaf 317.JPG,healthy,fallback:05fe0763d8ece0c42f1c5f75,fallback_group,05fe0763d8ece0c42f1c5f75,exclude_unresolved_component
43b3c4b146df529970260a1b,healthy/c04a8a0a-2ab7-4494-9fa3-88aea29338d8___RS_HL 0015.JPG,healthy,PlantVillage:Tomato___healthy:::4.0,verified_group,3ed2670854723e734f5119cb,eligible_verified_subset
7bee71b7d528655a629ea5bb,healthy/c09f9b09-e43d-46bd-96d7-bb1162b4bb52___RS_HL 9644.JPG,healthy,PlantVillage:Tomato___healthy:::164.0,verified_group,a5b756e477334f430747a1cd,eligible_verified_subset
5cf066ae139aa83eaab5c771,healthy/c0a9b97c-c80c-4801-a877-7fb009601ddb___RS_HL 0346.JPG,healthy,PlantVillage:Tomato___healthy:::86.0,verified_group,0c45f4ea13b402bcaf505d86,eligible_verified_subset
23992388abf0312f43f34494,healthy/c0b3ea2d-4889-4693-8590-cef2d32b81e3___RS_HL 0370.JPG,healthy,PlantVillage:Tomato___healthy:::92.0,verified_group,11b700ae62117d0909d43f5f,eligible_verified_subset
2447fc55ae40b868f552f7df,healthy/c0c7cd05-de91-47b6-9702-823e34e7d332___RS_HL 0505.JPG,healthy,PlantVillage:Tomato___healthy:::126.0,verified_group,2447fc55ae40b868f552f7df,eligible_verified_subset
8a3583b49614e59fc85dcfa3,healthy/c1041bea-57c1-401c-90e9-c81510f9e45a___RS_HL 0446.JPG,healthy,PlantVillage:Tomato___healthy:::111.0,verified_group,7c2f9985c3ee8dda0b82cb3e,eligible_verified_subset
4e6aef24e7f940b76370d52d,healthy/c11a3cf1-de74-421e-89d0-11ea1508673d___RS_HL 0185.JPG,healthy,PlantVillage:Tomato___healthy:::46.0,verified_group,f4bebc3df19197baf64f0274,eligible_verified_subset
89f7f2a33c8bf101a117156c,healthy/c1413079-dfb4-41c5-b129-bc5b6b419e0e___RS_HL 0133.JPG,healthy,PlantVillage:Tomato___healthy:::33.0,verified_group,94c9aca1e6f69ac64b537e4b,eligible_verified_subset
56bc002b975ebd5046e662df,healthy/c1471859-34d7-495c-b280-82ea8346e99b___RS_HL 0285.JPG,healthy,PlantVillage:Tomato___healthy:::71.0,verified_group,c4a7dc59b90485e4faac296c,eligible_verified_subset
141d347ec8c647ed22f657e1,healthy/c14e3118-373b-4164-8f54-6c4239908d0f___GH_HL Leaf 488.JPG,healthy,fallback:141d347ec8c647ed22f657e1,fallback_group,141d347ec8c647ed22f657e1,exclude_unresolved_component
7737076f74a672f32f574eb1,healthy/c17bbdf8-c589-44bc-a805-6dec51568733___GH_HL Leaf 402.JPG,healthy,fallback:7737076f74a672f32f574eb1,fallback_group,7737076f74a672f32f574eb1,exclude_unresolved_component
2e27522601e805b5e25587a0,healthy/c1aad9bf-ed08-4cb9-9ef0-8c0d4a3de010___GH_HL Leaf 319.JPG,healthy,fallback:2e27522601e805b5e25587a0,fallback_group,2e27522601e805b5e25587a0,exclude_unresolved_component
3b07d3220ad60caa2ea88979,healthy/c1c04a55-0dd5-48e2-9cc6-76bbcc1899fd___GH_HL Leaf 340.1.JPG,healthy,fallback:3b07d3220ad60caa2ea88979,fallback_group,3b07d3220ad60caa2ea88979,exclude_unresolved_component
03a7e07397dd660b9b7b2cb6,healthy/c1dfd66e-7c0c-40a7-8280-0aa1aaf5436b___GH_HL Leaf 431.JPG,healthy,fallback:03a7e07397dd660b9b7b2cb6,fallback_group,03a7e07397dd660b9b7b2cb6,exclude_unresolved_component
b51911a0c9b49f035e479949,healthy/c1fe17e6-7776-4f80-a048-6095504dd0cf___RS_HL 9690.JPG,healthy,PlantVillage:Tomato___healthy:::176.0,verified_group,74cb3b01791bc441b37677d7,eligible_verified_subset
79622414b4d5853999c800ae,healthy/c25ca040-07f4-4882-b5c9-e8083ba994a2___GH_HL Leaf 417.1.JPG,healthy,fallback:79622414b4d5853999c800ae,fallback_group,79622414b4d5853999c800ae,exclude_unresolved_component
9899f654b95b1f544753464a,healthy/c268e18a-6916-43ef-8aa8-f68b1429b7dc___GH_HL Leaf 236.2.JPG,healthy,fallback:9899f654b95b1f544753464a,fallback_group,9899f654b95b1f544753464a,exclude_unresolved_component
c38da0231876069880279c93,healthy/c273003c-f52b-4a40-92f5-c1b8e9da53b7___RS_HL 0372.JPG,healthy,PlantVillage:Tomato___healthy:::93.0,verified_group,04e8b4fe2991f95c308040e9,eligible_verified_subset
2cf304ef0aee66efafee98bc,healthy/c296246d-42ab-4274-9037-df2470e2d3a5___RS_HL 0085.JPG,healthy,PlantVillage:Tomato___healthy:::21.0,verified_group,800d8821e05215b271756236,eligible_verified_subset
39f4373e0f5a4bb3520fa0c9,healthy/c298eb46-4b8f-4a5b-a819-ceabb2fc7211___RS_HL 9677.JPG,healthy,PlantVillage:Tomato___healthy:::172.0,verified_group,1c956795fe91e88d22740581,eligible_verified_subset
808c0099d86b39942f4b2188,healthy/c2c1758f-3576-4e8a-9853-5f11ac4d20d6___GH_HL Leaf 316.1.JPG,healthy,fallback:808c0099d86b39942f4b2188,fallback_group,808c0099d86b39942f4b2188,exclude_unresolved_component
2f589b160d3424a5fdb672c1,healthy/c2f44d15-cc56-44eb-afce-b53e919becb9___GH_HL Leaf 398.JPG,healthy,fallback:2f589b160d3424a5fdb672c1,fallback_group,2f589b160d3424a5fdb672c1,exclude_unresolved_component
fddd0b2c529d22b6c142dd8b,healthy/c30a18fe-8a24-4f0e-9c33-ed8632eead8e___RS_HL 9965.JPG,healthy,PlantVillage:Tomato___healthy:::243.0,verified_group,30893eec57992e0d3cdb2838,eligible_verified_subset
cf3075b856724620d8dbc1cd,healthy/c3724cd0-50c4-4780-8dc8-fe3e9d0d0680___GH_HL Leaf 292.JPG,healthy,fallback:cf3075b856724620d8dbc1cd,fallback_group,cf3075b856724620d8dbc1cd,exclude_unresolved_component
aa5a8b3143df07d309bd8be4,healthy/c3a27dc9-0abc-4828-9163-f55530332cab___GH_HL Leaf 228.JPG,healthy,fallback:aa5a8b3143df07d309bd8be4,fallback_group,aa5a8b3143df07d309bd8be4,exclude_unresolved_component
ce79cab62cfcd4479a4e13ba,healthy/c3dcca18-f12f-4a4d-a90c-563ded6c7df8___RS_HL 9691.JPG,healthy,PlantVillage:Tomato___healthy:::176.0,verified_group,74cb3b01791bc441b37677d7,eligible_verified_subset
b531ce8756f2e0811511e991,healthy/c40b106b-14bf-4af2-88b5-51182169d548___RS_HL 0298.JPG,healthy,PlantVillage:Tomato___healthy:::74.0,verified_group,9d7d9c5e440d764abc728932,eligible_verified_subset
6defe4d3ebb4deb679883818,healthy/c41aefc3-843c-49c9-8c8f-15c0e1dbc507___RS_HL 9857.JPG,healthy,PlantVillage:Tomato___healthy:::217.0,verified_group,f728eaa0fb4cb57cca06dd6c,eligible_verified_subset
8ccfdc38057f9231585fceda,healthy/c4237d59-bfd9-476a-93c1-c0c3c3fef4ef___RS_HL 0068.JPG,healthy,PlantVillage:Tomato___healthy:::17.0,verified_group,8ea8cecad35d1e8cf1496c07,eligible_verified_subset
4a83dde58ee222ca17ccee25,healthy/c4238856-a924-4621-a4eb-3f34668aa23c___RS_HL 0592.JPG,healthy,PlantVillage:Tomato___healthy:::147.0,verified_group,29a4346962469f7e3476d455,eligible_verified_subset
809a51945d2a24aff6b4d151,healthy/c43b1ab2-6886-4f6d-88cb-b01d1c73e1b0___GH_HL Leaf 368.JPG,healthy,fallback:809a51945d2a24aff6b4d151,fallback_group,809a51945d2a24aff6b4d151,exclude_unresolved_component
865e47e853444c90bdfd0e91,healthy/c458d9e4-15b1-41f4-a93b-020d915afd0c___RS_HL 9884.JPG,healthy,PlantVillage:Tomato___healthy:::224.0,verified_group,2a9a1f9bd3367ed995a01587,eligible_verified_subset
2952b28e9a4b4aa355a88b52,healthy/c49577fa-06ce-40f1-ab69-ff21836b5061___GH_HL Leaf 277.2.JPG,healthy,fallback:2952b28e9a4b4aa355a88b52,fallback_group,2952b28e9a4b4aa355a88b52,exclude_unresolved_component
1ae673992fd48fe15e689db6,healthy/c4a237c9-db9d-47c0-a6ec-80ef66070ba9___RS_HL 0438.JPG,healthy,PlantVillage:Tomato___healthy:::109.0,verified_group,11a9215e9f5ed8cd1a401850,eligible_verified_subset
66c21cad0e507747ace51385,healthy/c4a30e2a-f520-4cdc-a58d-7ea1eb7c22e6___GH_HL Leaf 454.JPG,healthy,fallback:66c21cad0e507747ace51385,fallback_group,66c21cad0e507747ace51385,exclude_unresolved_component
913423d309bc933a12847f63,healthy/c52610f1-e253-49ac-bb6f-af3dc1d9c396___GH_HL Leaf 363.1.JPG,healthy,fallback:913423d309bc933a12847f63,fallback_group,913423d309bc933a12847f63,exclude_unresolved_component
71b29a8b36b38ad1db36e3e9,healthy/c52fd532-f7ee-43cc-a286-4ac512d4f5ca___GH_HL Leaf 282.JPG,healthy,fallback:71b29a8b36b38ad1db36e3e9,fallback_group,71b29a8b36b38ad1db36e3e9,exclude_unresolved_component
8c8c60ee2e4345c3b2dd7b4e,healthy/c54a5152-b470-4037-ab1e-59b474c12fc6___RS_HL 9921.JPG,healthy,PlantVillage:Tomato___healthy:::232.0,verified_group,cd636bc6d144bb0eefb4d1b7,eligible_verified_subset
29e6c3e62decc02e91811579,healthy/c56b4a9c-dd6f-48ac-ac94-c4fbf6194031___GH_HL Leaf 364.1.JPG,healthy,fallback:29e6c3e62decc02e91811579,fallback_group,29e6c3e62decc02e91811579,exclude_unresolved_component
d97e7332ead536339e636663,healthy/c5708e70-747e-44d9-ab7f-356157bfe0ec___RS_HL 9813.JPG,healthy,PlantVillage:Tomato___healthy:::206.0,verified_group,183f1c39e171b146ba2b1a25,eligible_verified_subset
3bf095d240130e01a9abd9ac,healthy/c57d8785-87fa-4ac4-af26-048936a5dbf0___RS_HL 0325.JPG,healthy,PlantVillage:Tomato___healthy:::81.0,verified_group,3a814fd91dd06bd1c8b33c51,eligible_verified_subset
54bbc57fc0731e8b75523682,healthy/c586e5df-8410-4690-aee8-25e9ef9df9a5___GH_HL Leaf 178.1.JPG,healthy,fallback:54bbc57fc0731e8b75523682,fallback_group,54bbc57fc0731e8b75523682,exclude_unresolved_component
acd3a3f90203ce0ea08a191b,healthy/c58defb7-5515-4b89-896f-13039c13051f___GH_HL Leaf 372.1.JPG,healthy,fallback:acd3a3f90203ce0ea08a191b,fallback_group,952bd884db09014d03fe4c1c,exclude_unresolved_component
e18756f32a4e5ee35f89bd4c,healthy/c59a5a86-2645-49e0-a6e0-c9e8112f95d5___GH_HL Leaf 166.1.JPG,healthy,fallback:e18756f32a4e5ee35f89bd4c,fallback_group,e18756f32a4e5ee35f89bd4c,exclude_unresolved_component
f67bb888eb876acf05f151bd,healthy/c5db6d9e-4821-4b05-8b44-80ba702a8401___GH_HL Leaf 373.JPG,healthy,fallback:f67bb888eb876acf05f151bd,fallback_group,f67bb888eb876acf05f151bd,exclude_unresolved_component
c561ba3b4c11497b483e9c5f,healthy/c5f1eec0-35c2-43ce-8a14-575d86258f73___RS_HL 0337.JPG,healthy,PlantVillage:Tomato___healthy:::84.0,verified_group,9b4d3b6d0bec43fa0300816c,eligible_verified_subset
65a2e15196f16426fa9e2858,healthy/c60749f0-0791-49ad-a144-503d5e968746___RS_HL 0483.JPG,healthy,PlantVillage:Tomato___healthy:::121.0,verified_group,e9fc87fa2b03df2fb49b41fd,eligible_verified_subset
44c4d0662712f3325ba50a83,healthy/c6acee22-6c56-41a8-ae90-26c6064e0261___GH_HL Leaf 468.JPG,healthy,fallback:44c4d0662712f3325ba50a83,fallback_group,44c4d0662712f3325ba50a83,exclude_unresolved_component
c3612ff95c595f0b8570f3a0,healthy/c6d62e0c-15e0-4e99-8dbd-40e8f7181131___RS_HL 9954.JPG,healthy,PlantVillage:Tomato___healthy:::241.0,verified_group,7bfd178bed5b3ba88a7b363b,eligible_verified_subset
66a9e12d3b7dc0b1eab9b230,healthy/c7a532ff-1b42-4a36-8207-646f8d71d994___RS_HL 0202.JPG,healthy,PlantVillage:Tomato___healthy:::50.0,verified_group,f01e5925cfc36fa0cd9d8b1d,eligible_verified_subset
37d85ea4d42fd90a5072abdb,healthy/c7cedd2f-dfae-4232-9cab-d75197d48948___GH_HL Leaf 226.6.JPG,healthy,fallback:37d85ea4d42fd90a5072abdb,fallback_group,37d85ea4d42fd90a5072abdb,exclude_unresolved_component
234959e05a187f0a4fc3fb8e,healthy/c7db2891-1bfa-4047-8864-66be6cc9e185___RS_HL 0162.JPG,healthy,PlantVillage:Tomato___healthy:::40.0,verified_group,4fda93bb569a318d861af807,eligible_verified_subset
6bae8a209c427ddf3c01418a,healthy/c7e8ea40-31e0-4e96-80e5-7d0adfd73d16___RS_HL 0417.JPG,healthy,PlantVillage:Tomato___healthy:::104.0,verified_group,97a4afd845ed2838f67acb25,eligible_verified_subset
7d29cb25f5770a6fc2a8902c,healthy/c7f91fa4-3769-45ef-a494-1669ee62ee7a___RS_HL 9812.JPG,healthy,PlantVillage:Tomato___healthy:::206.0,verified_group,183f1c39e171b146ba2b1a25,eligible_verified_subset
a89575e77627e2ec629b3863,healthy/c866865c-d239-48ff-9134-92df32fe972a___RS_HL 9791.JPG,healthy,PlantVillage:Tomato___healthy:::201.0,verified_group,7b0c68d3d16547fd585acb28,eligible_verified_subset
63798882f29ac2dbe999cfe7,healthy/c8a610ce-ef41-42b4-ad46-fe82891ac4e0___GH_HL Leaf 258.JPG,healthy,fallback:63798882f29ac2dbe999cfe7,fallback_group,63798882f29ac2dbe999cfe7,exclude_unresolved_component
cea8f9f0d34d29d82af3ca20,healthy/c8b14af0-f81f-474d-8fa9-aa3f5b05c618___RS_HL 0532.JPG,healthy,PlantVillage:Tomato___healthy:::133.0,verified_group,4609afaf6c17c7484331b240,eligible_verified_subset
dc3b9c2ad831f488a571e241,healthy/c8bb9905-8eb3-4d57-9c4b-caa1d4dca255___RS_HL 0243.JPG,healthy,PlantVillage:Tomato___healthy:::61.0,verified_group,d6d7b3587b4d6d221f600def,eligible_verified_subset
c99ba7b09e0d14204f11d65b,healthy/c8c7cb85-d7eb-4d60-b90e-bfe5277b79ad___GH_HL Leaf 277.JPG,healthy,fallback:c99ba7b09e0d14204f11d65b,fallback_group,c99ba7b09e0d14204f11d65b,exclude_unresolved_component
a140d29ae64b8147f3c7b1b7,healthy/c8ecc9a2-c12b-4350-8b3f-451c85d8e08b___RS_HL 0400.JPG,healthy,PlantVillage:Tomato___healthy:::100.0,verified_group,85ce676059643ddf2bbb5bee,eligible_verified_subset
6c9c845bc46038133b3ecef3,healthy/c900278c-3216-4142-8a6c-797143fc9c95___RS_HL 0299.JPG,healthy,PlantVillage:Tomato___healthy:::75.0,verified_group,f9ee6754e6cb327124b40c8f,eligible_verified_subset
83dfcdc0938734c8769f1d0e,healthy/c90b9b00-dbfe-4481-b643-861fcd59c536___RS_HL 0598.JPG,healthy,PlantVillage:Tomato___healthy:::148.0,verified_group,fc2f09f094a7793e42dc1f47,eligible_verified_subset
fda88487b5af9648c5c0fc6f,healthy/c910ce6d-8dd7-4c9f-9530-dd26684058d3___RS_HL 9697.JPG,healthy,PlantVillage:Tomato___healthy:::177.0,verified_group,21f118a4b2b21e2fe177ccf5,eligible_verified_subset
8a2a0d5de33b9caa27ae40fe,healthy/c978eccc-99c6-45d0-879c-713167f863f4___RS_HL 9888.JPG,healthy,PlantVillage:Tomato___healthy:::225.0,verified_group,564cb30a3601e40a8913969f,eligible_verified_subset
d6f27d02f271d543956bd2c9,healthy/c9bc09dd-7a19-46b6-ac5a-d857d50f0e5c___RS_HL 0484.JPG,healthy,PlantVillage:Tomato___healthy:::121.0,verified_group,e9fc87fa2b03df2fb49b41fd,eligible_verified_subset
485ff45509c20a8325a3709b,healthy/c9f92d4b-9d9c-4932-ba1b-bc290987c154___RS_HL 0350.JPG,healthy,PlantVillage:Tomato___healthy:::87.0,verified_group,4213117e9e0ed5664860b6fd,eligible_verified_subset
f9fb2ca0b6b982022e80c008,healthy/ca050e4b-ec58-4b88-a1be-980e908b84d4___RS_HL 0567.JPG,healthy,PlantVillage:Tomato___healthy:::142.0,verified_group,bcaf50d9dc92a8feef3474da,eligible_verified_subset
01825ba83afbcec965c1fae4,healthy/ca15ccb7-1f30-4dd6-aa46-8494a41c3a9d___RS_HL 9757.JPG,healthy,PlantVillage:Tomato___healthy:::192.0,verified_group,8235487f48dff9f35efb0936,eligible_verified_subset
6320e51e3ad1a301382a199a,healthy/ca4e96c1-9bf0-49fb-804f-c895905c0584___GH_HL Leaf 210.2.JPG,healthy,fallback:6320e51e3ad1a301382a199a,fallback_group,6320e51e3ad1a301382a199a,exclude_unresolved_component
64feb186ec684af66109befe,healthy/ca553e23-a738-485a-95e6-3b578477d3f4___RS_HL 9854.JPG,healthy,PlantVillage:Tomato___healthy:::217.0,verified_group,f728eaa0fb4cb57cca06dd6c,eligible_verified_subset
887ec524641c8fba725ce140,healthy/ca6ad351-41f5-4893-8188-1c1c4b4184b4___GH_HL Leaf 496.4.JPG,healthy,fallback:887ec524641c8fba725ce140,fallback_group,887ec524641c8fba725ce140,exclude_unresolved_component
c7d1504e394dd036421935de,healthy/ca9e9564-bf57-4e2e-837f-a847db99a316___GH_HL Leaf 401.JPG,healthy,fallback:c7d1504e394dd036421935de,fallback_group,c7d1504e394dd036421935de,exclude_unresolved_component
f85aba04b9aa0b06d597f5af,healthy/caa60224-1c60-455e-8b7c-e73626af84c1___GH_HL Leaf 214.JPG,healthy,fallback:f85aba04b9aa0b06d597f5af,fallback_group,f85aba04b9aa0b06d597f5af,exclude_unresolved_component
97ea9f875483cf8da7865c87,healthy/caab6cf8-07a8-422a-84e9-3311f85d2427___RS_HL 0455.JPG,healthy,PlantVillage:Tomato___healthy:::114.0,verified_group,00a490ae1e77fa864e84a9e0,eligible_verified_subset
d7769a605c176d71358e4f22,healthy/caca1578-600e-423f-8307-65c11fc27942___RS_HL 0374.JPG,healthy,PlantVillage:Tomato___healthy:::93.0,verified_group,04e8b4fe2991f95c308040e9,eligible_verified_subset
d4bccd6cb6ee2d45ff1b299d,healthy/cae87492-704e-472a-8bc4-fea1ce042167___RS_HL 9915.JPG,healthy,PlantVillage:Tomato___healthy:::231.0,verified_group,d9c156655d71164cb37825c0,eligible_verified_subset
67e9cc270bdbfdc6f570f7be,healthy/cb1900be-7286-4ff9-89d2-c27641e91d2d___RS_HL 0071.JPG,healthy,PlantVillage:Tomato___healthy:::18.0,verified_group,81533ee965dc199d56c99b2e,eligible_verified_subset
d2cf9adb0dd197c4dce43d10,healthy/cb262ab1-f96f-4ade-80e9-d7fa2d5f9c9d___RS_HL 0361.JPG,healthy,PlantVillage:Tomato___healthy:::90.0,verified_group,246a135cace8ab5e08f8ff93,eligible_verified_subset
a4319b5c943f65e202420b0c,healthy/cb3ab315-c340-469c-8291-abe02183b05a___RS_HL 0161.JPG,healthy,PlantVillage:Tomato___healthy:::40.0,verified_group,4fda93bb569a318d861af807,eligible_verified_subset
17f4ed13bd3510bcc1f4fb5f,healthy/cb4a744a-1f1d-4cb1-b2a4-f1e1a12426ca___RS_HL 9970.JPG,healthy,PlantVillage:Tomato___healthy:::245.0,verified_group,81607e1e632de79e7ad28d62,eligible_verified_subset
fa3e33d41ab38c828325514b,healthy/cb602835-7f6d-4926-80b4-77fe22f7ff66___GH_HL Leaf 226.JPG,healthy,fallback:fa3e33d41ab38c828325514b,fallback_group,fa3e33d41ab38c828325514b,exclude_unresolved_component
4b81693a2262233d6b61dffd,healthy/cbb3f283-baaa-40b1-9e46-3414d8f74f99___GH_HL Leaf 231.1.JPG,healthy,fallback:4b81693a2262233d6b61dffd,fallback_group,4b81693a2262233d6b61dffd,exclude_unresolved_component
9cd8fe2e648d421bfab7ef7b,healthy/cbd86fc5-7f88-4984-a1ed-445de8b76573___GH_HL Leaf 354.1.JPG,healthy,fallback:9cd8fe2e648d421bfab7ef7b,fallback_group,9cd8fe2e648d421bfab7ef7b,exclude_unresolved_component
7bfc461f2e487c2e23ac643b,healthy/cbda1b76-250a-4bce-aa3d-1b04feeca6d7___RS_HL 9707.JPG,healthy,PlantVillage:Tomato___healthy:::180.0,verified_group,71a906cb1c89d7db981cbea1,eligible_verified_subset
d74e82cf83eccee172b0c950,healthy/cbdb596e-46a9-4d85-9adf-550b8d2bd7ae___RS_HL 0340.JPG,healthy,PlantVillage:Tomato___healthy:::85.0,verified_group,7b98c76a802995db536dafc4,eligible_verified_subset
d06c63edb7d628dc0ccd12cd,healthy/cc289e5c-7899-4081-9ea9-c3dc3ad3d2d4___GH_HL Leaf 408.1.JPG,healthy,fallback:d06c63edb7d628dc0ccd12cd,fallback_group,dca1fc3f39efc775c16a9941,exclude_unresolved_component
d176d4877d169513fcef59c8,healthy/cc69ca79-bef9-449b-892f-b1e76310aa60___RS_HL 9868.JPG,healthy,PlantVillage:Tomato___healthy:::220.0,verified_group,d914ec38a9089f994835edfc,eligible_verified_subset
119664424452b4f5db9819c9,healthy/cc86c41e-9f5d-4b68-af29-a3e405edf69d___GH_HL Leaf 324.JPG,healthy,fallback:119664424452b4f5db9819c9,fallback_group,119664424452b4f5db9819c9,exclude_unresolved_component
dded8ea03a344c97f201f319,healthy/ccfba9c3-41a5-40de-b71a-980bc3336ae7___GH_HL Leaf 522.2.JPG,healthy,fallback:dded8ea03a344c97f201f319,fallback_group,dded8ea03a344c97f201f319,exclude_unresolved_component
954bd61a340945e000967cb5,healthy/cd469bb3-30c8-4cad-9b4e-27c77a538dfa___GH_HL Leaf 392.JPG,healthy,fallback:954bd61a340945e000967cb5,fallback_group,954bd61a340945e000967cb5,exclude_unresolved_component
52316feef9b3047fbeb93ff5,healthy/cd8d1ae6-2c8e-43ac-8314-77d88e1153c7___GH_HL Leaf 365.JPG,healthy,fallback:52316feef9b3047fbeb93ff5,fallback_group,52316feef9b3047fbeb93ff5,exclude_unresolved_component
5e92d7013d6dd279028d518d,healthy/cdf10741-0ed4-4a27-a2e9-8970e4426730___RS_HL 0356.JPG,healthy,PlantVillage:Tomato___healthy:::89.0,verified_group,5e1db6ca21c87612d2f8bf4d,eligible_verified_subset
c00a3e637006bed7d1cec5c3,healthy/cdfe9df9-c3de-4660-8543-13911f281e47___RS_HL 0496.JPG,healthy,PlantVillage:Tomato___healthy:::124.0,verified_group,6a310414c879a6f29befa5c1,eligible_verified_subset
1e0bc66f797ac66d7a545cba,healthy/cdfeddb6-3064-48dc-bac9-05441dedc74e___RS_HL 0323.JPG,healthy,PlantVillage:Tomato___healthy:::81.0,verified_group,3a814fd91dd06bd1c8b33c51,eligible_verified_subset
62978038d57428b28f905717,healthy/ce081d63-8710-460f-9f20-cc67ef62fa37___RS_HL 9685.JPG,healthy,PlantVillage:Tomato___healthy:::174.0,verified_group,10f3082ef713d8ab4b3ca1e1,eligible_verified_subset
6d40b1494254730bc891825b,healthy/ce303601-b655-483c-9778-3cbd317606be___RS_HL 0163.JPG,healthy,PlantVillage:Tomato___healthy:::41.0,verified_group,503064eef7fad420d4cfda60,eligible_verified_subset
baf21fc6935beda7b66b0b44,healthy/ce56d8ec-bfd5-4755-8010-c42658f8d597___RS_HL 0090.JPG,healthy,PlantVillage:Tomato___healthy:::22.0,verified_group,5934fdae7a0a7f328496f912,eligible_verified_subset
34169e356fa3b42bb975a75a,healthy/ce9a5c21-e77d-4db4-baa3-d03c24e360b0___GH_HL Leaf 281.JPG,healthy,fallback:34169e356fa3b42bb975a75a,fallback_group,34169e356fa3b42bb975a75a,exclude_unresolved_component
9b6b977f6fa8d3451a569559,healthy/ce9cef60-51af-4e89-bbe7-bf463d767e99___RS_HL 0614.JPG,healthy,PlantVillage:Tomato___healthy:::152.0,verified_group,c23dc9e59905eb8e9b9ff8ac,eligible_verified_subset
9510693d99837cc7cd4495ce,healthy/cea3c7e9-94d8-4f97-bd50-e19a428c5162___RS_HL 0013.JPG,healthy,PlantVillage:Tomato___healthy:::3.0,verified_group,38fe6de4ee0dcf0236a58b0d,eligible_verified_subset
fbaf4c91bc5ca4fcc351fd9b,healthy/cea7fe83-103c-4b51-a9d2-75ced9a7d1a2___RS_HL 0531.JPG,healthy,PlantVillage:Tomato___healthy:::133.0,verified_group,4609afaf6c17c7484331b240,eligible_verified_subset
902098cd7389d1152bab3626,healthy/ceb2bf82-b22d-43bb-9a32-cac11e19febd___RS_HL 0406.JPG,healthy,PlantVillage:Tomato___healthy:::101.0,verified_group,4895aef36c98410b4fa0899f,eligible_verified_subset
be2c461dc2ebed85201ff04a,healthy/cf021ef4-2bde-4984-8604-c813cb195fe4___RS_HL 0490.JPG,healthy,PlantVillage:Tomato___healthy:::122.0,verified_group,2d80e9d4a1564360213ac732,eligible_verified_subset
6ba994a6349dc8d345b61fb9,healthy/cf4431f9-8b69-46dd-80fb-732f1a652027___RS_HL 0510.JPG,healthy,PlantVillage:Tomato___healthy:::127.0,verified_group,a1b2abb89f0b4996dd7b988f,eligible_verified_subset
99d7acaef52f19afc6b59806,healthy/cf6c530d-522f-4990-9d02-3445623266d7___RS_HL 0364.JPG,healthy,PlantVillage:Tomato___healthy:::91.0,verified_group,e94f023508bb84cf09e067cd,eligible_verified_subset
01f15a2c3a749bcbf046dc9f,healthy/cfd491d6-4af5-4728-8f0e-0d330a07174a___GH_HL Leaf 482.2.JPG,healthy,fallback:01f15a2c3a749bcbf046dc9f,fallback_group,a5a7f58228c447476cefc1da,exclude_unresolved_component
5579e6c9f8ea57e38828e585,healthy/d01d616c-7259-461f-9f3e-98fa7a3f86e1___RS_HL 9922.JPG,healthy,PlantVillage:Tomato___healthy:::233.0,verified_group,71d050eb25f1baa0d497c0b9,eligible_verified_subset
143dcaae1f9d1514ee1835a2,healthy/d02f79d7-34a8-4313-924b-ca75fa38b1fb___RS_HL 9655.JPG,healthy,PlantVillage:Tomato___healthy:::167.0,verified_group,84085b9259329395a959e748,eligible_verified_subset
4ce1d97314d0f408d6784cf0,healthy/d030352a-d87f-4ee2-a619-bc68d9896004___GH_HL Leaf 197.JPG,healthy,fallback:4ce1d97314d0f408d6784cf0,fallback_group,4ce1d97314d0f408d6784cf0,exclude_unresolved_component
883a99bf89993928cae162c0,healthy/d03457b5-ff94-4042-a225-15714454ab4e___RS_HL 0466.JPG,healthy,PlantVillage:Tomato___healthy:::116.0,verified_group,f8ce852716160c7994e5c3c9,eligible_verified_subset
9b3c2c1fcc2cade52e2faacf,healthy/d06e33fb-58bf-440f-9dbc-a1ceec9abaea___GH_HL Leaf 383.JPG,healthy,fallback:9b3c2c1fcc2cade52e2faacf,fallback_group,9b3c2c1fcc2cade52e2faacf,exclude_unresolved_component
136783d5e589d3dece329edf,healthy/d074483d-5063-4bed-93f5-c0d798e9283c___RS_HL 0231.JPG,healthy,PlantVillage:Tomato___healthy:::58.0,verified_group,62216bf5385f6f22cb703303,eligible_verified_subset
a0dc01c7798f6e6aeb35548e,healthy/d0d0643e-c7f1-4cf3-8399-cfd8a73d1af3___RS_HL 9650.JPG,healthy,PlantVillage:Tomato___healthy:::166.0,verified_group,e3bd7e0739e1386dca62f4ae,eligible_verified_subset
e3d84a4ea598481ed66c7f06,healthy/d15336df-9f16-4f8b-805f-d74f27af2735___RS_HL 9723.JPG,healthy,PlantVillage:Tomato___healthy:::184.0,verified_group,40c4afa1a3af37292d20955e,eligible_verified_subset
aba0e2430a3326c918c247d6,healthy/d1750517-689b-4372-a717-6b81c0dd64b0___GH_HL Leaf 262.JPG,healthy,fallback:aba0e2430a3326c918c247d6,fallback_group,aba0e2430a3326c918c247d6,exclude_unresolved_component
7c4f0742dc0451d8cda9a629,healthy/d19a7818-769b-4633-bd09-5c3c20d2b4d1___GH_HL Leaf 172.JPG,healthy,fallback:7c4f0742dc0451d8cda9a629,fallback_group,7c4f0742dc0451d8cda9a629,exclude_unresolved_component
d862f9183fecd6f1bb1fdeb5,healthy/d21a242e-a9a3-4c5e-8e65-6416f84bcaec___GH_HL Leaf 510.2.JPG,healthy,fallback:d862f9183fecd6f1bb1fdeb5,fallback_group,d862f9183fecd6f1bb1fdeb5,exclude_unresolved_component
fba4abf06cec43bbf69db521,healthy/d247170c-6756-41f0-9074-09190f485cdb___RS_HL 0034.JPG,healthy,PlantVillage:Tomato___healthy:::8.0,verified_group,b975388b63dadf9821422d86,eligible_verified_subset
baed39d0608aabc34e25349a,healthy/d2a7358e-6ba9-46ed-b5fd-5ba0fd1175f4___GH_HL Leaf 307.JPG,healthy,fallback:baed39d0608aabc34e25349a,fallback_group,baed39d0608aabc34e25349a,exclude_unresolved_component
0a02802ecb6d03c9fffe8233,healthy/d2bab7ce-8028-41ed-b0a0-22472f904974___RS_HL 0528.JPG,healthy,PlantVillage:Tomato___healthy:::132.0,verified_group,9cfb86c20acb0014380e9384,eligible_verified_subset
4caa4a79c14333942c9f4611,healthy/d2ce7896-6fa4-45e6-96c5-d162da0e3e1c___GH_HL Leaf 220.JPG,healthy,fallback:4caa4a79c14333942c9f4611,fallback_group,4dd08dfd268172c2c3407f83,exclude_unresolved_component
7b457354b61da45378bc98f1,healthy/d2d4ff14-b875-4b6f-93d5-ef48ec437e86___RS_HL 0362.JPG,healthy,PlantVillage:Tomato___healthy:::90.0,verified_group,246a135cace8ab5e08f8ff93,eligible_verified_subset
bf40de8325f1570cf70e993e,healthy/d2f0f578-3b6e-433c-962a-8c81f79eab7a___RS_HL 9623.JPG,healthy,PlantVillage:Tomato___healthy:::159.0,verified_group,b318dc4db903ff27058afde3,eligible_verified_subset
94a26e501444748cb949ca66,healthy/d2faed98-e54a-42d4-8146-784b83c9ef9a___RS_HL 0545.JPG,healthy,PlantVillage:Tomato___healthy:::136.0,verified_group,748c09fd231f4f9f0cbdc258,eligible_verified_subset
69476c588a91ff26b9999c21,healthy/d30f0e3c-7246-455d-959c-6221eac22dfd___GH_HL Leaf 202.JPG,healthy,fallback:69476c588a91ff26b9999c21,fallback_group,69476c588a91ff26b9999c21,exclude_unresolved_component
5f15273ff92023d88f334061,healthy/d382d5de-6608-4492-a1eb-e4c525f8b3e4___GH_HL Leaf 461.JPG,healthy,fallback:5f15273ff92023d88f334061,fallback_group,5f15273ff92023d88f334061,exclude_unresolved_component
7e7cf8e0b08922c58121b22f,healthy/d3862da2-c8a4-4a40-98db-7148e5e7d2c9___RS_HL 9906.JPG,healthy,PlantVillage:Tomato___healthy:::230.0,verified_group,b0eb0165a4054970f0710116,eligible_verified_subset
97214b931656259b5f07931d,healthy/d38fc068-8503-4868-9c57-8fba55a7892d___RS_HL 0293.JPG,healthy,PlantVillage:Tomato___healthy:::73.0,verified_group,8e63374445b7d0e6300eeee3,eligible_verified_subset
3106c588fbd89af83e9e94a0,healthy/d3997d9d-f607-44f2-9473-b41db6b1116b___GH_HL Leaf 473.JPG,healthy,fallback:3106c588fbd89af83e9e94a0,fallback_group,3106c588fbd89af83e9e94a0,exclude_unresolved_component
8bcc06bd237832c314f057eb,healthy/d3d3e88a-265a-4d4d-8887-b2930272d549___RS_HL 9873.JPG,healthy,PlantVillage:Tomato___healthy:::221.0,verified_group,1cf597a739ea45ddd8f08770,eligible_verified_subset
68931e8983b31e695ff8eb5b,healthy/d4091850-464c-4655-9edc-395f43c365e9___RS_HL 9657.JPG,healthy,PlantVillage:Tomato___healthy:::167.0,verified_group,84085b9259329395a959e748,eligible_verified_subset
1af6369d413b970149f465f3,healthy/d41e126d-fc0d-4224-96e0-2d5ae074e4ac___RS_HL 9933.JPG,healthy,PlantVillage:Tomato___healthy:::235.0,verified_group,e2ead4c36fc8ac409fe1fe86,eligible_verified_subset
c20a1a560cb34e49d68343a8,healthy/d442075f-73bb-47a0-9545-9b36bca9300b___GH_HL Leaf 210.JPG,healthy,fallback:c20a1a560cb34e49d68343a8,fallback_group,6320e51e3ad1a301382a199a,exclude_unresolved_component
c4546e9292080313b8d20d17,healthy/d454ff7e-7a9d-45c1-b7f1-d098edcb1fa7___RS_HL 0418.JPG,healthy,PlantVillage:Tomato___healthy:::104.0,verified_group,97a4afd845ed2838f67acb25,eligible_verified_subset
f406f3f814be789231ea72a6,healthy/d45c5eb7-c7b7-430b-9b2c-917a4a34315e___RS_HL 0151.JPG,healthy,PlantVillage:Tomato___healthy:::38.0,verified_group,fe484730fd91612be2d9251f,eligible_verified_subset
e3686da77f531e4bd8988a98,healthy/d461b7c8-4c81-4309-8ccd-4400ddbb25aa___RS_HL 0586.JPG,healthy,PlantVillage:Tomato___healthy:::145.0,verified_group,914511f28edc698ccf453716,eligible_verified_subset
1b704359cbb789c2e9dee572,healthy/d48fe069-a000-4242-b6cf-fb465e47615b___RS_HL 0594.JPG,healthy,PlantVillage:Tomato___healthy:::147.0,verified_group,29a4346962469f7e3476d455,eligible_verified_subset
45c07284671d7d4208fb3239,healthy/d4c014c8-81db-47ce-8a1a-277ef1159a3d___RS_HL 0211.JPG,healthy,PlantVillage:Tomato___healthy:::53.0,verified_group,099bdbad9374de937400f316,eligible_verified_subset
bf35ad08478134a44ffe326b,healthy/d4fc1abf-fd0d-4625-9882-36acd3755ede___RS_HL 0307.JPG,healthy,PlantVillage:Tomato___healthy:::77.0,verified_group,ba816bda7f19ea9e171ba4ca,eligible_verified_subset
61267974d88e37db638d3011,healthy/d53448cd-ddd7-4dd6-a657-c60bde629130___RS_HL 0190.JPG,healthy,PlantVillage:Tomato___healthy:::47.0,verified_group,66b7876566ab9a3009e33105,eligible_verified_subset
fdec17c6a0646afc93deb73f,healthy/d5633146-eac5-49e6-a6b4-8562aa7d1a1f___GH_HL Leaf 283.1.JPG,healthy,fallback:fdec17c6a0646afc93deb73f,fallback_group,fdec17c6a0646afc93deb73f,exclude_unresolved_component
db81916823d76dca40abe2b1,healthy/d578b8cd-9a1c-434b-9507-17ced7dffb34___GH_HL Leaf 249.JPG,healthy,fallback:db81916823d76dca40abe2b1,fallback_group,db81916823d76dca40abe2b1,exclude_unresolved_component
ed9ac3ed7c8e2cbb7997d295,healthy/d5beabbd-afc7-41c5-aa06-ec45c32e751e___GH_HL Leaf 289.1.JPG,healthy,fallback:ed9ac3ed7c8e2cbb7997d295,fallback_group,ed9ac3ed7c8e2cbb7997d295,exclude_unresolved_component
2232f96f25e80268a444f0d2,healthy/d5ccbb2a-258c-4963-bdd6-d7eb22f351a5___RS_HL 9946.JPG,healthy,PlantVillage:Tomato___healthy:::239.0,verified_group,79299f1e6fc31c3c34f7d2a6,eligible_verified_subset
fa130a7effd7343fd965f09a,healthy/d6128bab-2cc4-4005-9184-2b7303773682___RS_HL 9828.JPG,healthy,PlantVillage:Tomato___healthy:::210.0,verified_group,90552e8375efb0a5c7009c1e,eligible_verified_subset
739e6dfa77d651a6e701bebb,healthy/d6587652-47aa-4518-9534-468194f22953___RS_HL 0595.JPG,healthy,PlantVillage:Tomato___healthy:::148.0,verified_group,fc2f09f094a7793e42dc1f47,eligible_verified_subset
c06183b85e4872fcbd403c92,healthy/d673db62-484e-49d3-baca-0ffc0d2ba8f5___RS_HL 0230.JPG,healthy,PlantVillage:Tomato___healthy:::57.0,verified_group,25600cc3b315d3ef36f51a4f,eligible_verified_subset
2298079d5182c78b65794e85,healthy/d676d2f7-13a7-4d79-91fc-757b5d0bde6f___RS_HL 0601.JPG,healthy,PlantVillage:Tomato___healthy:::149.0,verified_group,80c6e8560a465b501b4bc98c,eligible_verified_subset
6fffe498b9953519e1d07493,healthy/d688345e-4491-4f31-b2f4-d9111a12c2dd___GH_HL Leaf 288.JPG,healthy,fallback:6fffe498b9953519e1d07493,fallback_group,6fffe498b9953519e1d07493,exclude_unresolved_component
66991c59dc2257206405cdd4,healthy/d6e27864-a8c9-426f-9e46-283d0eb3a7d0___RS_HL 0452.JPG,healthy,PlantVillage:Tomato___healthy:::113.0,verified_group,bd96b0d9be8c08e72bd5c9ee,eligible_verified_subset
054cbd0213401d62324db7e1,healthy/d6e75b4e-377f-4d9a-b2a5-d0fcd5ec32b8___RS_HL 0177.JPG,healthy,PlantVillage:Tomato___healthy:::44.0,verified_group,1df73ac1b210a135c7149542,eligible_verified_subset
6330f7b8696230aafb71597a,healthy/d750fda0-e49d-4160-a9da-8cf8e425034e___GH_HL Leaf 167.JPG,healthy,fallback:6330f7b8696230aafb71597a,fallback_group,6330f7b8696230aafb71597a,exclude_unresolved_component
fef34c6fe5a897a45d193cae,healthy/d75ed8c7-610e-4abd-8a3a-a08993a92df3___GH_HL Leaf 323.2.JPG,healthy,fallback:fef34c6fe5a897a45d193cae,fallback_group,fef34c6fe5a897a45d193cae,exclude_unresolved_component
065f825c183e2bcb44dc9080,healthy/d75f7a19-059a-4b25-a265-5c3f74e279a3___RS_HL 0030.JPG,healthy,PlantVillage:Tomato___healthy:::7.0,verified_group,1fd91f5214e1e4dda1fad6fc,eligible_verified_subset
3120e602d35d9bfa30ffc279,healthy/d764f501-de57-47f4-a648-c5ece8ec59b2___RS_HL 0409.JPG,healthy,PlantVillage:Tomato___healthy:::102.0,verified_group,b1b4cc71d310606fb1265ddc,eligible_verified_subset
e8700f640b4635332225630e,healthy/d76f5b4a-9205-4a14-9181-5d3add326231___GH_HL Leaf 447.JPG,healthy,fallback:e8700f640b4635332225630e,fallback_group,e8700f640b4635332225630e,exclude_unresolved_component
9a4d14c24d5d8039bfe2d1bd,healthy/d7aed304-347b-4c78-ac63-b29db901e1d4___RS_HL 0061.JPG,healthy,PlantVillage:Tomato___healthy:::15.0,verified_group,c00c34b9945b112ed4a0fcb2,eligible_verified_subset
a03b88efbbc19cb52cbef7ef,healthy/d7c5d552-e2c6-4868-ac4a-4ffa33151632___RS_HL 0502.JPG,healthy,PlantVillage:Tomato___healthy:::125.0,verified_group,2e7a57d3c8cbb44c5daf1761,eligible_verified_subset
dd8aed061e86af4f7eb8247e,healthy/d7f9efa9-5684-42f4-b183-958a83d3ebcd___RS_HL 9923.JPG,healthy,PlantVillage:Tomato___healthy:::233.0,verified_group,71d050eb25f1baa0d497c0b9,eligible_verified_subset
479d9349d3de7b32588a68c7,healthy/d80d474d-1d8a-4381-8960-db93b611b5c8___GH_HL Leaf 390.JPG,healthy,fallback:479d9349d3de7b32588a68c7,fallback_group,479d9349d3de7b32588a68c7,exclude_unresolved_component
255c89d1c749aa5a5366d32e,healthy/d835fbab-7301-4544-aba9-37cb5d25de9f___RS_HL 0506.JPG,healthy,PlantVillage:Tomato___healthy:::126.0,verified_group,2447fc55ae40b868f552f7df,eligible_verified_subset
51d83c347acc88be8f9f8856,healthy/d84b65fd-6841-435f-9c9f-2ba8afe2f62a___RS_HL 0541.JPG,healthy,PlantVillage:Tomato___healthy:::135.0,verified_group,31fbaadd91e88166e76c0f74,eligible_verified_subset
23dca639180c047320c4c413,healthy/d84eb3b6-3321-4034-9bcc-d2cddb8a3467___RS_HL 0053.JPG,healthy,PlantVillage:Tomato___healthy:::13.0,verified_group,aab0d9f7d2373e7ea885324d,eligible_verified_subset
093787ab328f383309ef7137,healthy/d88b90c0-2850-425d-af82-7bfb0f6a9dd4___GH_HL Leaf 361.JPG,healthy,fallback:093787ab328f383309ef7137,fallback_group,093787ab328f383309ef7137,exclude_unresolved_component
934dfeddaf56581638d01319,healthy/d88e3218-6639-430b-a74b-6b7353b1b964___GH_HL Leaf 377.JPG,healthy,fallback:934dfeddaf56581638d01319,fallback_group,934dfeddaf56581638d01319,exclude_unresolved_component
19ff1ab0d7eff51c2a130d24,healthy/d8ce2a81-c366-4a88-bde3-ee9a98e1e30c___RS_HL 0036.JPG,healthy,PlantVillage:Tomato___healthy:::9.0,verified_group,8855f826fdc028ea91afdee1,eligible_verified_subset
cc56c7b1d749a4d09450dae3,healthy/d95cca34-6952-4d22-9d61-6304dcce3448___GH_HL Leaf 280.1.JPG,healthy,fallback:cc56c7b1d749a4d09450dae3,fallback_group,cc56c7b1d749a4d09450dae3,exclude_unresolved_component
3381437baaf0fa0eb107d132,healthy/d9756e4c-11ac-4c09-8a3c-4938d56bfc1e___RS_HL 0488.JPG,healthy,PlantVillage:Tomato___healthy:::122.0,verified_group,2d80e9d4a1564360213ac732,eligible_verified_subset
7b2e0f77156d3f5409a954ea,healthy/d984f436-1fde-4221-9563-82f55a42b545___RS_HL 0217.JPG,healthy,PlantVillage:Tomato___healthy:::54.0,verified_group,ccc19383b575fb12e98065a9,eligible_verified_subset
f35319ae336d9e5c59f44d6f,healthy/d9974fa7-5337-4c75-af93-04828d6f503e___GH_HL Leaf 381.1.JPG,healthy,fallback:f35319ae336d9e5c59f44d6f,fallback_group,f35319ae336d9e5c59f44d6f,exclude_unresolved_component
36b2a19043bdf941f62cfbae,healthy/d9a6af00-1c5a-4299-9bad-b922c8b5c33e___RS_HL 0546.JPG,healthy,PlantVillage:Tomato___healthy:::136.0,verified_group,748c09fd231f4f9f0cbdc258,eligible_verified_subset
dc753c8b4a85395e1258bf1a,healthy/d9bb47b1-fa25-49fb-9b30-df7a7db48f8d___GH_HL Leaf 290.JPG,healthy,fallback:dc753c8b4a85395e1258bf1a,fallback_group,dc753c8b4a85395e1258bf1a,exclude_unresolved_component
e4db24a4fa686b55e8a46447,healthy/da1015eb-5c8e-436d-b367-d1f98a034e44___RS_HL 0382.JPG,healthy,PlantVillage:Tomato___healthy:::95.0,verified_group,3acdc3b5a71f77df17fc2e5c,eligible_verified_subset
45d5fd70fc91415c007a06d7,healthy/da10b674-6bd2-4e1f-ba50-f08caac7a2ec___RS_HL 9742.JPG,healthy,PlantVillage:Tomato___healthy:::189.0,verified_group,dcb6bfa893222efe4df97199,eligible_verified_subset
9435f5bd72698cebd3729bc9,healthy/da34f406-4f46-480c-a63d-fb093a83e670___GH_HL Leaf 499.2.JPG,healthy,fallback:9435f5bd72698cebd3729bc9,fallback_group,9435f5bd72698cebd3729bc9,exclude_unresolved_component
92d8543cbdf5672a36d32b87,healthy/da36e4f1-58c4-456d-8ee3-b450e6619b2d___RS_HL 0475.JPG,healthy,PlantVillage:Tomato___healthy:::119.0,verified_group,69c50adec5fd05a8480424f8,eligible_verified_subset
e2bd3f28979491da9514e1f4,healthy/da3e3bf7-80da-479b-99f1-f86f18d8a264___GH_HL Leaf 511.1.JPG,healthy,fallback:e2bd3f28979491da9514e1f4,fallback_group,e2bd3f28979491da9514e1f4,exclude_unresolved_component
619009dc31c70ab4ab87ce5a,healthy/da5c938a-1baf-46cb-b1e6-c3bfef99b816___RS_HL 9981.JPG,healthy,PlantVillage:Tomato___healthy:::247.0,verified_group,651c947f25c59f05ddff2e91,eligible_verified_subset
f2ce68227b34f28b173de491,healthy/da7db6e5-d5d5-489a-b1b2-9b3a880cebaa___RS_HL 9769.JPG,healthy,PlantVillage:Tomato___healthy:::195.0,verified_group,5a818bd734e0e9f2b68e17aa,eligible_verified_subset
f1fc298f2763fe97abc89898,healthy/daa4e664-5ec5-4349-b8de-0673cdfe374d___GH_HL Leaf 168.1.JPG,healthy,fallback:f1fc298f2763fe97abc89898,fallback_group,f1fc298f2763fe97abc89898,exclude_unresolved_component
315c9c228d64f40f6bbec762,healthy/dad127e0-8761-47bd-8ea1-21727847a1f4___RS_HL 0416.JPG,healthy,PlantVillage:Tomato___healthy:::104.0,verified_group,97a4afd845ed2838f67acb25,eligible_verified_subset
f44b8e98d98a345ecc3cb1ae,healthy/db03386a-1a65-4e4f-b9b7-d80ad6cabefd___RS_HL 0632.JPG,healthy,PlantVillage:Tomato___healthy:::156.0,verified_group,6e442a343fd7dfb7ac0299e6,eligible_verified_subset
2ad3712962453f4e475e77da,healthy/db467743-857b-42b3-ab2a-a80e90467a99___RS_HL 0570.JPG,healthy,PlantVillage:Tomato___healthy:::142.0,verified_group,bcaf50d9dc92a8feef3474da,eligible_verified_subset
8420581c13fda73c61541564,healthy/db9db9c3-42af-4609-a30e-48e4797174c7___GH_HL Leaf 182.JPG,healthy,fallback:8420581c13fda73c61541564,fallback_group,8420581c13fda73c61541564,exclude_unresolved_component
99c69bf3be9719783140c964,healthy/dbbde73f-e630-4799-9a08-37bd5602f1b2___GH_HL Leaf 208.JPG,healthy,fallback:99c69bf3be9719783140c964,fallback_group,99c69bf3be9719783140c964,exclude_unresolved_component
6e6cf94ef5172f67c25d211c,healthy/dbd289fc-1399-44fe-968d-39a5a4f16679___RS_HL 0495.JPG,healthy,PlantVillage:Tomato___healthy:::124.0,verified_group,6a310414c879a6f29befa5c1,eligible_verified_subset
8188eec8d84c0a7974fcca60,healthy/dc3a13dc-a628-433f-a038-a3f377bc608e___GH_HL Leaf 422.JPG,healthy,fallback:8188eec8d84c0a7974fcca60,fallback_group,8188eec8d84c0a7974fcca60,exclude_unresolved_component
541dfc76dad2fd55f6f16905,healthy/dc51f65e-d2d7-43f1-be27-063700a89eba___RS_HL 9951.JPG,healthy,PlantVillage:Tomato___healthy:::240.0,verified_group,05e34803f9d268ff59694941,eligible_verified_subset
46909e10641bae5d04a53b4f,healthy/dca7fa13-14bd-4d24-abbf-1fe2e02eac7e___GH_HL Leaf 295.JPG,healthy,fallback:46909e10641bae5d04a53b4f,fallback_group,46909e10641bae5d04a53b4f,exclude_unresolved_component
de627d3f435416923ef73fff,healthy/dd311971-e56c-4305-805e-a011ecebd38b___GH_HL Leaf 432.JPG,healthy,fallback:de627d3f435416923ef73fff,fallback_group,de627d3f435416923ef73fff,exclude_unresolved_component
cf0477ac7306bacc5947eb34,healthy/dd50e041-1df0-45e4-8ab7-126f0ae2b984___GH_HL Leaf 270.JPG,healthy,fallback:cf0477ac7306bacc5947eb34,fallback_group,cf0477ac7306bacc5947eb34,exclude_unresolved_component
25e325b8edaafdbacf9be37e,healthy/dd7a8ade-2bc7-4b28-9e27-f823e8466a76___GH_HL Leaf 236.JPG,healthy,fallback:25e325b8edaafdbacf9be37e,fallback_group,25e325b8edaafdbacf9be37e,exclude_unresolved_component
bc8b08278ab5990b44489964,healthy/dd7d8e47-35f8-4c97-900b-f095694c38ed___GH_HL Leaf 313.JPG,healthy,fallback:bc8b08278ab5990b44489964,fallback_group,bc8b08278ab5990b44489964,exclude_unresolved_component
184714ad1a11934ab6165dc4,healthy/de40125f-3f01-4c7e-9406-529d033fdb52___RS_HL 0498.JPG,healthy,PlantVillage:Tomato___healthy:::124.0,verified_group,6a310414c879a6f29befa5c1,eligible_verified_subset
1f3cf123ad542b21ded37e18,healthy/de56bf63-8f55-426a-a2a1-8a8a635ad5a0___RS_HL 9747.JPG,healthy,PlantVillage:Tomato___healthy:::190.0,verified_group,7ac0e39b59c7724ef40a588e,eligible_verified_subset
76827314677f43e27c7b0774,healthy/de914baa-f72d-4cbf-a9fd-a60baf466e06___GH_HL Leaf 450.1.JPG,healthy,fallback:76827314677f43e27c7b0774,fallback_group,76827314677f43e27c7b0774,exclude_unresolved_component
9f9d42b866d83a46a4f6a164,healthy/dea347a1-4303-48e1-8db0-997d084e6bd0___RS_HL 9724.JPG,healthy,PlantVillage:Tomato___healthy:::184.0,verified_group,40c4afa1a3af37292d20955e,eligible_verified_subset
d60a0491a4250725d8288e0c,healthy/debe033e-a878-46dc-8336-8bc25811df35___GH_HL Leaf 303.JPG,healthy,fallback:d60a0491a4250725d8288e0c,fallback_group,d60a0491a4250725d8288e0c,exclude_unresolved_component
e498abc0773e6a276f22a366,healthy/decd2c69-c302-461a-a2f7-7c1e37d9d633___RS_HL 0258.JPG,healthy,PlantVillage:Tomato___healthy:::64.0,verified_group,1ace6e019776ffed34807038,eligible_verified_subset
6a8423ab821f114ec0c0d2d3,healthy/df35d1fb-978c-4aeb-9d6f-e7da242c81b8___RS_HL 0515.JPG,healthy,PlantVillage:Tomato___healthy:::129.0,verified_group,43c4bf9de4b1c5d3c6cce6cf,eligible_verified_subset
5c80554be03b3dfae019b3b5,healthy/df99e31e-11ab-49be-bd51-d1fda2667c76___GH_HL Leaf 458.JPG,healthy,fallback:5c80554be03b3dfae019b3b5,fallback_group,5c80554be03b3dfae019b3b5,exclude_unresolved_component
34f74e3a9f2b040e5ac2cea4,healthy/dfa6e9aa-b240-4148-bdef-5c0f21ff62ff___RS_HL 0318.JPG,healthy,PlantVillage:Tomato___healthy:::79.0,verified_group,1a1408bff0636468b13566c4,eligible_verified_subset
61e9bc56b0426fb39587a50c,healthy/e020155a-f93a-496c-adc6-1810b4cea333___GH_HL Leaf 206.JPG,healthy,fallback:61e9bc56b0426fb39587a50c,fallback_group,61e9bc56b0426fb39587a50c,exclude_unresolved_component
35e3215ec0a10c8f02dc52a0,healthy/e0587774-746c-41af-a876-b3d083756a23___RS_HL 0588.JPG,healthy,PlantVillage:Tomato___healthy:::146.0,verified_group,c7c99e29d62e17f08a85befb,eligible_verified_subset
26215f1200566a8838e7832b,healthy/e090d873-c435-4d1b-95dd-29f5a2f22a09___GH_HL Leaf 266.1.JPG,healthy,fallback:26215f1200566a8838e7832b,fallback_group,26215f1200566a8838e7832b,exclude_unresolved_component
b7a94bc7ef2095ed6d6d2852,healthy/e0987875-8fe2-49ee-8f01-e29281c3d790___RS_HL 0239.JPG,healthy,PlantVillage:Tomato___healthy:::60.0,verified_group,d9f76962afb5e1a615cece64,eligible_verified_subset
f61e3b4f9113d9b9992b708e,healthy/e0b87789-7d59-4bd1-bc78-ec3a942021f4___RS_HL 9894.JPG,healthy,PlantVillage:Tomato___healthy:::227.0,verified_group,7ad11f38c4f55391f21781f6,eligible_verified_subset
dbaba109dc6c55d87b297669,healthy/e0d2d9f6-b29e-4cd8-8c2b-7d462271ceb3___RS_HL 9787.JPG,healthy,PlantVillage:Tomato___healthy:::200.0,verified_group,1d9a0a44770215b9f5565f47,eligible_verified_subset
8012054e9d34266954ce220a,healthy/e0d4c623-8305-4ded-8164-d8fcd5bc2016___RS_HL 0448.JPG,healthy,PlantVillage:Tomato___healthy:::112.0,verified_group,eceb51500c7d855adf7d2762,eligible_verified_subset
0d2495cf95b9006d17d51f1c,healthy/e110eaa3-3f80-477f-ad86-18b7e308b764___RS_HL 0349.JPG,healthy,PlantVillage:Tomato___healthy:::87.0,verified_group,4213117e9e0ed5664860b6fd,eligible_verified_subset
23b19d6d1dcb3770422cc643,healthy/e12936ac-7354-434c-b857-1e742e383dd5___RS_HL 9878.JPG,healthy,PlantVillage:Tomato___healthy:::223.0,verified_group,23b19d6d1dcb3770422cc643,eligible_verified_subset
616f3a837b5ac7bc825c96e4,healthy/e1400c81-62df-44b6-97fd-e210b66dae0b___RS_HL 9672.JPG,healthy,PlantVillage:Tomato___healthy:::171.0,verified_group,321bbd90b279d36b4622adb5,eligible_verified_subset
561ccc357deed66883c38d4e,healthy/e1436a17-dca7-4687-a0ec-31a28389063e___RS_HL 0529.JPG,healthy,PlantVillage:Tomato___healthy:::132.0,verified_group,9cfb86c20acb0014380e9384,eligible_verified_subset
1de35907f368a58a6b39ac47,healthy/e1517f9b-6bab-415b-b8f5-1f52dd544b2d___RS_HL 0203.JPG,healthy,PlantVillage:Tomato___healthy:::51.0,verified_group,1c42d75b55397abfc96de13e,eligible_verified_subset
ab25c45c1021d785d4f7e2c5,healthy/e1571f83-5f00-4653-a176-2033f27405fa___GH_HL Leaf 353.JPG,healthy,fallback:ab25c45c1021d785d4f7e2c5,fallback_group,ab25c45c1021d785d4f7e2c5,exclude_unresolved_component
434f4025b781eb7fba58c6bb,healthy/e1860bf2-2656-4dba-b9de-f80932bca552___RS_HL 0398.JPG,healthy,PlantVillage:Tomato___healthy:::99.0,verified_group,a8bfa36f421e3b1c2dbb36b3,eligible_verified_subset
72fcd75fc422011d0891b795,healthy/e1959167-b7b2-49e3-b5ce-4c5665022ada___RS_HL 0127.JPG,healthy,PlantVillage:Tomato___healthy:::32.0,verified_group,af60dc71243305f8fb91640e,eligible_verified_subset
628f20c6151708e3f432d788,healthy/e1aeb847-e87b-4f24-aca7-c6e06b6c07ca___GH_HL Leaf 185.JPG,healthy,fallback:628f20c6151708e3f432d788,fallback_group,628f20c6151708e3f432d788,exclude_unresolved_component
08d2ad0a81dffed383291a35,healthy/e1d129fb-f5ae-41e1-b097-445d792e4beb___RS_HL 0473.JPG,healthy,PlantVillage:Tomato___healthy:::118.0,verified_group,232b705fc61c60f085558518,eligible_verified_subset
e34679390b8657e87889df7c,healthy/e1eaf28e-7726-4e87-a1f4-f1ccd44355d7___RS_HL 0405.JPG,healthy,PlantVillage:Tomato___healthy:::101.0,verified_group,4895aef36c98410b4fa0899f,eligible_verified_subset
a2c483e80d9a205082955011,healthy/e2085395-2d3c-4698-ad7f-da9fdc73c4d1___GH_HL Leaf 254.JPG,healthy,fallback:a2c483e80d9a205082955011,fallback_group,184ee28057361849973074e8,exclude_unresolved_component
9fdebc77dd2a220ffa095434,healthy/e225eb60-d018-4014-a4f5-eadd0aad06ef___GH_HL Leaf 438.JPG,healthy,fallback:9fdebc77dd2a220ffa095434,fallback_group,9fdebc77dd2a220ffa095434,exclude_unresolved_component
9a2577a94e9b526827bb05a9,healthy/e25bc3a8-dd00-4c02-9f4e-81e6cf682729___RS_HL 0101.JPG,healthy,PlantVillage:Tomato___healthy:::25.0,verified_group,c13311eb04c495f3357bc3d3,eligible_verified_subset
1f7c75925946b7f979259341,healthy/e283f6ea-c756-47ca-ac84-57a38138b571___GH_HL Leaf 343.JPG,healthy,fallback:1f7c75925946b7f979259341,fallback_group,1f7c75925946b7f979259341,exclude_unresolved_component
88631a94de4b6999538efa03,healthy/e2869c8b-aedf-4074-bb99-28e6ed2b4223___RS_HL 9673.JPG,healthy,PlantVillage:Tomato___healthy:::171.0,verified_group,321bbd90b279d36b4622adb5,eligible_verified_subset
6e62b9359d4564cc89bc04c3,healthy/e28f30cb-755a-459b-b653-96d44b3b01b5___RS_HL 9926.JPG,healthy,PlantVillage:Tomato___healthy:::234.0,verified_group,6e8ece98b9d5f11091624e0e,eligible_verified_subset
f2397f8ff90a061abbdd9d87,healthy/e2991a66-412d-4841-8dc0-524e38338a82___GH_HL Leaf 517.1.JPG,healthy,fallback:f2397f8ff90a061abbdd9d87,fallback_group,f2397f8ff90a061abbdd9d87,exclude_unresolved_component
190f6acfd3f3ea192be7fbf9,healthy/e2bd556e-fe0f-4a97-819c-83dbc4a61ac5___GH_HL Leaf 429.JPG,healthy,fallback:190f6acfd3f3ea192be7fbf9,fallback_group,190f6acfd3f3ea192be7fbf9,exclude_unresolved_component
7f44e241212be0101f292954,healthy/e2bde260-6fac-4259-8b88-c7378f1ea730___RS_HL 0511.JPG,healthy,PlantVillage:Tomato___healthy:::128.0,verified_group,7f931244652748021bbaa6a1,eligible_verified_subset
8777eebc47ea1e59a283658e,healthy/e2cd8a78-ae65-4743-9ecf-839647cac550___RS_HL 9833.JPG,healthy,PlantVillage:Tomato___healthy:::211.0,verified_group,c968338d0c47904ae2233b55,eligible_verified_subset
3258821b13579c722a081036,healthy/e2f520b1-ac21-445b-9a3f-cb6e506e3044___RS_HL 0381.JPG,healthy,PlantVillage:Tomato___healthy:::95.0,verified_group,3acdc3b5a71f77df17fc2e5c,eligible_verified_subset
5c6c38907d434b494875f325,healthy/e30f24b2-c298-4853-8fda-9e67b3738a55___GH_HL Leaf 287.JPG,healthy,fallback:5c6c38907d434b494875f325,fallback_group,5c6c38907d434b494875f325,exclude_unresolved_component
ffff3df360d3f33f894a4ece,healthy/e336eb74-a19d-4461-871e-3124c5e0d047___RS_HL 0558.JPG,healthy,PlantVillage:Tomato___healthy:::139.0,verified_group,e43b5a3abb94153aca756086,eligible_verified_subset
68dcda30eb7ba7408ea57b6d,healthy/e33cde2d-5103-48aa-bb82-490aa779312c___GH_HL Leaf 515.2.JPG,healthy,fallback:68dcda30eb7ba7408ea57b6d,fallback_group,802ce5a0517f9d02b848f6ce,exclude_unresolved_component
151b04ffc5edb451edc7abc6,healthy/e357a876-daff-428c-828f-7f1b6e998175___RS_HL 0593.JPG,healthy,PlantVillage:Tomato___healthy:::147.0,verified_group,29a4346962469f7e3476d455,eligible_verified_subset
71d09035831f0c6642f8fa25,healthy/e36e5c2c-277b-4e8f-b12b-46df2e569c85___GH_HL Leaf 187.1.JPG,healthy,fallback:71d09035831f0c6642f8fa25,fallback_group,71d09035831f0c6642f8fa25,exclude_unresolved_component
c0e08dedb7e0408d39972e1b,healthy/e3b5600f-9c88-4060-826f-aa7c972c9325___GH_HL Leaf 291.JPG,healthy,fallback:c0e08dedb7e0408d39972e1b,fallback_group,c0e08dedb7e0408d39972e1b,exclude_unresolved_component
9bffecc8b16b452d952efcbb,healthy/e3cc41f4-f960-44b9-96cd-61e3bd184e6d___RS_HL 0138.JPG,healthy,PlantVillage:Tomato___healthy:::34.0,verified_group,400619b324f1924e8c9db40d,eligible_verified_subset
f872a4ea2d5726d94e6a3839,healthy/e435f5af-a994-46b5-a5c8-d721dd1788f8___RS_HL 0100.JPG,healthy,PlantVillage:Tomato___healthy:::25.0,verified_group,c13311eb04c495f3357bc3d3,eligible_verified_subset
28a1f5beadd9aa6fb6cee719,healthy/e47d2178-aaf3-438b-bcce-2fcb6efd833b___RS_HL 9924.JPG,healthy,PlantVillage:Tomato___healthy:::233.0,verified_group,71d050eb25f1baa0d497c0b9,eligible_verified_subset
56c01eae6fc906ceb4d299ca,healthy/e531e3da-a55b-41a9-8700-3e163226bfb2___GH_HL Leaf 188.1.JPG,healthy,fallback:56c01eae6fc906ceb4d299ca,fallback_group,56c01eae6fc906ceb4d299ca,exclude_unresolved_component
0d47b729f5dbeb33143adf68,healthy/e53267d6-9a69-4e42-9ddc-8481a337b3e0___RS_HL 0073.JPG,healthy,PlantVillage:Tomato___healthy:::18.0,verified_group,81533ee965dc199d56c99b2e,eligible_verified_subset
4bc4bade7d0415082161ff86,healthy/e545c1a3-4e0a-4951-be42-4d41a14441d7___GH_HL Leaf 211.JPG,healthy,fallback:4bc4bade7d0415082161ff86,fallback_group,4bc4bade7d0415082161ff86,exclude_unresolved_component
166f44a70a2419e2ffb8ef2a,healthy/e55fc417-6c08-4150-913e-11e7c7e15eb7___RS_HL 0504.JPG,healthy,PlantVillage:Tomato___healthy:::126.0,verified_group,2447fc55ae40b868f552f7df,eligible_verified_subset
6f3acb78214d73390dcd557b,healthy/e59d735a-0312-46e4-943a-2262ea2cd502___RS_HL 0428.JPG,healthy,PlantVillage:Tomato___healthy:::107.0,verified_group,5cc520cf8c063d0c06ffd58e,eligible_verified_subset
76d9244c30631a01233e8f5b,healthy/e5d58d21-5846-47aa-a0f7-e5f39c8f8567___RS_HL 0447.JPG,healthy,PlantVillage:Tomato___healthy:::112.0,verified_group,eceb51500c7d855adf7d2762,eligible_verified_subset
425ecf36264b4c816b38d03e,healthy/e5e65db7-de7e-4dc7-a480-9bd7092ccf69___RS_HL 0222.JPG,healthy,PlantVillage:Tomato___healthy:::55.0,verified_group,5fe545bbdb24d5170a686d9f,eligible_verified_subset
32682d8c1d0c7fa12733da88,healthy/e623a5a9-edc8-4c81-ada4-68b3ebadfc7e___RS_HL 0082.JPG,healthy,PlantVillage:Tomato___healthy:::20.0,verified_group,ced6b9c659e75dcf4aa662a9,eligible_verified_subset
45849d56dc8b41c9e909bdeb,healthy/e62a7ec8-3e5e-4a47-be14-a57db0322bb6___RS_HL 9627.JPG,healthy,PlantVillage:Tomato___healthy:::160.0,verified_group,647b93a4e76a662930bad38b,eligible_verified_subset
2615f98da8c4f3c11337e8e8,healthy/e62eacd4-0cba-4793-8c9d-7c97031642a7___RS_HL 9700.JPG,healthy,PlantVillage:Tomato___healthy:::178.0,verified_group,f3871706049a3cc38b6705a2,eligible_verified_subset
0df2d68b21a83f3a4c1c7c4c,healthy/e6584f1d-9338-4807-a2f2-8c0a70220c22___GH_HL Leaf 239.JPG,healthy,fallback:0df2d68b21a83f3a4c1c7c4c,fallback_group,0df2d68b21a83f3a4c1c7c4c,exclude_unresolved_component
3c5387f4910c339ad623f62e,healthy/e66387bd-ae03-4ba8-af0c-533900daa36c___RS_HL 0289.JPG,healthy,PlantVillage:Tomato___healthy:::72.0,verified_group,3377452702c18266a94d3691,eligible_verified_subset
f5745a9483b9d755a1b776cc,healthy/e6782c6b-bf00-492d-a30e-966fd641b823___RS_HL 9939.JPG,healthy,PlantVillage:Tomato___healthy:::237.0,verified_group,b096f1052c6ebda0c442f04e,eligible_verified_subset
87c534dc9e1dcc07f4ce4d6b,healthy/e67f9352-aae3-45f5-9b36-f0da08037d51___RS_HL 9944.JPG,healthy,PlantVillage:Tomato___healthy:::238.0,verified_group,6307a2374901a419c849a592,eligible_verified_subset
d137dcee6c484d4445b10e73,healthy/e67fdf04-f0a3-4351-b65d-a1b7362fc032___GH_HL Leaf 304.1.JPG,healthy,fallback:d137dcee6c484d4445b10e73,fallback_group,d137dcee6c484d4445b10e73,exclude_unresolved_component
05dd0e3159c4e42bd6445f4d,healthy/e6d12c88-7d13-4b26-ada8-c5b34ccc77a5___RS_HL 0435.JPG,healthy,PlantVillage:Tomato___healthy:::109.0,verified_group,11a9215e9f5ed8cd1a401850,eligible_verified_subset
f6c1e7bf0aeffac79d611250,healthy/e6f3e3b6-8d73-4564-9e0b-771302aaa6ef___RS_HL 0626.JPG,healthy,PlantVillage:Tomato___healthy:::154.0,verified_group,6688d6f637c9e29b2db8ef23,eligible_verified_subset
c005c0c85f1bef9c74ae87c5,healthy/e6fdaad9-b536-46c3-a819-faf414cfbf47___GH_HL Leaf 500.2.JPG,healthy,fallback:c005c0c85f1bef9c74ae87c5,fallback_group,c005c0c85f1bef9c74ae87c5,exclude_unresolved_component
c69354ae13790c84fa4fa5c4,healthy/e70e9a4c-481d-4c9c-8130-aff356057803___RS_HL 9661.JPG,healthy,PlantVillage:Tomato___healthy:::168.0,verified_group,1d1e91bd4f40bd19addaddd2,eligible_verified_subset
98458a465b9086e02ede877e,healthy/e73a233d-84c8-407a-aefa-8a3865450351___GH_HL Leaf 222.JPG,healthy,fallback:98458a465b9086e02ede877e,fallback_group,98458a465b9086e02ede877e,exclude_unresolved_component
fc5eb8e76e4b665179bbdd78,healthy/e73f62f9-46f5-4827-a891-169cd96e066e___RS_HL 0467.JPG,healthy,PlantVillage:Tomato___healthy:::117.0,verified_group,fa71caca029d6eb0c31a8e10,eligible_verified_subset
14d41d1de5ce6c94396e56bf,healthy/e74a7250-6e1c-48e8-bef4-deb2724c7b5a___RS_HL 0091.JPG,healthy,PlantVillage:Tomato___healthy:::23.0,verified_group,9244b4d5c1ca02c0c1f24a79,eligible_verified_subset
82c34a205cf376272c95004d,healthy/e786ac89-29fe-47e3-b49e-b9a9ee7edd9d___GH_HL Leaf 342.1.JPG,healthy,fallback:82c34a205cf376272c95004d,fallback_group,2467c7566782b6d46d9f1aad,exclude_unresolved_component
bf2a11ca442360b5d619ee8c,healthy/e7a9a772-95f5-4bd4-ad34-831c3c47c024___RS_HL 9909.JPG,healthy,PlantVillage:Tomato___healthy:::230.0,verified_group,b0eb0165a4054970f0710116,eligible_verified_subset
f83df581d3ee07fa8d2a120e,healthy/e7ab090d-f32a-46c2-b3a2-919d76437fee___RS_HL 0207.JPG,healthy,PlantVillage:Tomato___healthy:::52.0,verified_group,57488ef1da1a7ad2fbff4122,eligible_verified_subset
0290a75792c1c31ed944877b,healthy/e7ca6603-d0c1-4bad-bc53-a45cfebb156f___GH_HL Leaf 355.1.JPG,healthy,fallback:0290a75792c1c31ed944877b,fallback_group,0290a75792c1c31ed944877b,exclude_unresolved_component
367590a086ad009baf01e54e,healthy/e7d07408-70bb-421d-9224-df4961a01cb9___GH_HL Leaf 509.1.JPG,healthy,fallback:367590a086ad009baf01e54e,fallback_group,367590a086ad009baf01e54e,exclude_unresolved_component
6e496ce168faae550bf8eba8,healthy/e84eced1-c0a4-451a-b5bd-482bc3eda5fa___RS_HL 0304.JPG,healthy,PlantVillage:Tomato___healthy:::76.0,verified_group,1f89bc716a98d312c5287350,eligible_verified_subset
844da5b16d0ffcf71b411777,healthy/e8ccc10e-1991-4cd9-8419-fc3857f96867___RS_HL 0550.JPG,healthy,PlantVillage:Tomato___healthy:::137.0,verified_group,1c86117f27a1d47802dc0247,eligible_verified_subset
6a648b64120b2896ca90ddcd,healthy/e8d0f3de-312b-4316-aca4-798a51ebd423___GH_HL Leaf 520.1.JPG,healthy,fallback:6a648b64120b2896ca90ddcd,fallback_group,46a2a9acc4a3a02efb5660c2,exclude_unresolved_component
192215090dea3b571526006b,healthy/e91d2c30-7a45-40db-b913-6714f9b89b1c___GH_HL Leaf 348.JPG,healthy,fallback:192215090dea3b571526006b,fallback_group,192215090dea3b571526006b,exclude_unresolved_component
b37db497fe9d357b093d8346,healthy/e9392a5e-2fac-48c5-a23d-df3aa3f61048___GH_HL Leaf 217.JPG,healthy,fallback:b37db497fe9d357b093d8346,fallback_group,b37db497fe9d357b093d8346,exclude_unresolved_component
382d27901e2280f3cd778ecb,healthy/e95c13d4-9ba6-452e-b53c-03007f575401___GH_HL Leaf 320.JPG,healthy,fallback:382d27901e2280f3cd778ecb,fallback_group,382d27901e2280f3cd778ecb,exclude_unresolved_component
7a56a9e3ad5ede7a2104c3ad,healthy/e969c25d-8cc4-4730-a65b-330cd4d38c9a___GH_HL Leaf 427.JPG,healthy,fallback:7a56a9e3ad5ede7a2104c3ad,fallback_group,7a56a9e3ad5ede7a2104c3ad,exclude_unresolved_component
0b3db77c33041583d1c614d0,healthy/e9dbb60b-ba84-43c7-a1cc-55ce4712e892___RS_HL 0404.JPG,healthy,PlantVillage:Tomato___healthy:::101.0,verified_group,4895aef36c98410b4fa0899f,eligible_verified_subset
26707c9d8ca3d8d1a4114084,healthy/e9f02b46-dbb7-4f41-a1dc-6fe5dfe13d23___RS_HL 9821.JPG,healthy,PlantVillage:Tomato___healthy:::208.0,verified_group,0d984f55170db100c15dbeb8,eligible_verified_subset
836245e3c21bd2c8f619f986,healthy/e9f45c75-db52-4a85-ab72-0b9adf1f047b___GH_HL Leaf 480.1.JPG,healthy,fallback:836245e3c21bd2c8f619f986,fallback_group,56d23210cd9c21ea683b41ec,exclude_unresolved_component
d95dd46a1f18320c3fa6a345,healthy/ea0a8316-361e-4224-a700-5b86a8b93774___GH_HL Leaf 209.JPG,healthy,fallback:d95dd46a1f18320c3fa6a345,fallback_group,d95dd46a1f18320c3fa6a345,exclude_unresolved_component
1eb0df9a1aef41ab6c1d6b04,healthy/ea815fb4-7c6f-4088-94d0-59609294c65e___RS_HL 9785.JPG,healthy,PlantVillage:Tomato___healthy:::199.0,verified_group,8b5270f0ea4fb825c5efa958,eligible_verified_subset
d2ba97298a411a708f828b5d,healthy/eab401a8-c014-4a63-98d4-b6144cfc7bc9___GH_HL Leaf 289.JPG,healthy,fallback:d2ba97298a411a708f828b5d,fallback_group,d2ba97298a411a708f828b5d,exclude_unresolved_component
39e359ae575af1dd2d9c4bd0,healthy/eacb7fe2-5c0a-4058-a7d7-a2270faee988___RS_HL 9654.JPG,healthy,PlantVillage:Tomato___healthy:::167.0,verified_group,84085b9259329395a959e748,eligible_verified_subset
3cd1132467ec9c948b32bf8b,healthy/eb047146-6e86-44bf-a9b5-f668cb2f301b___GH_HL Leaf 225.1.JPG,healthy,fallback:3cd1132467ec9c948b32bf8b,fallback_group,3cd1132467ec9c948b32bf8b,exclude_unresolved_component
5532f22f7c8b361637e56baf,healthy/eb0b95d9-4012-494c-85b6-48f7e250c958___GH_HL Leaf 404.JPG,healthy,fallback:5532f22f7c8b361637e56baf,fallback_group,5532f22f7c8b361637e56baf,exclude_unresolved_component
185940c2bb62fac648e6305c,healthy/eb1f4546-7ba3-4d36-82d2-d5ad42671ae2___RS_HL 9814.JPG,healthy,PlantVillage:Tomato___healthy:::207.0,verified_group,94256f1f38950901e41be5d4,eligible_verified_subset
e40fdca6edb30d9de526d330,healthy/eb2c25bd-b896-45f1-b3a2-7ca6b78c219d___GH_HL Leaf 351.JPG,healthy,fallback:e40fdca6edb30d9de526d330,fallback_group,e40fdca6edb30d9de526d330,exclude_unresolved_component
d768efbac38e12fecbf2de0d,healthy/eb2c5c0c-2422-4c38-af0a-624e97f9f981___RS_HL 0603.JPG,healthy,PlantVillage:Tomato___healthy:::150.0,verified_group,dd2d1275666ce941854684b3,eligible_verified_subset
75c4fa664be4eb5a7b9377e2,healthy/eb31ccad-06e1-43ab-90f9-e86f4cba2fed___RS_HL 0552.JPG,healthy,PlantVillage:Tomato___healthy:::138.0,verified_group,79291e596e537d495a65f1a1,eligible_verified_subset
33030494ad43cfa0e1567d9e,healthy/eb4c170f-af95-48f6-a5da-7e23da76a8e7___GH_HL Leaf 247.1.JPG,healthy,fallback:33030494ad43cfa0e1567d9e,fallback_group,33030494ad43cfa0e1567d9e,exclude_unresolved_component
f8cf435c180450c05c3ecf48,healthy/ebdffabc-9920-4d0b-9f7d-7fb3ee5b731e___RS_HL 0099.JPG,healthy,PlantVillage:Tomato___healthy:::25.0,verified_group,c13311eb04c495f3357bc3d3,eligible_verified_subset
430eadb7021d162c066b311c,healthy/ec1137c0-ec94-4d00-aabd-97bb603f94c4___GH_HL Leaf 407.JPG,healthy,fallback:430eadb7021d162c066b311c,fallback_group,430eadb7021d162c066b311c,exclude_unresolved_component
43926e9f837c652ffb45b881,healthy/ec1bfc74-550b-4478-95c0-d60c1379957a___RS_HL 9879.JPG,healthy,PlantVillage:Tomato___healthy:::223.0,verified_group,23b19d6d1dcb3770422cc643,eligible_verified_subset
d8fa622985fd2dd41eee063f,healthy/ec2ace5b-0368-4012-a46e-21236926193c___RS_HL 0086.JPG,healthy,PlantVillage:Tomato___healthy:::21.0,verified_group,800d8821e05215b271756236,eligible_verified_subset
348586a2c456a236b56a8501,healthy/ec3bb20a-2c19-421b-a4ce-7c06f18914eb___RS_HL 0609.JPG,healthy,PlantVillage:Tomato___healthy:::151.0,verified_group,88177ce02c4d567bf22f446b,eligible_verified_subset
009e21d784f7d6e5455986e5,healthy/ec57d9f8-7dcc-49e6-9ce7-af7d01eda4d1___RS_HL 9718.JPG,healthy,PlantVillage:Tomato___healthy:::183.0,verified_group,8d42ab4a5fa09f3613886dc7,eligible_verified_subset
6b695bae70cb527875c86921,healthy/ec59e000-1ee0-4998-a68f-abbfa6f6d009___RS_HL 0226.JPG,healthy,PlantVillage:Tomato___healthy:::56.0,verified_group,e15400025d4ffb8bc8eb5b6d,eligible_verified_subset
3b4e1722e5d99e80d6b8fba3,healthy/ec754608-21ce-40be-abd0-46a664257065___RS_HL 0376.JPG,healthy,PlantVillage:Tomato___healthy:::94.0,verified_group,712d1f9392ff891b60ba32f3,eligible_verified_subset
c17146b70bc3091b2c32b3c0,healthy/ec768816-02c1-4726-9374-b6d0ccec49d2___RS_HL 0114.JPG,healthy,PlantVillage:Tomato___healthy:::28.0,verified_group,9e79f93f426322796265a28c,eligible_verified_subset
1b3e230b5fc1a6d92986ecae,healthy/ecf64cfc-d521-48af-bb48-06edc78074c5___GH_HL Leaf 323.JPG,healthy,fallback:1b3e230b5fc1a6d92986ecae,fallback_group,1b3e230b5fc1a6d92986ecae,exclude_unresolved_component
7ee21e0d87be6175d8f4988d,healthy/ed4e4d41-ed9d-4e62-9cc8-33fadd791847___RS_HL 0338.JPG,healthy,PlantVillage:Tomato___healthy:::84.0,verified_group,9b4d3b6d0bec43fa0300816c,eligible_verified_subset
35315dd43fe18d9da01af823,healthy/ed6f80a2-c69f-4d33-ad3d-ef2186aa1db1___RS_HL 9669.JPG,healthy,PlantVillage:Tomato___healthy:::170.0,verified_group,33e589d019eb5495a4a780a8,eligible_verified_subset
2ecb5da19364e6f8603d79c4,healthy/ed76421e-84e4-408b-a1b3-c6164867b3d2___RS_HL 0560.JPG,healthy,PlantVillage:Tomato___healthy:::140.0,verified_group,5036e47e2d2867b8d0e4223e,eligible_verified_subset
9421442b05a7a8944ae852ff,healthy/edbb09c6-f6e6-4ce4-ac38-e4fa0b96f4c0___GH_HL Leaf 251.JPG,healthy,fallback:9421442b05a7a8944ae852ff,fallback_group,9421442b05a7a8944ae852ff,exclude_unresolved_component
34fd37be06cae87ad49bcc86,healthy/edd71d50-a50f-4f36-af69-6c9df7c040af___GH_HL Leaf 484.1.JPG,healthy,fallback:34fd37be06cae87ad49bcc86,fallback_group,34fd37be06cae87ad49bcc86,exclude_unresolved_component
cfdc1d08ae634ab02dcd7a86,healthy/edfbcb80-5821-4c6e-a464-79f119de35ae___RS_HL 9903.JPG,healthy,PlantVillage:Tomato___healthy:::229.0,verified_group,a1ff9863a95c3beb0419d563,eligible_verified_subset
3744e1ef46f45f38826c2339,healthy/ee0dd8c0-8db2-4eff-8e4d-76cb146f2b34___GH_HL Leaf 166.2.JPG,healthy,fallback:3744e1ef46f45f38826c2339,fallback_group,3744e1ef46f45f38826c2339,exclude_unresolved_component
96947bb1a35a42a32cc8d01f,healthy/ee83a3b8-911e-455e-be06-20583bfb6b74___GH_HL Leaf 451.JPG,healthy,fallback:96947bb1a35a42a32cc8d01f,fallback_group,96947bb1a35a42a32cc8d01f,exclude_unresolved_component
b302d3b32ade96f1726d33b1,healthy/ef21da16-050f-4be8-a91f-e1fa13ce3991___RS_HL 0242.JPG,healthy,PlantVillage:Tomato___healthy:::60.0,verified_group,d9f76962afb5e1a615cece64,eligible_verified_subset
0cdc766dd97b1de1d3d2bc41,healthy/ef23fd72-1367-41c5-820f-c89533ad258e___GH_HL Leaf 303.1.JPG,healthy,fallback:0cdc766dd97b1de1d3d2bc41,fallback_group,0cdc766dd97b1de1d3d2bc41,exclude_unresolved_component
39a8d02c5a34dd24f81d6ded,healthy/ef492a6d-0db4-4fb5-b513-12a262215f00___RS_HL 9638.JPG,healthy,PlantVillage:Tomato___healthy:::163.0,verified_group,f7d9ff3811bc7504a69fd560,eligible_verified_subset
1ee3f40e4cc01a2a0ddbb226,healthy/ef55e589-0ad8-4602-be35-e0ee6aa33b8a___GH_HL Leaf 300.JPG,healthy,fallback:1ee3f40e4cc01a2a0ddbb226,fallback_group,1ee3f40e4cc01a2a0ddbb226,exclude_unresolved_component
b64c3c8266abe9454e5c5508,healthy/efdf2bd7-ff6c-424a-9d81-dc6628278dc6___RS_HL 0065.JPG,healthy,PlantVillage:Tomato___healthy:::16.0,verified_group,bd6e154513696beb7bab1ed7,eligible_verified_subset
5e6ff88ab717b59287d09da8,healthy/efe02473-2f94-4ff5-a478-cc9d8ebd79da___RS_HL 9671.JPG,healthy,PlantVillage:Tomato___healthy:::171.0,verified_group,321bbd90b279d36b4622adb5,eligible_verified_subset
555756e82197b9dcbdde6b13,healthy/efe384e9-8131-4164-884f-dff1d0995608___RS_HL 0272.JPG,healthy,PlantVillage:Tomato___healthy:::68.0,verified_group,673f8e3c83fdba88d3b8c4f3,eligible_verified_subset
43801996a298de707bdf7283,healthy/efe6c986-b85c-40f1-8cb5-345acbb36b71___RS_HL 0579.JPG,healthy,PlantVillage:Tomato___healthy:::144.0,verified_group,d4ec09c2fbfe9b86840c3e0e,eligible_verified_subset
762e6548f1f472209f1d445e,healthy/f0037c61-001d-4b1f-b794-5b5ab49d50d5___RS_HL 0527.JPG,healthy,PlantVillage:Tomato___healthy:::132.0,verified_group,9cfb86c20acb0014380e9384,eligible_verified_subset
d4c06434eca4277fd1b109a8,healthy/f0068af9-0c54-4a08-8cf1-3890bead99d0___RS_HL 0336.JPG,healthy,PlantVillage:Tomato___healthy:::84.0,verified_group,9b4d3b6d0bec43fa0300816c,eligible_verified_subset
73412a6c2ae4977afb9dd0d1,healthy/f021c403-3d7b-4369-a928-531ca45c3b08___RS_HL 9682.JPG,healthy,PlantVillage:Tomato___healthy:::174.0,verified_group,10f3082ef713d8ab4b3ca1e1,eligible_verified_subset
f3285b50912357bdfb8bcf1a,healthy/f0336650-0021-43e9-9e8c-d921c5532116___RS_HL 0249.JPG,healthy,PlantVillage:Tomato___healthy:::62.0,verified_group,cc40543ed5f2e5c110516a4c,eligible_verified_subset
88a887841744a45b9892ad73,healthy/f04f1e27-b6b0-43a6-b5c5-a4ec6d75ed3e___RS_HL 9737.JPG,healthy,PlantVillage:Tomato___healthy:::187.0,verified_group,4ae39f8b3d4591617a01dc82,eligible_verified_subset
730baa55be98e254ece14552,healthy/f0a9bd86-99c9-45d9-afe1-ca6cf6bbcdd6___RS_HL 9722.JPG,healthy,PlantVillage:Tomato___healthy:::184.0,verified_group,40c4afa1a3af37292d20955e,eligible_verified_subset
600a2175b7fb8c0d63919cff,healthy/f0cc7028-bf33-4ed4-8df0-7f1e80f42d15___GH_HL Leaf 266.JPG,healthy,fallback:600a2175b7fb8c0d63919cff,fallback_group,600a2175b7fb8c0d63919cff,exclude_unresolved_component
b7894099ae62cf397e30c29c,healthy/f163df8f-6510-4520-82ee-779d2679af33___GH_HL Leaf 422.2.JPG,healthy,fallback:b7894099ae62cf397e30c29c,fallback_group,b7894099ae62cf397e30c29c,exclude_unresolved_component
c76dc650ce69ea264cfe3df8,healthy/f17dd662-f947-4892-9136-56dbe0feaca2___RS_HL 0503.JPG,healthy,PlantVillage:Tomato___healthy:::126.0,verified_group,2447fc55ae40b868f552f7df,eligible_verified_subset
a7a60b422e749348f65e1482,healthy/f1b0ad53-6f2a-44bd-9f58-da590c9cdde2___GH_HL Leaf 371.JPG,healthy,fallback:a7a60b422e749348f65e1482,fallback_group,a7a60b422e749348f65e1482,exclude_unresolved_component
a805f8e9e4e5366bc82fa17e,healthy/f1e20811-da4e-4f0f-b8ee-f325d90f6481___RS_HL 0084.JPG,healthy,PlantVillage:Tomato___healthy:::21.0,verified_group,800d8821e05215b271756236,eligible_verified_subset
60e2d2227b46ce5f3c3911c3,healthy/f2758dd2-5274-45df-8f00-639731ec3120___RS_HL 9750.JPG,healthy,PlantVillage:Tomato___healthy:::191.0,verified_group,558952d414dbbdc7400dfd30,eligible_verified_subset
2d75b5f53e4acfe32e23b489,healthy/f2acd891-c219-4c76-b2e7-a55c7c92e018___RS_HL 9898.JPG,healthy,PlantVillage:Tomato___healthy:::228.0,verified_group,5a0fb0ad75f8823741486624,eligible_verified_subset
6909eb913ca616db09d35a75,healthy/f2b8486a-71c9-43e2-8eb6-36476905dd40___GH_HL Leaf 346.JPG,healthy,fallback:6909eb913ca616db09d35a75,fallback_group,6909eb913ca616db09d35a75,exclude_unresolved_component
ccd98ee82023f4b6f32597a5,healthy/f2dc7ab2-444b-413b-b745-03350259c1fc___RS_HL 0326.JPG,healthy,PlantVillage:Tomato___healthy:::81.0,verified_group,3a814fd91dd06bd1c8b33c51,eligible_verified_subset
41a3910d574a1b73cda5813c,healthy/f2f5162b-7cc7-4315-8692-d1eaab98c554___GH_HL Leaf 507.2.JPG,healthy,fallback:41a3910d574a1b73cda5813c,fallback_group,41a3910d574a1b73cda5813c,exclude_unresolved_component
e76265df8b08bb0999a8dc0a,healthy/f3231f5f-c6cf-4a37-a3da-5d6e7a8afb0e___RS_HL 0450.JPG,healthy,PlantVillage:Tomato___healthy:::112.0,verified_group,eceb51500c7d855adf7d2762,eligible_verified_subset
0f6c7efc1c18f22dacf9c26a,healthy/f32a71f9-5468-4169-aa2f-e895f070bfc7___RS_HL 9997.JPG,healthy,PlantVillage:Tomato___healthy:::250.0,verified_group,c24f165606f681b9d2e412ac,eligible_verified_subset
f776407b735182bdd2409614,healthy/f3bc0c64-2d60-4031-b696-66a313460663___GH_HL Leaf 517.4.JPG,healthy,fallback:f776407b735182bdd2409614,fallback_group,f776407b735182bdd2409614,exclude_unresolved_component
be559f3d349087da878a485b,healthy/f433b7ce-cddb-4f22-8b0f-2376789c45f1___GH_HL Leaf 337.JPG,healthy,fallback:be559f3d349087da878a485b,fallback_group,be559f3d349087da878a485b,exclude_unresolved_component
0cd2a68d3275affe6ec73ccb,healthy/f437a6f0-4c35-4d6b-8eaa-ca57f18fad53___GH_HL Leaf 229.JPG,healthy,fallback:0cd2a68d3275affe6ec73ccb,fallback_group,0cd2a68d3275affe6ec73ccb,exclude_unresolved_component
adc36f1ff5cc502606c65445,healthy/f44c5128-2575-4fda-82c7-9954ead65027___GH_HL Leaf 384.JPG,healthy,fallback:adc36f1ff5cc502606c65445,fallback_group,adc36f1ff5cc502606c65445,exclude_unresolved_component
7939673278a4b0211247e3ed,healthy/f48aed97-8db4-40a5-aa39-e2c3c70fe8be___GH_HL Leaf 524.1.JPG,healthy,fallback:7939673278a4b0211247e3ed,fallback_group,7939673278a4b0211247e3ed,exclude_unresolved_component
e22ed5655c9f743e85c6713f,healthy/f4d64977-50b0-4967-87cf-95f282f287d4___RS_HL 0554.JPG,healthy,PlantVillage:Tomato___healthy:::138.0,verified_group,79291e596e537d495a65f1a1,eligible_verified_subset
9510685cc9bc7c019498c5ec,healthy/f4eb7211-c823-4d1c-bb69-a74a123a2d05___RS_HL 0112.JPG,healthy,PlantVillage:Tomato___healthy:::28.0,verified_group,9e79f93f426322796265a28c,eligible_verified_subset
04caa9c2f8951b63e3efde56,healthy/f4ef07ac-f42d-44b3-8433-368b03b422d2___RS_HL 9743.JPG,healthy,PlantVillage:Tomato___healthy:::189.0,verified_group,dcb6bfa893222efe4df97199,eligible_verified_subset
eba676c86e866659d945bd30,healthy/f5252d99-6752-457b-b430-965d545d3b41___RS_HL 0412.JPG,healthy,PlantVillage:Tomato___healthy:::103.0,verified_group,d3f04e52d3fa3f7392a62f4e,eligible_verified_subset
77733967a6d2a66a258a4ab2,healthy/f54a5053-dca2-4460-bd8d-27be3eb1e9b4___GH_HL Leaf 495.1.JPG,healthy,fallback:77733967a6d2a66a258a4ab2,fallback_group,77733967a6d2a66a258a4ab2,exclude_unresolved_component
3eb488afe0ef55f36c8ce087,healthy/f60f6c8b-54f7-4002-b26d-636037912c4d___RS_HL 9956.JPG,healthy,PlantVillage:Tomato___healthy:::241.0,verified_group,7bfd178bed5b3ba88a7b363b,eligible_verified_subset
06dd3ae6ec60d0c42fb2a584,healthy/f62d9b06-1625-4277-9347-0f3097c41fcf___GH_HL Leaf 518.2.JPG,healthy,fallback:06dd3ae6ec60d0c42fb2a584,fallback_group,06dd3ae6ec60d0c42fb2a584,exclude_unresolved_component
8b82fd67ea416a955c60ffdd,healthy/f65afb75-30bc-4d44-adbd-d262ebe07ad5___GH_HL Leaf 222.1.JPG,healthy,fallback:8b82fd67ea416a955c60ffdd,fallback_group,8b82fd67ea416a955c60ffdd,exclude_unresolved_component
43e742bacbc2c34ecd978e2b,healthy/f6884753-9a44-4f1c-a99b-ef40faa2df5a___RS_HL 0492.JPG,healthy,PlantVillage:Tomato___healthy:::123.0,verified_group,18aa70142ba4e3879db3c50a,eligible_verified_subset
c307fda87f20b3277c6e42fb,healthy/f6a5a9a3-f9a6-4fad-83c3-2ce3e8618b52___RS_HL 0169.JPG,healthy,PlantVillage:Tomato___healthy:::42.0,verified_group,b8ace946dbbb0476306de1c2,eligible_verified_subset
66c477f40ec9254df4bc8e1a,healthy/f7069452-9405-45a6-bfb3-f21ea42b9b02___RS_HL 9966.JPG,healthy,PlantVillage:Tomato___healthy:::244.0,verified_group,c95eb81a022cdce82011318b,eligible_verified_subset
41a82fbf25f3eea211cc3da2,healthy/f7d044c0-6900-4624-9c20-fa27aa0911ff___GH_HL Leaf 275.JPG,healthy,fallback:41a82fbf25f3eea211cc3da2,fallback_group,41a82fbf25f3eea211cc3da2,exclude_unresolved_component
a5ec47a1e36b7360a02265f5,healthy/f7df2411-8e50-46e1-b43a-cca357bee1af___GH_HL Leaf 521.1.JPG,healthy,fallback:a5ec47a1e36b7360a02265f5,fallback_group,a5ec47a1e36b7360a02265f5,exclude_unresolved_component
5819fdfa6ab63ca5b8bd26a8,healthy/f81def4f-22a7-4036-bfab-51b245f4a2ab___RS_HL 0055.JPG,healthy,PlantVillage:Tomato___healthy:::14.0,verified_group,70553d0b04689e40f81e6351,eligible_verified_subset
7e77cc63665b4a8c6a372b06,healthy/f9546cff-061d-4240-88ba-492272a92847___GH_HL Leaf 176.2.JPG,healthy,fallback:7e77cc63665b4a8c6a372b06,fallback_group,7e77cc63665b4a8c6a372b06,exclude_unresolved_component
6e23db583ccdfcc22e0d5472,healthy/f96987aa-d19d-415b-a68c-73a07a47d521___RS_HL 9736.JPG,healthy,PlantVillage:Tomato___healthy:::187.0,verified_group,4ae39f8b3d4591617a01dc82,eligible_verified_subset
3d27863b78300e2c43b87c09,healthy/fa55bcc1-cda8-458e-a137-579f1dc1bda8___RS_HL 9845.JPG,healthy,PlantVillage:Tomato___healthy:::214.0,verified_group,99e959edf6d58cc109eef4f4,eligible_verified_subset
27aa588daf7bd2755be7ada4,healthy/fab41c44-a8b6-4821-8ffa-08a2c1234970___RS_HL 0070.JPG,healthy,PlantVillage:Tomato___healthy:::17.0,verified_group,8ea8cecad35d1e8cf1496c07,eligible_verified_subset
202a05812c72ec55a7e8088d,healthy/fad6841f-6194-4cf4-8101-b42206bd476c___RS_HL 0411.JPG,healthy,PlantVillage:Tomato___healthy:::103.0,verified_group,d3f04e52d3fa3f7392a62f4e,eligible_verified_subset
d0ce6cb445b80648d0f580d1,healthy/fad75ca9-7035-4045-b3d3-475b558d49ba___RS_HL 0010.JPG,healthy,PlantVillage:Tomato___healthy:::2.0,verified_group,f899da3ac86bfa9625ddbf93,eligible_verified_subset
327ebdbf14a1181fbfa86241,healthy/fae1be6a-cac5-481b-96ab-4a4abae39af5___RS_HL 0227.JPG,healthy,PlantVillage:Tomato___healthy:::57.0,verified_group,25600cc3b315d3ef36f51a4f,eligible_verified_subset
9b7656a25a2992aa71411e30,healthy/fb084c48-8c42-43a1-8193-191ba873bd2d___GH_HL Leaf 514.1.JPG,healthy,fallback:9b7656a25a2992aa71411e30,fallback_group,9b7656a25a2992aa71411e30,exclude_unresolved_component
2edc81ba3283cdcf1d4d70cf,healthy/fb0f6e2b-1f21-406f-83d3-2c6236d47ca0___RS_HL 0042.JPG,healthy,PlantVillage:Tomato___healthy:::10.0,verified_group,a8a45eca49ee02bfefae5dcb,eligible_verified_subset
bc47259d58953a6c48bb6150,healthy/fb123526-11fd-4d0d-96cc-3423da0b61a2___RS_HL 9756.JPG,healthy,PlantVillage:Tomato___healthy:::192.0,verified_group,8235487f48dff9f35efb0936,eligible_verified_subset
1620c3e1597319f960dce3d3,healthy/fb2c7e00-39a7-4be3-b8d1-b4c42c65e20e___RS_HL 9636.JPG,healthy,PlantVillage:Tomato___healthy:::162.0,verified_group,47fcacee78ebe2b6c9ab6e7e,eligible_verified_subset
1563269d9f277e0d4dfc1f88,healthy/fb4ce6df-613b-4d52-8e11-28dfa448a5e1___GH_HL Leaf 483.JPG,healthy,fallback:1563269d9f277e0d4dfc1f88,fallback_group,1563269d9f277e0d4dfc1f88,exclude_unresolved_component
c58edef9b740b368e4243782,healthy/fb73cd43-aa32-4aba-978f-034c9c809c25___RS_HL 9749.JPG,healthy,PlantVillage:Tomato___healthy:::190.0,verified_group,7ac0e39b59c7724ef40a588e,eligible_verified_subset
107485d8085089f361b47147,healthy/fc1e8e1c-5939-4ad9-b87e-2cbb77cef418___RS_HL 0536.JPG,healthy,PlantVillage:Tomato___healthy:::134.0,verified_group,565d6417181f5e80cf1beaf8,eligible_verified_subset
8eba1d8d984bb32c866ca3d4,healthy/fc22b565-e97b-454d-8792-fd945d1badc5___RS_HL 9880.JPG,healthy,PlantVillage:Tomato___healthy:::223.0,verified_group,23b19d6d1dcb3770422cc643,eligible_verified_subset
f8cf54f94853b1a451bcd57c,healthy/fc5c5672-d1e5-4374-bd99-608d95609a7f___RS_HL 0474.JPG,healthy,PlantVillage:Tomato___healthy:::118.0,verified_group,232b705fc61c60f085558518,eligible_verified_subset
e53e97ab20e8939e64465de9,healthy/fc5d1b1e-a225-463a-ab66-ab8f3dbf1861___GH_HL Leaf 363.JPG,healthy,fallback:e53e97ab20e8939e64465de9,fallback_group,e53e97ab20e8939e64465de9,exclude_unresolved_component
6bd6466372f158066dc29ee0,healthy/fc849a80-15fd-486d-bedc-0239e1278660___RS_HL 0494.JPG,healthy,PlantVillage:Tomato___healthy:::123.0,verified_group,18aa70142ba4e3879db3c50a,eligible_verified_subset
4b53a8836608d0948330182a,healthy/fccb58ad-1644-403e-851b-dd3a27c893ef___GH_HL Leaf 387.1.JPG,healthy,fallback:4b53a8836608d0948330182a,fallback_group,4b53a8836608d0948330182a,exclude_unresolved_component
b6882581d281b403e706816f,healthy/fcf52850-1cc7-4b7a-8e89-3c3ec1f4be1d___RS_HL 9766.JPG,healthy,PlantVillage:Tomato___healthy:::195.0,verified_group,5a818bd734e0e9f2b68e17aa,eligible_verified_subset
84ff7f592151b08fc566ad05,healthy/fcfb486e-63dc-405c-8a17-0551e5f76959___RS_HL 9663.JPG,healthy,PlantVillage:Tomato___healthy:::169.0,verified_group,f5446021eb3eabed0df29455,eligible_verified_subset
c9831458b42337ec8077eefa,healthy/fd061d12-644d-4ac5-a0b5-2e88469e506b___GH_HL Leaf 414.JPG,healthy,fallback:c9831458b42337ec8077eefa,fallback_group,c9831458b42337ec8077eefa,exclude_unresolved_component
1a07825d499aec38aa858b1a,healthy/fd09836b-96be-498a-a720-e17a54522de7___RS_HL 9687.JPG,healthy,PlantVillage:Tomato___healthy:::175.0,verified_group,ccf65fbff50635279f07666e,eligible_verified_subset
bf166669355712fc49abcc6d,healthy/fd1db002-680b-432b-9d60-68b80a4a310f___RS_HL 0049.JPG,healthy,PlantVillage:Tomato___healthy:::12.0,verified_group,3c712158de475da901329691,eligible_verified_subset
8d8d8cea35fec6ee76754d3e,healthy/fd27de23-27cd-4f09-a962-df0b26899b07___RS_HL 0039.JPG,healthy,PlantVillage:Tomato___healthy:::10.0,verified_group,a8a45eca49ee02bfefae5dcb,eligible_verified_subset
0677b035278ff9cdab44cf55,healthy/fd2fa9cc-2147-40ff-9e71-0056eb7884ed___GH_HL Leaf 285.JPG,healthy,fallback:0677b035278ff9cdab44cf55,fallback_group,c104554db175bd65e7d52671,exclude_unresolved_component
27dbb5de175af660c063c663,healthy/fd31ab37-d2af-40c8-9292-e143807ec0f2___RS_HL 0507.JPG,healthy,PlantVillage:Tomato___healthy:::127.0,verified_group,a1b2abb89f0b4996dd7b988f,eligible_verified_subset
d29407621356ad582c616911,healthy/fd75c626-bda9-4388-8b29-75d40ea7c6d4___RS_HL 0041.JPG,healthy,PlantVillage:Tomato___healthy:::10.0,verified_group,a8a45eca49ee02bfefae5dcb,eligible_verified_subset
bb21aacc5f15e154a686f062,healthy/fda63621-b0eb-4938-8ec4-8afffc81ddd6___GH_HL Leaf 268.JPG,healthy,fallback:bb21aacc5f15e154a686f062,fallback_group,bb21aacc5f15e154a686f062,exclude_unresolved_component
039bb7f304cf1e15d1d22c76,healthy/fdbbea63-18e0-401f-8269-64ba005ab53f___RS_HL 0213.JPG,healthy,PlantVillage:Tomato___healthy:::53.0,verified_group,099bdbad9374de937400f316,eligible_verified_subset
534a2cfd5fbab82e9ee509b1,healthy/fde29807-8223-4fc5-a06b-7cc93101a6d1___GH_HL Leaf 174.JPG,healthy,fallback:534a2cfd5fbab82e9ee509b1,fallback_group,534a2cfd5fbab82e9ee509b1,exclude_unresolved_component
1159192ce96378064881f375,healthy/fe0b76dc-4263-4cda-8840-310ebe72a432___GH_HL Leaf 490.JPG,healthy,fallback:1159192ce96378064881f375,fallback_group,1159192ce96378064881f375,exclude_unresolved_component
1962c3c661483c6bf3253ac9,healthy/fe0e2d7f-3aee-4c36-8fe1-661b4eacc994___GH_HL Leaf 507.1.JPG,healthy,fallback:1962c3c661483c6bf3253ac9,fallback_group,1962c3c661483c6bf3253ac9,exclude_unresolved_component
27587e27b45953090118e1ea,healthy/fe28e4c7-0c35-4f52-984e-0e60f33a2c6e___GH_HL Leaf 198.JPG,healthy,fallback:27587e27b45953090118e1ea,fallback_group,27587e27b45953090118e1ea,exclude_unresolved_component
90518976becf24d0f8c65463,healthy/fe8f8808-2631-491e-a46b-bd2a1a4958e7___GH_HL Leaf 213.1.JPG,healthy,fallback:90518976becf24d0f8c65463,fallback_group,f1499fa8a7fc6531842b20eb,exclude_unresolved_component
7a926f1feaee78973f93d76f,healthy/feda8fd2-1d18-443e-a7d9-15bd6bf8ce66___RS_HL 0332.JPG,healthy,PlantVillage:Tomato___healthy:::83.0,verified_group,72a595ea947f4b3c06a82fab,eligible_verified_subset
e86dbea8504b00125d3d3540,healthy/ff354b62-5981-43d1-8cfe-ac58bc20ca20___GH_HL Leaf 221.JPG,healthy,fallback:e86dbea8504b00125d3d3540,fallback_group,e86dbea8504b00125d3d3540,exclude_unresolved_component
6187c76a30a8b6f484452779,healthy/ff774aec-2504-4d11-8a61-2fd74c689a6f___RS_HL 9904.JPG,healthy,PlantVillage:Tomato___healthy:::229.0,verified_group,a1ff9863a95c3beb0419d563,eligible_verified_subset
05c23a44110b67eb16103dcd,healthy/ff8b36d5-feaf-4d2d-8126-18670a312657___RS_HL 0229.JPG,healthy,PlantVillage:Tomato___healthy:::57.0,verified_group,25600cc3b315d3ef36f51a4f,eligible_verified_subset
26709530dfa132744a1a29db,healthy/ffb39943-eabb-42cf-ad09-b17019e46d66___RS_HL 9871.JPG,healthy,PlantVillage:Tomato___healthy:::221.0,verified_group,1cf597a739ea45ddd8f08770,eligible_verified_subset
1cf7b25df3de0da2d57a0737,healthy/ffd8aa68-138f-4114-96c7-21eef72e1e13___RS_HL 9881.JPG,healthy,PlantVillage:Tomato___healthy:::223.0,verified_group,23b19d6d1dcb3770422cc643,eligible_verified_subset
b2ac6ef2dc08a64e717d1210,late_blight/0003faa8-4b27-4c65-bf42-6d9e352ca1a5___RS_Late.B 4946.JPG,late_blight,PlantVillage:Tomato___Late_blight:::21.0,verified_group,b2ac6ef2dc08a64e717d1210,eligible_verified_subset
528803e6c9eb13b5c7de4c28,late_blight/00355ec2-f12c-4015-b8f9-94354f69ce22___RS_Late.B 5311.JPG,late_blight,PlantVillage:Tomato___Late_blight:::78.0,verified_group,528803e6c9eb13b5c7de4c28,eligible_verified_subset
1645982c80dd7ebb91942b2e,late_blight/005a2c1f-4e15-49e4-9e5c-61dc3ecf9708___RS_Late.B 5096.JPG,late_blight,PlantVillage:Tomato___Late_blight:::51.0,verified_group,1645982c80dd7ebb91942b2e,eligible_verified_subset
edaaccec585eb5e0e4e13d5d,late_blight/005e3b43-9050-47da-9498-f9ecdcc703b3___RS_Late.B 5104.JPG,late_blight,PlantVillage:Tomato___Late_blight:::52.0,verified_group,edaaccec585eb5e0e4e13d5d,eligible_verified_subset
437511fce93aea76a8af1473,late_blight/008ebb44-eb77-4843-b621-4b88b5df7d43___RS_Late.B 5188.JPG,late_blight,PlantVillage:Tomato___Late_blight:::67.0,verified_group,2a0c3378d064c25e92c8d9dd,eligible_verified_subset
4493aa2714d955b9f48f4428,late_blight/00ce4c63-9913-4b16-898c-29f99acf0dc3___RS_Late.B 4982.JPG,late_blight,PlantVillage:Tomato___Late_blight:::29.0,verified_group,4493aa2714d955b9f48f4428,eligible_verified_subset
7dfc1fcff8e6369726ff2f0d,late_blight/013f987a-9371-4763-a104-ea6f326e584b___GHLB2 Leaf 8556.JPG,late_blight,fallback:7dfc1fcff8e6369726ff2f0d,fallback_group,7dfc1fcff8e6369726ff2f0d,exclude_unresolved_component
90ac9a0d33bb9c5c37694e90,late_blight/01425d17-4c97-46e3-b395-c1453b78ab78___GHLB2 Leaf 9100.JPG,late_blight,fallback:90ac9a0d33bb9c5c37694e90,fallback_group,90ac9a0d33bb9c5c37694e90,exclude_unresolved_component
63867997435dffa6a324f489,late_blight/014d4972-1301-46d3-afc4-56470b774137___GHLB2 Leaf 8831.JPG,late_blight,fallback:63867997435dffa6a324f489,fallback_group,63867997435dffa6a324f489,exclude_unresolved_component
b2cc029653915db2edefea60,late_blight/014eee0c-8000-4762-b4b8-63ecc2fadc13___GHLB2ES Leaf 69.1.JPG,late_blight,fallback:b2cc029653915db2edefea60,fallback_group,b2cc029653915db2edefea60,exclude_unresolved_component
040bfc15840df3c6c06603ae,late_blight/01527fac-41e4-484c-af41-1ed7bc3b5ce6___RS_Late.B 6134.JPG,late_blight,PlantVillage:Tomato___Late_blight:::136.0,verified_group,040bfc15840df3c6c06603ae,eligible_verified_subset
b40c99c9659d08b4dad9e0cd,late_blight/0172b2ff-6f6f-43e1-9a63-ea4bb2bce450___GHLB_PS Leaf 17 Day 9.jpg,late_blight,fallback:b40c99c9659d08b4dad9e0cd,fallback_group,b40c99c9659d08b4dad9e0cd,exclude_unresolved_component
a7d95a09101bcc0a255832fc,late_blight/017a9839-6097-45aa-85b0-3051db151484___RS_Late.B 5125.JPG,late_blight,PlantVillage:Tomato___Late_blight:::57.0,verified_group,a7d95a09101bcc0a255832fc,eligible_verified_subset
5d1a9e630d724180d92d6a88,late_blight/01a68044-9c5b-4658-a944-6108c6862ce7___GHLB Leaf 2.1 Day 16.JPG,late_blight,fallback:5d1a9e630d724180d92d6a88,fallback_group,5d1a9e630d724180d92d6a88,exclude_unresolved_component
be27bf50f73d9091db62689f,late_blight/01c391d2-1b3a-4b58-b205-a75674bba6e9___GHLB2 Leaf 8824.JPG,late_blight,fallback:be27bf50f73d9091db62689f,fallback_group,be27bf50f73d9091db62689f,exclude_unresolved_component
a542744cc842e6c76b740c07,late_blight/01cd2d73-c741-45a5-9610-a2cea2266b80___GHLB2 Leaf 121.JPG,late_blight,fallback:a542744cc842e6c76b740c07,fallback_group,a542744cc842e6c76b740c07,exclude_unresolved_component
f7d0b42cd53454fd9a11cf56,late_blight/01d9be0b-c5e7-49db-8cdf-46bd0ef2c6e7___RS_Late.B 7066.JPG,late_blight,PlantVillage:Tomato___Late_blight:::218.0,verified_group,f7d0b42cd53454fd9a11cf56,eligible_verified_subset
20487e6323208b8cb222a679,late_blight/01ebf21e-ef94-4c92-b007-0b26741c2fc8___GHLB2 Leaf 9075.JPG,late_blight,fallback:20487e6323208b8cb222a679,fallback_group,20487e6323208b8cb222a679,exclude_unresolved_component
16909658dfa2b4db60c45632,late_blight/01ece5a1-8398-4e68-a9e3-198c57b51b01___GHLB2 Leaf 8757.JPG,late_blight,fallback:16909658dfa2b4db60c45632,fallback_group,16909658dfa2b4db60c45632,exclude_unresolved_component
8272a34962fe57e04a940543,late_blight/021a9808-21f7-464a-8df2-2eda5ed98eda___RS_Late.B 5356.JPG,late_blight,PlantVillage:Tomato___Late_blight:::84.0,verified_group,8272a34962fe57e04a940543,eligible_verified_subset
f7ea33fa99809422e390fcb8,late_blight/021ca736-df21-458a-9010-fab4803f08fe___RS_Late.B 7010.JPG,late_blight,PlantVillage:Tomato___Late_blight:::213.0,verified_group,f7ea33fa99809422e390fcb8,eligible_verified_subset
f526d2c7e1a3bbddd7323070,late_blight/0220afd9-d40e-4b72-8405-78b417c7b8af___GHLB2 Leaf 8987.JPG,late_blight,fallback:f526d2c7e1a3bbddd7323070,fallback_group,f526d2c7e1a3bbddd7323070,exclude_unresolved_component
defca9c18b68b9285ca16591,late_blight/023315df-8824-4760-9480-4dca3a023931___GHLB2 Leaf 8719.JPG,late_blight,fallback:defca9c18b68b9285ca16591,fallback_group,defca9c18b68b9285ca16591,exclude_unresolved_component
63cca0008cd66b3e73c3446d,late_blight/024dc5bb-7990-4256-b2b4-a8495b71cbd4___RS_Late.B 6064.JPG,late_blight,PlantVillage:Tomato___Late_blight:::127.0,verified_group,63cca0008cd66b3e73c3446d,eligible_verified_subset
36b51bbdde7a186093897e25,late_blight/02790384-a589-421b-8695-693e77970418___GHLB2 Leaf 8920.JPG,late_blight,fallback:36b51bbdde7a186093897e25,fallback_group,36b51bbdde7a186093897e25,exclude_unresolved_component
7be8834e433063d1bb299143,late_blight/02a3e0cd-04da-4e08-b929-167bcb7f46f4___GHLB2 Leaf 8731.JPG,late_blight,fallback:7be8834e433063d1bb299143,fallback_group,7be8834e433063d1bb299143,exclude_unresolved_component
c095389a0ffaf56f46c7fa5f,late_blight/02effbf1-e958-4531-a19b-f8be754d2805___RS_Late.B 5206.JPG,late_blight,PlantVillage:Tomato___Late_blight:::70.0,verified_group,c095389a0ffaf56f46c7fa5f,eligible_verified_subset
5a0a6b3da5405ae1973fed63,late_blight/02fe963e-7c68-4fd3-9f8f-36bf9e153c20___GHLB2 Leaf 8581.JPG,late_blight,fallback:5a0a6b3da5405ae1973fed63,fallback_group,5a0a6b3da5405ae1973fed63,exclude_unresolved_component
84a4dfdb14e1062e839f93b6,late_blight/031ab3ab-02f4-4397-9886-54345461580d___RS_Late.B 6654.JPG,late_blight,PlantVillage:Tomato___Late_blight:::182.0,verified_group,84a4dfdb14e1062e839f93b6,eligible_verified_subset
65d632e380478c65a1e1847a,late_blight/0334d40b-d880-442f-a7db-e5c85a2e0bed___RS_Late.B 6367.JPG,late_blight,PlantVillage:Tomato___Late_blight:::162.0,verified_group,65d632e380478c65a1e1847a,eligible_verified_subset
99f882beba29f8b095b20fd2,late_blight/037c55c7-6e33-4b8d-af05-4d555f4e658e___GHLB_PS Leaf 42.1 Day 18.jpg,late_blight,fallback:99f882beba29f8b095b20fd2,fallback_group,99f882beba29f8b095b20fd2,exclude_unresolved_component
845d170452d6c9bd40754115,late_blight/039e5d57-64e2-41de-8ccf-e44598bcedb0___RS_Late.B 6883.JPG,late_blight,PlantVillage:Tomato___Late_blight:::200.0,verified_group,845d170452d6c9bd40754115,eligible_verified_subset
de3868615cd70ce8335e9090,late_blight/03a0f11e-9d47-49c4-ba45-773b8aa9f2e1___GHLB2 Leaf 8767.JPG,late_blight,fallback:de3868615cd70ce8335e9090,fallback_group,de3868615cd70ce8335e9090,exclude_unresolved_component
707ae7afdee357429ff39e87,late_blight/03a15d38-e1b5-4586-b763-2bad2d268290___RS_Late.B 5207.JPG,late_blight,PlantVillage:Tomato___Late_blight:::70.0,verified_group,c095389a0ffaf56f46c7fa5f,eligible_verified_subset
f793ec922d6cc21f1a3e9648,late_blight/03ccfc6a-8142-4f46-8eb5-f7fc77978081___RS_Late.B 4916.JPG,late_blight,PlantVillage:Tomato___Late_blight:::16.0,verified_group,f793ec922d6cc21f1a3e9648,eligible_verified_subset
0f58f525ccd810a69aa95032,late_blight/03d8267a-c675-439f-9b98-a9c7653dd05e___GHLB2 Leaf 8558.JPG,late_blight,fallback:0f58f525ccd810a69aa95032,fallback_group,0f58f525ccd810a69aa95032,exclude_unresolved_component
c8cf22376bc77022418d6151,late_blight/03e8a2f9-6a7e-43dd-8a1b-3eb7cf99b89b___RS_Late.B 5034.JPG,late_blight,PlantVillage:Tomato___Late_blight:::38.0,verified_group,c8cf22376bc77022418d6151,eligible_verified_subset
ce7b2c763e30ca11d6d70c52,late_blight/03f008be-5b97-4827-a2e2-88136b3c8714___RS_Late.B 6290.JPG,late_blight,PlantVillage:Tomato___Late_blight:::155.0,verified_group,ce7b2c763e30ca11d6d70c52,eligible_verified_subset
ff433fc4ca5e92dcaaf839f3,late_blight/0406a9d1-1b4e-42e2-814b-e03e525a51b2___RS_Late.B 5224.JPG,late_blight,PlantVillage:Tomato___Late_blight:::72.0,verified_group,ff433fc4ca5e92dcaaf839f3,eligible_verified_subset
ab14f9508103499c709c36d8,late_blight/0418161a-871a-4d36-b988-c95f89e0feaf___RS_Late.B 7063.JPG,late_blight,PlantVillage:Tomato___Late_blight:::217.0,verified_group,ab14f9508103499c709c36d8,eligible_verified_subset
95383324207071019ba6c9db,late_blight/04540250-4926-47a6-9240-e047a04befc5___GHLB2 Leaf 9019.JPG,late_blight,fallback:95383324207071019ba6c9db,fallback_group,95383324207071019ba6c9db,exclude_unresolved_component
5596079b9bca769994a688b2,late_blight/046c65f2-b155-4018-b161-825191c5faaa___RS_Late.B 5042.JPG,late_blight,PlantVillage:Tomato___Late_blight:::40.0,verified_group,5596079b9bca769994a688b2,eligible_verified_subset
10750af775746d9cebdab5b4,late_blight/048eddf2-6142-4031-b23a-654cc3803d01___RS_Late.B 6097.JPG,late_blight,PlantVillage:Tomato___Late_blight:::132.0,verified_group,10750af775746d9cebdab5b4,eligible_verified_subset
6efc3f19b8bcb76f4282b429,late_blight/049dbcab-de65-4f09-9b1b-e59886f56f2e___RS_Late.B 5141.JPG,late_blight,PlantVillage:Tomato___Late_blight:::60.0,verified_group,6efc3f19b8bcb76f4282b429,eligible_verified_subset
3731d0c4a5e6b9cf2c7154fb,late_blight/04ba0ca5-c52c-4bab-897b-2d38f7835a03___RS_Late.B 5631.JPG,late_blight,PlantVillage:Tomato___Late_blight:::119.0,verified_group,3731d0c4a5e6b9cf2c7154fb,eligible_verified_subset
a007aa93e02b36a2b51c0cbe,late_blight/04d8f472-b6ba-4bf7-82eb-a643937af9aa___GHLB2 Leaf 113.3.JPG,late_blight,fallback:a007aa93e02b36a2b51c0cbe,fallback_group,a007aa93e02b36a2b51c0cbe,exclude_unresolved_component
d68c6e2dd0cddbb4365c7bfc,late_blight/04da342d-5952-4f2f-b19c-14cdc7fcb07b___GHLB2 Leaf 8716.JPG,late_blight,fallback:d68c6e2dd0cddbb4365c7bfc,fallback_group,d68c6e2dd0cddbb4365c7bfc,exclude_unresolved_component
48cef3dbc8c9a29220c132af,late_blight/050ddb3f-1eb7-4905-8fa3-fc537dc50b7a___GHLB2 Leaf 9042.JPG,late_blight,fallback:48cef3dbc8c9a29220c132af,fallback_group,48cef3dbc8c9a29220c132af,exclude_unresolved_component
661df630a47125e130ea4912,late_blight/0524e8c4-56d9-41e2-b22d-33f22950ff93___RS_Late.B 5320.JPG,late_blight,PlantVillage:Tomato___Late_blight:::79.0,verified_group,661df630a47125e130ea4912,eligible_verified_subset
be659f4ceb39bc86edf19ff4,late_blight/052ec825-37a3-4467-a5ea-2e0601c29fbd___RS_Late.B 6786.JPG,late_blight,PlantVillage:Tomato___Late_blight:::192.0,verified_group,be659f4ceb39bc86edf19ff4,eligible_verified_subset
100ec64699b894d6f9b6bf42,late_blight/0545d961-8c4c-43ee-9574-e05d7682a99f___GHLB2 Leaf 8631.JPG,late_blight,fallback:100ec64699b894d6f9b6bf42,fallback_group,100ec64699b894d6f9b6bf42,exclude_unresolved_component
58273333e10fceb1d8e6eea4,late_blight/0566e4e3-675b-4289-9e36-ad199448975b___GHLB2 Leaf 161.2.JPG,late_blight,fallback:58273333e10fceb1d8e6eea4,fallback_group,58273333e10fceb1d8e6eea4,exclude_unresolved_component
5ee390f4a015bc34b6d597a5,late_blight/05a34df9-4fc9-460a-b675-3c4a37cfdf4c___GHLB2 Leaf 8917.JPG,late_blight,fallback:5ee390f4a015bc34b6d597a5,fallback_group,5ee390f4a015bc34b6d597a5,exclude_unresolved_component
b8bdd14a8d96e70f7678b5c4,late_blight/05b90bad-941f-499f-a2f6-a88e54c1da85___GHLB2 Leaf 155.2.JPG,late_blight,fallback:b8bdd14a8d96e70f7678b5c4,fallback_group,b8bdd14a8d96e70f7678b5c4,exclude_unresolved_component
8c1ca0dda4c7b5942018ae6c,late_blight/0605d1be-b99b-408d-bace-e5ba23e72b27___RS_Late.B 5282.JPG,late_blight,PlantVillage:Tomato___Late_blight:::75.0,verified_group,8c1ca0dda4c7b5942018ae6c,eligible_verified_subset
8924f48105c39c5663f33ceb,late_blight/06412832-90d3-4713-9e82-f2cca52dadc8___GHLB2 Leaf 8734.JPG,late_blight,fallback:8924f48105c39c5663f33ceb,fallback_group,8924f48105c39c5663f33ceb,exclude_unresolved_component
72b39bc9bb2f55d4e15c6620,late_blight/06471eca-3cac-4cc9-afc3-1841af0ba672___GHLB2 Leaf 8893.JPG,late_blight,fallback:72b39bc9bb2f55d4e15c6620,fallback_group,72b39bc9bb2f55d4e15c6620,exclude_unresolved_component
eebf4fff2489870903bd06a2,late_blight/067fa506-1859-485a-9a17-53aaf0e8b1c3___RS_Late.B 6641.JPG,late_blight,PlantVillage:Tomato___Late_blight:::181.0,verified_group,eebf4fff2489870903bd06a2,eligible_verified_subset
9d4b0f1e5aed5ccaab7e0d5e,late_blight/06913075-dad1-4047-b5a2-74fe680efa3b___RS_Late.B 6048.JPG,late_blight,PlantVillage:Tomato___Late_blight:::126.0,verified_group,9d4b0f1e5aed5ccaab7e0d5e,eligible_verified_subset
a16568dbeeb6c147d165d396,late_blight/06a7cfd9-0992-4020-8a11-79249d657c0c___GHLB2 Leaf 131.JPG,late_blight,fallback:a16568dbeeb6c147d165d396,fallback_group,a16568dbeeb6c147d165d396,exclude_unresolved_component
08710e7721944a2eccb2b8bd,late_blight/06b911b8-1375-4da1-929c-2294c4051ece___GHLB2 Leaf 8883.JPG,late_blight,fallback:08710e7721944a2eccb2b8bd,fallback_group,08710e7721944a2eccb2b8bd,exclude_unresolved_component
a9671fce4c3dc937ac79f039,late_blight/06c6a302-ae34-4d38-9e4b-3a6acdd42d91___GHLB2 Leaf 9047.JPG,late_blight,fallback:a9671fce4c3dc937ac79f039,fallback_group,a9671fce4c3dc937ac79f039,exclude_unresolved_component
d38d0f2a5115c3aaa7ef02b2,late_blight/06f654df-cf43-4fd6-b30f-78425136bc35___GHLB2 Leaf 86.2.JPG,late_blight,fallback:d38d0f2a5115c3aaa7ef02b2,fallback_group,d38d0f2a5115c3aaa7ef02b2,exclude_unresolved_component
172a46126780c2704f5af17a,late_blight/06f7c4e6-abd5-4399-9083-ed241a9c4bab___RS_Late.B 5407.JPG,late_blight,PlantVillage:Tomato___Late_blight:::90.0,verified_group,172a46126780c2704f5af17a,eligible_verified_subset
636713e022b884377369155f,late_blight/0736fe9f-bd15-4a85-ab6e-2b570b10f377___GHLB2 Leaf 64.1.JPG,late_blight,fallback:636713e022b884377369155f,fallback_group,636713e022b884377369155f,exclude_unresolved_component
1d96668c84018c31a3f3322c,late_blight/07672c2f-860a-455f-9fa4-f761f4bc090e___RS_Late.B 5017.JPG,late_blight,PlantVillage:Tomato___Late_blight:::35.0,verified_group,1d96668c84018c31a3f3322c,eligible_verified_subset
637df8a8511338a3e36156bb,late_blight/076b2ce4-1c8f-42a6-9f7d-b0be9c0a01cd___RS_Late.B 5108.JPG,late_blight,PlantVillage:Tomato___Late_blight:::53.0,verified_group,637df8a8511338a3e36156bb,eligible_verified_subset
f43dc38b6e424f7f8f98b87a,late_blight/077c04cc-184d-4efd-bbc3-093cd61bedef___RS_Late.B 5560.JPG,late_blight,PlantVillage:Tomato___Late_blight:::109.0,verified_group,f43dc38b6e424f7f8f98b87a,eligible_verified_subset
27a8b632244f3902cbcc8163,late_blight/07897854-c2ab-465b-8cf7-a134b6066a1c___GHLB Leaf 1.1 Day 6.JPG,late_blight,fallback:27a8b632244f3902cbcc8163,fallback_group,27a8b632244f3902cbcc8163,exclude_unresolved_component
294e97e05086b267196ca12c,late_blight/078a999d-6e6f-427e-a1e6-80b4d2df2bae___GHLB2 Leaf 9029.JPG,late_blight,fallback:294e97e05086b267196ca12c,fallback_group,294e97e05086b267196ca12c,exclude_unresolved_component
ececd065ed5189fe13b6925a,late_blight/079f7695-a60e-4a35-a1f3-fbe71cf19126___GHLB2 Leaf 8783.JPG,late_blight,fallback:ececd065ed5189fe13b6925a,fallback_group,ececd065ed5189fe13b6925a,exclude_unresolved_component
5d73e73e30281701220d661e,late_blight/07b42bb5-9f6c-43bc-9bbe-e4b127d84cb6___GHLB Leaf 18.1 Day 8.jpg,late_blight,fallback:5d73e73e30281701220d661e,fallback_group,5d73e73e30281701220d661e,exclude_unresolved_component
f5efd24b8b22ad3cd4699d32,late_blight/07c7f8bf-5f9c-4b94-bea8-c549866e206e___GHLB2 Leaf 101.2.JPG,late_blight,fallback:f5efd24b8b22ad3cd4699d32,fallback_group,f5efd24b8b22ad3cd4699d32,exclude_unresolved_component
d09903d70110092d63cec3cd,late_blight/07cca2ca-6b0f-4322-8779-beb94bc219b0___RS_Late.B 6037.JPG,late_blight,PlantVillage:Tomato___Late_blight:::124.0,verified_group,d09903d70110092d63cec3cd,eligible_verified_subset
d77b109a73ac32fbdc71d765,late_blight/07d7ad48-0740-4cf5-9a26-91fd9296d6b3___RS_Late.B 5464.JPG,late_blight,PlantVillage:Tomato___Late_blight:::99.0,verified_group,d77b109a73ac32fbdc71d765,eligible_verified_subset
8270f2581f0653f23c8d99c0,late_blight/07eb29e8-112d-4bcb-8b65-aba4b4307f2a___RS_Late.B 6907.JPG,late_blight,PlantVillage:Tomato___Late_blight:::203.0,verified_group,8270f2581f0653f23c8d99c0,eligible_verified_subset
6d1de2776e05ca04ffb1d17f,late_blight/081d1e25-3f06-46a1-95ef-d10a62faa80f___GHLB2 Leaf 8600.JPG,late_blight,fallback:6d1de2776e05ca04ffb1d17f,fallback_group,6d1de2776e05ca04ffb1d17f,exclude_unresolved_component
2adfa133cd039b1f00998ace,late_blight/083bd43d-7dcb-4f3c-a0ca-6de1f468c9ef___RS_Late.B 5173.JPG,late_blight,PlantVillage:Tomato___Late_blight:::64.0,verified_group,2adfa133cd039b1f00998ace,eligible_verified_subset
a27a2bf9bf9396eee6b3e9a7,late_blight/08593ca1-a595-44d1-8052-3d1430f305d3___GHLB2 Leaf 8579.JPG,late_blight,fallback:a27a2bf9bf9396eee6b3e9a7,fallback_group,a27a2bf9bf9396eee6b3e9a7,exclude_unresolved_component
80a168b76d3f46cb7a5388bb,late_blight/0862d3c1-82db-4f51-9acf-4908a7733600___GHLB2 Leaf 9005.JPG,late_blight,fallback:80a168b76d3f46cb7a5388bb,fallback_group,80a168b76d3f46cb7a5388bb,exclude_unresolved_component
b320f69168fa31acd7fc5209,late_blight/0879b927-2226-455f-9eac-10f5e1f36fdd___RS_Late.B 5331.JPG,late_blight,PlantVillage:Tomato___Late_blight:::81.0,verified_group,b320f69168fa31acd7fc5209,eligible_verified_subset
41e3df4c176d03e158e9fd27,late_blight/08816f81-65f4-4372-84e8-d27b67a193d5___GHLB2 Leaf 152.JPG,late_blight,fallback:41e3df4c176d03e158e9fd27,fallback_group,41e3df4c176d03e158e9fd27,exclude_unresolved_component
4db0068196d477877809b1d2,late_blight/08931b78-a571-41bf-b5b4-6904ffbbe8b7___GHLB Leaf 1.1 Day 12.JPG,late_blight,fallback:4db0068196d477877809b1d2,fallback_group,4db0068196d477877809b1d2,exclude_unresolved_component
45657aba5e987545c9323a18,late_blight/0893ac69-4004-4577-b4aa-496983116208___GHLB2 Leaf 8738.JPG,late_blight,fallback:45657aba5e987545c9323a18,fallback_group,45657aba5e987545c9323a18,exclude_unresolved_component
e8a52fe805b1d5b987e0a242,late_blight/08a723e4-6b51-4395-8013-b1f3f03709b8___GHLB2 Leaf 8967.JPG,late_blight,fallback:e8a52fe805b1d5b987e0a242,fallback_group,e8a52fe805b1d5b987e0a242,exclude_unresolved_component
5c2413e2ecf0f9964e9d1e75,late_blight/08a94695-4566-49aa-84df-91980c3534a2___RS_Late.B 5396.JPG,late_blight,PlantVillage:Tomato___Late_blight:::88.0,verified_group,5c2413e2ecf0f9964e9d1e75,eligible_verified_subset
d228042d12d2b24783404a5c,late_blight/08c1db4d-e947-4499-beff-ed2d8025d725___RS_Late.B 6113.JPG,late_blight,PlantVillage:Tomato___Late_blight:::133.0,verified_group,d228042d12d2b24783404a5c,eligible_verified_subset
e4d095d4f304c607c903c726,late_blight/08f6ed0a-4cd0-4bd3-8983-469002cad2d9___GHLB2 Leaf 9078.JPG,late_blight,fallback:e4d095d4f304c607c903c726,fallback_group,e4d095d4f304c607c903c726,exclude_unresolved_component
c42648dad9012bea2c0569de,late_blight/0920260a-69be-47bb-bb71-8a2c2cab149b___GHLB2 Leaf 88.1.JPG,late_blight,fallback:c42648dad9012bea2c0569de,fallback_group,c42648dad9012bea2c0569de,exclude_unresolved_component
80c3bc125b81a11a3336e79b,late_blight/0931f7e6-8481-4d03-8fe6-d4ae7637142d___RS_Late.B 4917.JPG,late_blight,PlantVillage:Tomato___Late_blight:::17.0,verified_group,80c3bc125b81a11a3336e79b,eligible_verified_subset
215648ce99d21cf2ef8775a6,late_blight/09590524-981f-4dc5-b6e3-5225a0c48019___GHLB2ES Leaf 140.JPG,late_blight,fallback:215648ce99d21cf2ef8775a6,fallback_group,215648ce99d21cf2ef8775a6,exclude_unresolved_component
8927c7e61301f72e9a0d83ae,late_blight/098502fa-e07f-4d89-8279-adf307800887___GHLB2 Leaf 8980.JPG,late_blight,fallback:8927c7e61301f72e9a0d83ae,fallback_group,8927c7e61301f72e9a0d83ae,exclude_unresolved_component
be826f53de58ad3d1cb2192a,late_blight/098f19fb-1064-4c96-9498-70adcd29f5ae___GHLB2 Leaf 8973.JPG,late_blight,fallback:be826f53de58ad3d1cb2192a,fallback_group,be826f53de58ad3d1cb2192a,exclude_unresolved_component
674162824739ade8f84b2cdb,late_blight/0990b491-dd31-4b62-aa5a-c7bce97d552c___RS_Late.B 5558.JPG,late_blight,PlantVillage:Tomato___Late_blight:::108.0,verified_group,674162824739ade8f84b2cdb,eligible_verified_subset
276c69a3ef986c819c2f5fa2,late_blight/09cdb8a4-0c20-4acd-b4c8-709fad7010fd___GHLB_PS Leaf 37 Day 16.jpg,late_blight,fallback:276c69a3ef986c819c2f5fa2,fallback_group,276c69a3ef986c819c2f5fa2,exclude_unresolved_component
7ba4195121d4ca56beb6ce09,late_blight/09d2deda-7403-489f-b723-5ae5e00e2311___GHLB2 Leaf 8756.JPG,late_blight,fallback:7ba4195121d4ca56beb6ce09,fallback_group,7ba4195121d4ca56beb6ce09,exclude_unresolved_component
784e6a720f0416c1d1fe7a54,late_blight/09e2fe63-c535-4986-a697-ed275752dc75___GHLB2 Leaf 9030.JPG,late_blight,fallback:784e6a720f0416c1d1fe7a54,fallback_group,784e6a720f0416c1d1fe7a54,exclude_unresolved_component
ad362c6734787089cf8d9242,late_blight/0a39aa48-3f94-4696-9e43-ff4a93529dc3___RS_Late.B 5103.JPG,late_blight,PlantVillage:Tomato___Late_blight:::52.0,verified_group,edaaccec585eb5e0e4e13d5d,eligible_verified_subset
df3f628ade455f92b35807ce,late_blight/0a3f65fc-ef1c-4aed-b235-46bae4e5c0e7___GHLB2 Leaf 9065.JPG,late_blight,fallback:df3f628ade455f92b35807ce,fallback_group,df3f628ade455f92b35807ce,exclude_unresolved_component
d95ef9e4c08500c86d9052ed,late_blight/0a4b3cde-c83a-4c83-b037-010369738152___RS_Late.B 6985.JPG,late_blight,PlantVillage:Tomato___Late_blight:::210.0,verified_group,d95ef9e4c08500c86d9052ed,eligible_verified_subset
ace860fb8b395c149d95e9dc,late_blight/0a6203b9-ced0-4934-ae23-4a7d2e2e2fdd___RS_Late.B 6424.JPG,late_blight,PlantVillage:Tomato___Late_blight:::165.0,verified_group,ace860fb8b395c149d95e9dc,eligible_verified_subset
2e6e70c5d138b8b67477e899,late_blight/0a8967d4-bb72-4fe4-8096-55fc57437557___RS_Late.B 6974.JPG,late_blight,PlantVillage:Tomato___Late_blight:::209.0,verified_group,2e6e70c5d138b8b67477e899,eligible_verified_subset
e7f3b7f0cc1b075dfdaa12f0,late_blight/0ab172fa-ac7b-4a3e-90c8-0708703eb3bb___RS_Late.B 5572.JPG,late_blight,PlantVillage:Tomato___Late_blight:::111.0,verified_group,e7f3b7f0cc1b075dfdaa12f0,eligible_verified_subset
c190396da6c6e303e4b3e854,late_blight/0ab1cab4-a0c9-4323-9a64-cdafa4342a9b___GHLB2 Leaf 8918.JPG,late_blight,fallback:c190396da6c6e303e4b3e854,fallback_group,c190396da6c6e303e4b3e854,exclude_unresolved_component
cd7268289fc5fc2b698908f1,late_blight/0ab391bd-e5ba-479c-919b-3aa9a94f66db___GHLB2 Leaf 8934.JPG,late_blight,fallback:cd7268289fc5fc2b698908f1,fallback_group,cd7268289fc5fc2b698908f1,exclude_unresolved_component
0341f4adada76e5ed762c025,late_blight/0ac3df5b-d713-42ef-b0ad-20b5410237ad___RS_Late.B 4969.JPG,late_blight,PlantVillage:Tomato___Late_blight:::26.0,verified_group,0341f4adada76e5ed762c025,eligible_verified_subset
5bf925fccb10726f32fa292d,late_blight/0b137624-885b-4d9b-b9e6-330c6681de4b___GHLB2 Leaf 8848.JPG,late_blight,fallback:5bf925fccb10726f32fa292d,fallback_group,5bf925fccb10726f32fa292d,exclude_unresolved_component
df41a35a5d288750ed6bfac9,late_blight/0b33d7a7-d017-4857-845a-874a004ccd26___RS_Late.B 4970.JPG,late_blight,PlantVillage:Tomato___Late_blight:::26.0,verified_group,0341f4adada76e5ed762c025,eligible_verified_subset
1aa03432c05f39ebc35eeff8,late_blight/0b3c7107-cef9-455e-8fa0-30039b9fc206___RS_Late.B 5038.JPG,late_blight,PlantVillage:Tomato___Late_blight:::39.0,verified_group,1aa03432c05f39ebc35eeff8,eligible_verified_subset
b66d4610b763809bc619b7cf,late_blight/0b52ebed-e711-41f2-bfd1-af73410b370e___RS_Late.B 5463.JPG,late_blight,PlantVillage:Tomato___Late_blight:::99.0,verified_group,d77b109a73ac32fbdc71d765,eligible_verified_subset
1abd10dc03f08b6482cf7d3d,late_blight/0b6caac4-cc62-4c46-9de4-1815a0aa6dbe___GHLB2 Leaf 8799.JPG,late_blight,fallback:1abd10dc03f08b6482cf7d3d,fallback_group,1abd10dc03f08b6482cf7d3d,exclude_unresolved_component
b480811393172d5f0573802b,late_blight/0b988f87-fdce-40ba-aa09-7e6c9e1d6d30___GHLB_PS Leaf 21 Day 8.jpg,late_blight,fallback:b480811393172d5f0573802b,fallback_group,b480811393172d5f0573802b,exclude_unresolved_component
773457b1f8b25b2408935d1f,late_blight/0ba7d3d8-5c4c-4365-ba0c-69f61e96a36e___RS_Late.B 5312.JPG,late_blight,PlantVillage:Tomato___Late_blight:::78.0,verified_group,528803e6c9eb13b5c7de4c28,eligible_verified_subset
a9f0a071c5537f7deec4faa7,late_blight/0bb05a47-55a2-4c23-9dd2-3a5abf17c9f4___GHLB Leaf 5 Day 1.JPG,late_blight,fallback:a9f0a071c5537f7deec4faa7,fallback_group,a9f0a071c5537f7deec4faa7,exclude_unresolved_component
26ac517d0f72c862ac0c2403,late_blight/0c192fbe-38eb-4abb-a858-8bc39942a3ef___RS_Late.B 6076.JPG,late_blight,PlantVillage:Tomato___Late_blight:::129.0,verified_group,26ac517d0f72c862ac0c2403,eligible_verified_subset
77244f38b83e7f0e3d5f2a23,late_blight/0c3153b2-0e64-41b6-902a-66eafbf7cae6___GHLB Leaf 4.1 Day 1.JPG,late_blight,fallback:77244f38b83e7f0e3d5f2a23,fallback_group,77244f38b83e7f0e3d5f2a23,exclude_unresolved_component
f2632910ca344eb5a77565b9,late_blight/0c47de5b-adbe-479f-8ccf-5b8c530c32f8___RS_Late.B 6312.JPG,late_blight,PlantVillage:Tomato___Late_blight:::157.0,verified_group,f2632910ca344eb5a77565b9,eligible_verified_subset
bc78f033fa64cb8153d74af8,late_blight/0c73c79f-a384-4729-83c7-72c9b04da20c___GHLB2 Leaf 8927.JPG,late_blight,fallback:bc78f033fa64cb8153d74af8,fallback_group,bc78f033fa64cb8153d74af8,exclude_unresolved_component
97de35ba77ed513a2f62f8df,late_blight/0c9ff8e1-b610-43e3-b914-5e9576dd8083___GHLB2 Leaf 107.1.JPG,late_blight,fallback:97de35ba77ed513a2f62f8df,fallback_group,97de35ba77ed513a2f62f8df,exclude_unresolved_component
affca2151d54728b70e64a46,late_blight/0cc44f97-c421-4824-92a9-c9a18b005d1d___GHLB2 Leaf 8540.JPG,late_blight,fallback:affca2151d54728b70e64a46,fallback_group,affca2151d54728b70e64a46,exclude_unresolved_component
16601424dfe33ec6849b6468,late_blight/0ccaeb36-37ff-4328-91c8-99aabd68f442___RS_Late.B 6596.JPG,late_blight,PlantVillage:Tomato___Late_blight:::177.0,verified_group,16601424dfe33ec6849b6468,eligible_verified_subset
29f2658705e32bc551844d60,late_blight/0cdd34fe-e8f2-41a7-b634-475338233f87___GHLB2 Leaf 8801.JPG,late_blight,fallback:29f2658705e32bc551844d60,fallback_group,29f2658705e32bc551844d60,exclude_unresolved_component
7b6dd1df3446af9df9f333ce,late_blight/0d7a68e9-3df0-4ef8-88f7-c0a202725c5d___RS_Late.B 6787.JPG,late_blight,PlantVillage:Tomato___Late_blight:::192.0,verified_group,be659f4ceb39bc86edf19ff4,eligible_verified_subset
b810e2049e769b822dd0bf6b,late_blight/0d7b0e84-1c99-4699-84ed-ca86aec642e5___GHLB2 Leaf 8652.JPG,late_blight,fallback:b810e2049e769b822dd0bf6b,fallback_group,b810e2049e769b822dd0bf6b,exclude_unresolved_component
02a2ab0b7f74b6b6bae5c815,late_blight/0d98a9eb-18e7-47e7-9010-196189bae113___RS_Late.B 5047.JPG,late_blight,PlantVillage:Tomato___Late_blight:::41.0,verified_group,02a2ab0b7f74b6b6bae5c815,eligible_verified_subset
f980b22474f50a365a5d804f,late_blight/0da23640-656e-4f03-be14-4b4b36811861___GHLB2 Leaf 9072.JPG,late_blight,fallback:f980b22474f50a365a5d804f,fallback_group,f980b22474f50a365a5d804f,exclude_unresolved_component
f3e4bb528ff6cc10e66dce6e,late_blight/0da53824-7b3b-43a9-9b34-146a7f71ef7e___RS_Late.B 6958.JPG,late_blight,PlantVillage:Tomato___Late_blight:::207.0,verified_group,f3e4bb528ff6cc10e66dce6e,eligible_verified_subset
5d2bdfba0cb833ddeeced9ef,late_blight/0db85707-41f9-42df-ba3b-842d14f00a68___GHLB2 Leaf 8909.JPG,late_blight,fallback:5d2bdfba0cb833ddeeced9ef,fallback_group,5d2bdfba0cb833ddeeced9ef,exclude_unresolved_component
93e94b703eaa483e57fb2c0a,late_blight/0dc24e61-c636-49e4-9a3d-3aa9a0efb429___GHLB2ES Leaf 69.JPG,late_blight,fallback:93e94b703eaa483e57fb2c0a,fallback_group,93e94b703eaa483e57fb2c0a,exclude_unresolved_component
5f296bfd6bb6186e3f542b91,late_blight/0dd9d965-d68a-4e47-ba02-ebcadf13c7ae___GHLB2 Leaf 78.1.JPG,late_blight,fallback:5f296bfd6bb6186e3f542b91,fallback_group,5f296bfd6bb6186e3f542b91,exclude_unresolved_component
4cc20f647fb342d7fc62893d,late_blight/0e244a32-08cd-471c-90dd-141c354c20b3___GHLB2 Leaf 8634.JPG,late_blight,fallback:4cc20f647fb342d7fc62893d,fallback_group,4cc20f647fb342d7fc62893d,exclude_unresolved_component
0fdb53e8b48a69e63b375366,late_blight/0e451078-be73-4e6b-b329-a7b0fa1f152b___GHLB2 Leaf 8612.JPG,late_blight,fallback:0fdb53e8b48a69e63b375366,fallback_group,0fdb53e8b48a69e63b375366,exclude_unresolved_component
0b9a9f2211d3489e418467a7,late_blight/0e669afb-1315-4903-b7ca-1a0ffa95d454___RS_Late.B 5626.JPG,late_blight,PlantVillage:Tomato___Late_blight:::119.0,verified_group,3731d0c4a5e6b9cf2c7154fb,eligible_verified_subset
82bc5f4ef4b43103346d391b,late_blight/0ead4ae7-b14a-4f00-862b-f8ca126136ec___GHLB2 Leaf 89.2.JPG,late_blight,fallback:82bc5f4ef4b43103346d391b,fallback_group,82bc5f4ef4b43103346d391b,exclude_unresolved_component
f7708e227120f2c538fa09ed,late_blight/0ed7d5f6-9394-4ae7-87db-3de58f469263___GHLB2 Leaf 8732.JPG,late_blight,fallback:f7708e227120f2c538fa09ed,fallback_group,f7708e227120f2c538fa09ed,exclude_unresolved_component
d7542a9a3c40b5f32fab0f39,late_blight/0f575c94-5c7d-4058-9e65-9046572f9370___GHLB2 Leaf 8956.JPG,late_blight,fallback:d7542a9a3c40b5f32fab0f39,fallback_group,d7542a9a3c40b5f32fab0f39,exclude_unresolved_component
05a737f7d3c165a7f61c5f38,late_blight/0f67214c-eede-4292-b731-30ef1c47b7b6___RS_Late.B 4902.JPG,late_blight,PlantVillage:Tomato___Late_blight:::14.0,verified_group,05a737f7d3c165a7f61c5f38,eligible_verified_subset
3aee12640719fd7a1f4d7c7d,late_blight/0f8887d8-24b4-4f25-bc03-d47421ab47f7___RS_Late.B 4948.JPG,late_blight,PlantVillage:Tomato___Late_blight:::22.0,verified_group,3aee12640719fd7a1f4d7c7d,eligible_verified_subset
cda882242e811b1557f8108f,late_blight/0fa1b773-fe9f-4440-ab2a-cfbc39c9cd2b___RS_Late.B 6230.JPG,late_blight,PlantVillage:Tomato___Late_blight:::148.0,verified_group,cda882242e811b1557f8108f,eligible_verified_subset
00e6220863fd6021ba50feb6,late_blight/0fca6d09-1931-4767-a195-1dd2b7cd10b7___GHLB Leaf 8 Day 12.JPG,late_blight,fallback:00e6220863fd6021ba50feb6,fallback_group,00e6220863fd6021ba50feb6,exclude_unresolved_component
ffe6ba750670f710c0027e35,late_blight/0fd882fa-471d-4bcc-ab2b-efdfaf904bc3___GHLB2 Leaf 8915.JPG,late_blight,fallback:ffe6ba750670f710c0027e35,fallback_group,ffe6ba750670f710c0027e35,exclude_unresolved_component
67e8979b280d2102738e66e9,late_blight/10019e40-277e-4d69-8dee-8c034a3752a1___GHLB2ES Leaf 62.JPG,late_blight,fallback:67e8979b280d2102738e66e9,fallback_group,67e8979b280d2102738e66e9,exclude_unresolved_component
4169234b3b525950aff794c0,late_blight/10020ad2-c9bc-448b-a2de-7a8d34796f96___GHLB_PS Leaf 2.1 Day 13.jpg,late_blight,fallback:4169234b3b525950aff794c0,fallback_group,4169234b3b525950aff794c0,exclude_unresolved_component
1e9ee79112cb8447403a3cb8,late_blight/100a5029-a6c0-4a07-a40a-f27d6d44cdc9___GHLB2 Leaf 9002.JPG,late_blight,fallback:1e9ee79112cb8447403a3cb8,fallback_group,1e9ee79112cb8447403a3cb8,exclude_unresolved_component
a16f9f0cae0eca83a1aa3928,late_blight/1058d7d2-1b7d-40cc-ab26-95b2da23198b___RS_Late.B 4964.JPG,late_blight,PlantVillage:Tomato___Late_blight:::25.0,verified_group,a16f9f0cae0eca83a1aa3928,eligible_verified_subset
5e8e82bd76e86a253099af32,late_blight/10acd4c3-b1b8-4fc7-848a-c9af30086e78___GHLB_PS Leaf 28.2 Day 13.jpg,late_blight,fallback:5e8e82bd76e86a253099af32,fallback_group,5e8e82bd76e86a253099af32,exclude_unresolved_component
c205b4cfbdebb098478a732e,late_blight/10bdda57-bfe5-4403-a4c6-a1211d4f348e___GHLB_PS Leaf 20 Day 8.jpg,late_blight,fallback:c205b4cfbdebb098478a732e,fallback_group,c205b4cfbdebb098478a732e,exclude_unresolved_component
4b1012693d368343d1acaac5,late_blight/10d91c8f-6d77-4c15-ad21-459688b52055___GHLB2 Leaf 154.4.JPG,late_blight,fallback:4b1012693d368343d1acaac5,fallback_group,4b1012693d368343d1acaac5,exclude_unresolved_component
664a13e4a37bc06bacb51090,late_blight/10f6247e-c3d0-4f3f-92aa-f1da76db8086___RS_Late.B 5147.JPG,late_blight,PlantVillage:Tomato___Late_blight:::61.0,verified_group,664a13e4a37bc06bacb51090,eligible_verified_subset
f590fa4f09ca26bea8c1ffa8,late_blight/1159051e-1278-4b35-929c-e26b963d048f___GHLB_PS Leaf 8.1 Day 16.jpg,late_blight,fallback:f590fa4f09ca26bea8c1ffa8,fallback_group,f590fa4f09ca26bea8c1ffa8,exclude_unresolved_component
a3ef3ee830c801ba7c1dd51d,late_blight/116c7fc2-8443-40b7-a8c0-9619e3e46f08___GHLB2 Leaf 8797.JPG,late_blight,fallback:a3ef3ee830c801ba7c1dd51d,fallback_group,a3ef3ee830c801ba7c1dd51d,exclude_unresolved_component
a869394e58411572f22bc7e2,late_blight/117a7f38-eaa6-4f88-b892-33e2a66d77d5___RS_Late.B 5129.JPG,late_blight,PlantVillage:Tomato___Late_blight:::57.0,verified_group,a7d95a09101bcc0a255832fc,eligible_verified_subset
dd76bc67bfd22398a06f770f,late_blight/118be78d-e498-427f-8399-add5e8ab1b15___GHLB2 Leaf 149.3.JPG,late_blight,fallback:dd76bc67bfd22398a06f770f,fallback_group,dd76bc67bfd22398a06f770f,exclude_unresolved_component
5d2de855641764e72048baf0,late_blight/11b2caf9-a56c-4d3e-bea4-a5d00affd161___RS_Late.B 6140.JPG,late_blight,PlantVillage:Tomato___Late_blight:::137.0,verified_group,5d2de855641764e72048baf0,eligible_verified_subset
998d3e322a377b101e1c0a12,late_blight/12044cb0-2591-4696-8a85-3d3f319f4f6a___GHLB2 Leaf 8977.JPG,late_blight,fallback:998d3e322a377b101e1c0a12,fallback_group,998d3e322a377b101e1c0a12,exclude_unresolved_component
238e996dec5e982ca1e6f7a5,late_blight/121097dd-b0cb-436b-9b2f-7dab30c86872___GHLB_PS Leaf 37.1 Day 13.jpg,late_blight,fallback:238e996dec5e982ca1e6f7a5,fallback_group,238e996dec5e982ca1e6f7a5,exclude_unresolved_component
40d948bce18cdef56e5f5251,late_blight/12125c80-42e3-4970-bb92-524262c337fa___GHLB_PS Leaf 8.1 Day 7.jpg,late_blight,fallback:40d948bce18cdef56e5f5251,fallback_group,40d948bce18cdef56e5f5251,exclude_unresolved_component
a133602a7131cf40125a44c4,late_blight/123c4b62-8641-4d88-b8cd-1c2e24a6c3a5___GHLB_PS Leaf 26.2 Day 13.jpg,late_blight,fallback:a133602a7131cf40125a44c4,fallback_group,a133602a7131cf40125a44c4,exclude_unresolved_component
8b9b89ac5ae5a80621d375d9,late_blight/126e12d3-3d51-4ba6-861f-e6ed09ee951f___GHLB2 Leaf 9021.JPG,late_blight,fallback:8b9b89ac5ae5a80621d375d9,fallback_group,8b9b89ac5ae5a80621d375d9,exclude_unresolved_component
cf7bcd047327d07eb02ce1fe,late_blight/127f2df5-4da2-40ef-ba65-91a732f2498e___GHLB_PS Leaf 40.1 Day 18.jpg,late_blight,fallback:cf7bcd047327d07eb02ce1fe,fallback_group,cf7bcd047327d07eb02ce1fe,exclude_unresolved_component
7f99d797a85983ce76040284,late_blight/12c80d02-59c6-4db4-a96e-b28c3fdaf3c2___GHLB_PS Leaf 1.2 Day 9.jpg,late_blight,fallback:7f99d797a85983ce76040284,fallback_group,7f99d797a85983ce76040284,exclude_unresolved_component
049f9cef81dfd9565b1b854e,late_blight/12d62ed2-a145-4400-824d-3e4d5f64418a___RS_Late.B 6586.JPG,late_blight,PlantVillage:Tomato___Late_blight:::176.0,verified_group,049f9cef81dfd9565b1b854e,eligible_verified_subset
8e6efe68d7b9ed390b2fac6f,late_blight/1329e768-8331-4853-8d35-c03f5586c645___GHLB2 Leaf 8867.JPG,late_blight,fallback:8e6efe68d7b9ed390b2fac6f,fallback_group,8e6efe68d7b9ed390b2fac6f,exclude_unresolved_component
b12a915b9345f80bc099aaf7,late_blight/1350ac99-ea6a-43a2-8ab5-178219b286ba___GHLB2 Leaf 8673.JPG,late_blight,fallback:b12a915b9345f80bc099aaf7,fallback_group,b12a915b9345f80bc099aaf7,exclude_unresolved_component
bdf9cb9ff6bb0440c6197dfc,late_blight/13533985-e30d-4023-8bd3-7a45b07816ca___RS_Late.B 5593.JPG,late_blight,PlantVillage:Tomato___Late_blight:::115.0,verified_group,bdf9cb9ff6bb0440c6197dfc,eligible_verified_subset
c9ae74bb72dd1da19f48dcf5,late_blight/13668efa-2c92-4e5a-94e1-e0bc53aab6c6___RS_Late.B 6962.JPG,late_blight,PlantVillage:Tomato___Late_blight:::208.0,verified_group,c9ae74bb72dd1da19f48dcf5,eligible_verified_subset
df9b03607f6c66f5d3603582,late_blight/136d79a3-4eea-4415-9f3e-0ccb61d7aeef___RS_Late.B 5216.JPG,late_blight,PlantVillage:Tomato___Late_blight:::71.0,verified_group,df9b03607f6c66f5d3603582,eligible_verified_subset
f9b8e58dca9ea5b6be8dbcd2,late_blight/13adbb9e-c4e1-46bd-8621-ae351dd464ca___RS_Late.B 6595.JPG,late_blight,PlantVillage:Tomato___Late_blight:::177.0,verified_group,16601424dfe33ec6849b6468,eligible_verified_subset
481043d73f39469d9c90c2af,late_blight/14113767-0c24-4607-97bc-04dccb35a23c___GHLB2 Leaf 8966.JPG,late_blight,fallback:481043d73f39469d9c90c2af,fallback_group,481043d73f39469d9c90c2af,exclude_unresolved_component
16202f624dd72af15816d99e,late_blight/142fbb48-886a-4b2b-8a2a-52e548e7e2b7___GHLB2 Leaf 117.3.JPG,late_blight,fallback:16202f624dd72af15816d99e,fallback_group,16202f624dd72af15816d99e,exclude_unresolved_component
9ccd22a78205fb70a4093fb5,late_blight/1430346f-f3f2-4766-bd0e-c6f9316851e9___RS_Late.B 6311.JPG,late_blight,PlantVillage:Tomato___Late_blight:::157.0,verified_group,f2632910ca344eb5a77565b9,eligible_verified_subset
5f8e9582603255d809a24010,late_blight/1449ecb2-0325-49ba-80f1-2040b739fddd___RS_Late.B 7044.JPG,late_blight,PlantVillage:Tomato___Late_blight:::215.0,verified_group,5f8e9582603255d809a24010,eligible_verified_subset
965b3b6dcda1d1a2730627eb,late_blight/14592b7a-517d-4c17-94d1-9c493e8c4ab5___RS_Late.B 6878.JPG,late_blight,PlantVillage:Tomato___Late_blight:::199.0,verified_group,965b3b6dcda1d1a2730627eb,eligible_verified_subset
6fab1286c7f408d302791e2d,late_blight/146b33cf-e412-48fd-9366-ad726b51889e___GHLB2 Leaf 157.1.JPG,late_blight,fallback:6fab1286c7f408d302791e2d,fallback_group,6fab1286c7f408d302791e2d,exclude_unresolved_component
28f02c976251ceed5fc0d6dd,late_blight/147539f7-632d-42ee-a19a-071b9c7c85f2___RS_Late.B 5140.JPG,late_blight,PlantVillage:Tomato___Late_blight:::60.0,verified_group,6efc3f19b8bcb76f4282b429,eligible_verified_subset
839b6d0515dbf9182fa78b0a,late_blight/1498c064-8f74-4706-bf27-4761c24b72bd___RS_Late.B 5120.JPG,late_blight,PlantVillage:Tomato___Late_blight:::56.0,verified_group,839b6d0515dbf9182fa78b0a,eligible_verified_subset
8a2a4194463c0fb9cbaac3b6,late_blight/149b8460-2bf2-409a-ad61-b8f34d33cd82___RS_Late.B 6826.JPG,late_blight,PlantVillage:Tomato___Late_blight:::196.0,verified_group,8a2a4194463c0fb9cbaac3b6,eligible_verified_subset
76dad8aabff16bf5b2f19c9d,late_blight/14f55718-8942-41c1-9f1b-f5062aeb0ad8___GHLB2 Leaf 8905.JPG,late_blight,fallback:76dad8aabff16bf5b2f19c9d,fallback_group,76dad8aabff16bf5b2f19c9d,exclude_unresolved_component
c9ab6895f02614893fd85201,late_blight/1507883d-7f10-4b69-88d4-db80850b1664___GHLB2 Leaf 154.JPG,late_blight,fallback:c9ab6895f02614893fd85201,fallback_group,c9ab6895f02614893fd85201,exclude_unresolved_component
1133fa452b61c85fe29f3198,late_blight/1510bf70-ab9e-43df-b5d9-9b5e4352e66b___GHLB2 Leaf 118.JPG,late_blight,fallback:1133fa452b61c85fe29f3198,fallback_group,1133fa452b61c85fe29f3198,exclude_unresolved_component
116b85ae8d5b14b33f731631,late_blight/151c010a-021f-459d-a456-63ebaf19b2d5___GHLB2 Leaf 9104.JPG,late_blight,fallback:116b85ae8d5b14b33f731631,fallback_group,116b85ae8d5b14b33f731631,exclude_unresolved_component
c4e306b76750294555333148,late_blight/15313d25-7420-46aa-a28d-92e4b631233e___GHLB2 Leaf 8698.JPG,late_blight,fallback:c4e306b76750294555333148,fallback_group,c4e306b76750294555333148,exclude_unresolved_component
a1879aff7465a1c3b9b09150,late_blight/1546f916-115c-42dc-90c7-ff8d53c4273f___RS_Late.B 4836.JPG,late_blight,PlantVillage:Tomato___Late_blight:::2.0,verified_group,a1879aff7465a1c3b9b09150,eligible_verified_subset
ce8523411e0f6380aa40d4fb,late_blight/15581dd8-f562-4301-856c-30be9302c470___GHLB2 Leaf 70.1.JPG,late_blight,fallback:ce8523411e0f6380aa40d4fb,fallback_group,ce8523411e0f6380aa40d4fb,exclude_unresolved_component
975e9a1b90b439681f3bcc72,late_blight/157250ce-f291-48ec-9d81-184af5400f90___RS_Late.B 6652.JPG,late_blight,PlantVillage:Tomato___Late_blight:::182.0,verified_group,84a4dfdb14e1062e839f93b6,eligible_verified_subset
1d251de9f188be23df20d8ea,late_blight/15dc06c9-506a-470b-a015-14dcb585389f___GHLB_PS Leaf 15 Day 8.jpg,late_blight,fallback:1d251de9f188be23df20d8ea,fallback_group,1d251de9f188be23df20d8ea,exclude_unresolved_component
66dcba2e4169220e0831f11c,late_blight/15e1e8d7-e05a-4dc1-b872-364b15f004f0___RS_Late.B 4873.JPG,late_blight,PlantVillage:Tomato___Late_blight:::10.0,verified_group,66dcba2e4169220e0831f11c,eligible_verified_subset
d6ab58b31709916f4ef7cb76,late_blight/15f05055-2bb1-45f7-8a39-fce071823266___RS_Late.B 6082.JPG,late_blight,PlantVillage:Tomato___Late_blight:::130.0,verified_group,d6ab58b31709916f4ef7cb76,eligible_verified_subset
8eb9f3dc691810ee274defbb,late_blight/16064333-c2da-40e0-9f24-c709191e66b1___RS_Late.B 5421.JPG,late_blight,PlantVillage:Tomato___Late_blight:::93.0,verified_group,6e8086063bb97ec62e3ca1b6,exclude_unresolved_component
a5fd6ea667a3378ad99d426b,late_blight/16064ecf-b035-4531-a6c0-d654dfccd6de___GHLB2 Leaf 8570.JPG,late_blight,fallback:a5fd6ea667a3378ad99d426b,fallback_group,a5fd6ea667a3378ad99d426b,exclude_unresolved_component
971f5807b860dc798a1406b9,late_blight/16257155-3d28-49cd-bb96-c188e946c4ec___RS_Late.B 4935.JPG,late_blight,PlantVillage:Tomato___Late_blight:::20.0,verified_group,971f5807b860dc798a1406b9,eligible_verified_subset
893de513c4ccc36919f91356,late_blight/1627cb48-dc80-46a1-bda0-b677c32fbf56___RS_Late.B 5066.JPG,late_blight,PlantVillage:Tomato___Late_blight:::45.0,verified_group,893de513c4ccc36919f91356,eligible_verified_subset
f6f93e5f60d907823a02dcb4,late_blight/16441ce5-dcfa-411c-8029-cef10b3f6474___GHLB2 Leaf 8687.JPG,late_blight,fallback:f6f93e5f60d907823a02dcb4,fallback_group,f6f93e5f60d907823a02dcb4,exclude_unresolved_component
b6b7f0f012c5d55b0826b503,late_blight/16613329-813d-4d3d-9f44-e52c0ad72bb0___RS_Late.B 4980.JPG,late_blight,PlantVillage:Tomato___Late_blight:::28.0,verified_group,b6b7f0f012c5d55b0826b503,eligible_verified_subset
6012102bcd104b84d67e6fda,late_blight/16984239-2e67-407e-b600-4a3666500534___RS_Late.B 5182.JPG,late_blight,PlantVillage:Tomato___Late_blight:::66.0,verified_group,6012102bcd104b84d67e6fda,eligible_verified_subset
5cf70f274d44fbd5f14c7f22,late_blight/16a3a1a3-3e8b-4192-999d-2728df11549d___RS_Late.B 4983.JPG,late_blight,PlantVillage:Tomato___Late_blight:::29.0,verified_group,4493aa2714d955b9f48f4428,eligible_verified_subset
75f13f9616f910ff4ba43f7b,late_blight/16ac8a43-f720-4fd9-ac41-016523612f38___RS_Late.B 4898.JPG,late_blight,PlantVillage:Tomato___Late_blight:::13.0,verified_group,75f13f9616f910ff4ba43f7b,eligible_verified_subset
d61a330f087c5b212627efc8,late_blight/16b43113-cc8c-4082-a88f-648b79036e49___GHLB_PS Leaf 23.4 Day 13.jpg,late_blight,fallback:d61a330f087c5b212627efc8,fallback_group,d61a330f087c5b212627efc8,exclude_unresolved_component
a0f9db8d83dbc1a3d6e6dfbc,late_blight/16c1763a-8e49-436c-865e-be56d8dadf4f___GHLB2 Leaf 9107.JPG,late_blight,fallback:a0f9db8d83dbc1a3d6e6dfbc,fallback_group,a0f9db8d83dbc1a3d6e6dfbc,exclude_unresolved_component
450e42126a5a30025a122c39,late_blight/16e4a1f9-21c2-4c1a-bdbc-1336da74ba2c___GHLB2 Leaf 145.3.JPG,late_blight,fallback:450e42126a5a30025a122c39,fallback_group,450e42126a5a30025a122c39,exclude_unresolved_component
b2ace74356716785e47ebb5d,late_blight/1745208a-82b2-4a82-9791-d812cb016850___GHLB2 Leaf 95.JPG,late_blight,fallback:b2ace74356716785e47ebb5d,fallback_group,b2ace74356716785e47ebb5d,exclude_unresolved_component
71b0a2fb4f6591e4fe956f30,late_blight/176dc34e-840a-40ae-889f-4e945d0de77d___GHLB2 Leaf 9000.JPG,late_blight,fallback:71b0a2fb4f6591e4fe956f30,fallback_group,71b0a2fb4f6591e4fe956f30,exclude_unresolved_component
ccd89ba5e613527965194257,late_blight/178eb3a0-a4c6-4c2b-8bad-e11d66a76f52___RS_Late.B 4886.JPG,late_blight,PlantVillage:Tomato___Late_blight:::11.0,verified_group,ccd89ba5e613527965194257,eligible_verified_subset
8d1c32e3a1568e3a01545177,late_blight/17948fd9-d37a-4324-b0e1-0b03701682f0___GHLB2 Leaf 8746.JPG,late_blight,fallback:8d1c32e3a1568e3a01545177,fallback_group,8d1c32e3a1568e3a01545177,exclude_unresolved_component
f523efa0b6fbfd40f8961c89,late_blight/17b9f7ec-5126-4d11-8c1b-a679e0fb9e74___GHLB2 Leaf 114.JPG,late_blight,fallback:f523efa0b6fbfd40f8961c89,fallback_group,f523efa0b6fbfd40f8961c89,exclude_unresolved_component
e735218c1243cadfb756194e,late_blight/17fcb016-4663-4f95-bc0b-b40392235015___GHLB_PS Leaf 35.1 Day 13.jpg,late_blight,fallback:e735218c1243cadfb756194e,fallback_group,e735218c1243cadfb756194e,exclude_unresolved_component
2600cc5b9c5b45ba4bf31d77,late_blight/1847f41b-f412-46a2-90c1-21ba9aac6246___RS_Late.B 6816.JPG,late_blight,PlantVillage:Tomato___Late_blight:::195.0,verified_group,2600cc5b9c5b45ba4bf31d77,eligible_verified_subset
5542b8da527e0f76a869d8a2,late_blight/18568211-18d7-453f-84a4-d22e2088ec33___RS_Late.B 5239.JPG,late_blight,PlantVillage:Tomato___Late_blight:::74.0,verified_group,5542b8da527e0f76a869d8a2,eligible_verified_subset
ec8d2fbc2f1a5306b95c392e,late_blight/1869d21d-5461-4378-bddb-8de766b836f7___GHLB Leaf 12 Day 6.JPG,late_blight,fallback:ec8d2fbc2f1a5306b95c392e,fallback_group,ec8d2fbc2f1a5306b95c392e,exclude_unresolved_component
28200ff7584a73acabaf01e1,late_blight/189f8e47-0892-4c82-b0b9-7a51b6c83a04___RS_Late.B 7193.JPG,late_blight,PlantVillage:Tomato___Late_blight:::230.0,verified_group,28200ff7584a73acabaf01e1,eligible_verified_subset
6e5296cb27eda4b2c50ae050,late_blight/18ab423e-c11a-4800-a84b-4598f08560d8___RS_Late.B 6571.JPG,late_blight,PlantVillage:Tomato___Late_blight:::175.0,verified_group,6e5296cb27eda4b2c50ae050,eligible_verified_subset
049d41e313da5cfa5d541271,late_blight/18cb836c-f351-41e4-933a-fae2feb4b9ad___RS_Late.B 6050.JPG,late_blight,PlantVillage:Tomato___Late_blight:::126.0,verified_group,9d4b0f1e5aed5ccaab7e0d5e,eligible_verified_subset
7af50d4bf15800276fa440a3,late_blight/1905cdb8-1725-4386-9d49-59f47c3e4a1b___GHLB2ES Leaf 65.JPG,late_blight,fallback:7af50d4bf15800276fa440a3,fallback_group,7af50d4bf15800276fa440a3,exclude_unresolved_component
93baf33ae82f0eb4aa5e7676,late_blight/1909260c-1e08-4a8f-a702-60549ada08b2___RS_Late.B 6671.JPG,late_blight,PlantVillage:Tomato___Late_blight:::183.0,verified_group,93baf33ae82f0eb4aa5e7676,eligible_verified_subset
adde4de5f5661337c8a4e499,late_blight/19369d60-553a-416b-9378-84f4a1d203d9___GHLB2 Leaf 9006.JPG,late_blight,fallback:adde4de5f5661337c8a4e499,fallback_group,adde4de5f5661337c8a4e499,exclude_unresolved_component
7d3b9c8c48d71eddc2b49455,late_blight/19b2b71e-d648-46fb-921d-a7858a1c67c7___GHLB2 Leaf 9102.JPG,late_blight,fallback:7d3b9c8c48d71eddc2b49455,fallback_group,7d3b9c8c48d71eddc2b49455,exclude_unresolved_component
820cd0209acd12b03af855aa,late_blight/19bfccfd-5df8-41be-910e-2c5f3eae3573___GHLB2 Leaf 8597.JPG,late_blight,fallback:820cd0209acd12b03af855aa,fallback_group,820cd0209acd12b03af855aa,exclude_unresolved_component
b9961f05fa299c0d938c2688,late_blight/19f3e2cd-2900-4043-bb15-31a0098d26b9___RS_Late.B 5197.JPG,late_blight,PlantVillage:Tomato___Late_blight:::68.0,verified_group,b9961f05fa299c0d938c2688,eligible_verified_subset
c5ee0960ab02a8798993c063,late_blight/1a33a1fd-d077-4cf6-84ac-7825176e25d2___GHLB2 Leaf 8969.JPG,late_blight,fallback:c5ee0960ab02a8798993c063,fallback_group,c5ee0960ab02a8798993c063,exclude_unresolved_component
c7599d4430763b4386daf925,late_blight/1a473cad-42fc-48ca-963c-d438fbca928f___RS_Late.B 5418.JPG,late_blight,PlantVillage:Tomato___Late_blight:::92.0,verified_group,c7599d4430763b4386daf925,eligible_verified_subset
8d4dc1cbc8efe32e03b07603,late_blight/1a69b38b-c4eb-42c4-9584-bcb14fb8db0c___GHLB2 Leaf 9011.JPG,late_blight,fallback:8d4dc1cbc8efe32e03b07603,fallback_group,8d4dc1cbc8efe32e03b07603,exclude_unresolved_component
46115ddde279d44d15f0108a,late_blight/1a895389-ec7f-4622-afaf-9afe6c16a26a___RS_Late.B 5172.JPG,late_blight,PlantVillage:Tomato___Late_blight:::64.0,verified_group,2adfa133cd039b1f00998ace,eligible_verified_subset
55181c3c3c98f3ae2658124f,late_blight/1a9a2cbf-75f3-4dd9-93ef-3d3c58e97d06___GHLB2 Leaf 8666.JPG,late_blight,fallback:55181c3c3c98f3ae2658124f,fallback_group,55181c3c3c98f3ae2658124f,exclude_unresolved_component
802d7264fd02256a64c78460,late_blight/1aa4ebf9-7329-4108-94f6-8b6e9592d690___GHLB2 Leaf 98.1.JPG,late_blight,fallback:802d7264fd02256a64c78460,fallback_group,802d7264fd02256a64c78460,exclude_unresolved_component
ae81fa024c2f7821e2f7264a,late_blight/1aa88c5b-384f-43cf-8046-0d32d26a1133___GHLB Leaf 24 Day 12.JPG,late_blight,fallback:ae81fa024c2f7821e2f7264a,fallback_group,ae81fa024c2f7821e2f7264a,exclude_unresolved_component
ec5c80d60277a81bc842e945,late_blight/1ab30bde-88a4-4e29-855e-fa7a6ec1e226___RS_Late.B 5145.JPG,late_blight,PlantVillage:Tomato___Late_blight:::61.0,verified_group,664a13e4a37bc06bacb51090,eligible_verified_subset
c2c7f479bd05e856421693df,late_blight/1ac4f6ea-d2d0-4b94-93f0-788a5e92fe90___GHLB2 Leaf 8707.JPG,late_blight,fallback:c2c7f479bd05e856421693df,fallback_group,c2c7f479bd05e856421693df,exclude_unresolved_component
0bb2d1409f3b7de2737d07ad,late_blight/1af98b62-adaf-43d0-b4eb-83ab3f1ee084___RS_Late.B 4908.JPG,late_blight,PlantVillage:Tomato___Late_blight:::15.0,verified_group,0bb2d1409f3b7de2737d07ad,eligible_verified_subset
530bd3c2b7abe9d91b2802fb,late_blight/1b212ad6-e65a-4467-bfd1-9f9139070d33___GHLB2 Leaf 8609.JPG,late_blight,fallback:530bd3c2b7abe9d91b2802fb,fallback_group,530bd3c2b7abe9d91b2802fb,exclude_unresolved_component
05d0abc142f0bac1a0cfa116,late_blight/1b2756ef-4fa0-410a-8fe5-a8b699d3553e___GHLB2 Leaf 156.2.JPG,late_blight,fallback:05d0abc142f0bac1a0cfa116,fallback_group,05d0abc142f0bac1a0cfa116,exclude_unresolved_component
d11a669dd14c243a1d5396dd,late_blight/1b36d656-ee17-43a1-8f47-0d163c69f754___RS_Late.B 5605.JPG,late_blight,PlantVillage:Tomato___Late_blight:::117.0,verified_group,d11a669dd14c243a1d5396dd,eligible_verified_subset
a91db2593807b54e7fd44cb1,late_blight/1b5ec98a-5be3-408c-8d8c-e3042f68e225___RS_Late.B 5016.JPG,late_blight,PlantVillage:Tomato___Late_blight:::35.0,verified_group,1d96668c84018c31a3f3322c,eligible_verified_subset
eb05e9c5105043fc123bf097,late_blight/1b7d11ff-e94c-45cb-9ef2-6430f989e90e___GHLB2 Leaf 120.1.JPG,late_blight,fallback:eb05e9c5105043fc123bf097,fallback_group,eb05e9c5105043fc123bf097,exclude_unresolved_component
c9dac97984af1402aaf805a3,late_blight/1ba00fc3-a45b-4d23-94da-5e090ba7f3d3___RS_Late.B 6403.JPG,late_blight,PlantVillage:Tomato___Late_blight:::163.0,verified_group,c9dac97984af1402aaf805a3,eligible_verified_subset
c221209e2bdf71917c08f5a1,late_blight/1bfebfc9-3eda-4889-bdb1-75a8929a1b4f___GHLB_PS Leaf 48 Day 18.jpg,late_blight,fallback:c221209e2bdf71917c08f5a1,fallback_group,c221209e2bdf71917c08f5a1,exclude_unresolved_component
249a02f715ec951e1af519f8,late_blight/1c0bc46f-d72f-4826-9cb4-8879d80cac73___GHLB2 Leaf 9012.JPG,late_blight,fallback:249a02f715ec951e1af519f8,fallback_group,249a02f715ec951e1af519f8,exclude_unresolved_component
02548fbfc74bab41eaa9e8ba,late_blight/1c35f7ce-8e8e-4c20-b625-b01f9bf7d0cd___GHLB2 Leaf 111.JPG,late_blight,fallback:02548fbfc74bab41eaa9e8ba,fallback_group,02548fbfc74bab41eaa9e8ba,exclude_unresolved_component
4f3cb29d6db6e363f317ba2e,late_blight/1c5deb80-6bde-4aa4-843e-c69f80b7713a___RS_Late.B 6874.JPG,late_blight,PlantVillage:Tomato___Late_blight:::199.0,verified_group,965b3b6dcda1d1a2730627eb,eligible_verified_subset
1bed7e7e17d5873773bc35f4,late_blight/1c6b66db-9891-41cc-972f-a3521deee072___RS_Late.B 5589.JPG,late_blight,PlantVillage:Tomato___Late_blight:::114.0,verified_group,1bed7e7e17d5873773bc35f4,eligible_verified_subset
68a200cbb40382678ae79e1c,late_blight/1c74783c-7863-4b1b-bf1a-6b3ef55b34b8___RS_Late.B 7094.JPG,late_blight,PlantVillage:Tomato___Late_blight:::221.0,verified_group,68a200cbb40382678ae79e1c,eligible_verified_subset
4ebede77e7f6d93279d477ee,late_blight/1c8bf271-8455-42f5-8e9f-8a92418116f9___GHLB2 Leaf 9066.JPG,late_blight,fallback:4ebede77e7f6d93279d477ee,fallback_group,4ebede77e7f6d93279d477ee,exclude_unresolved_component
7b0ddeb28b1182230fe0d351,late_blight/1cb5d336-3649-49bf-aa9a-72950067b8b0___GHLB_PS Leaf 12 Day 9.jpg,late_blight,fallback:7b0ddeb28b1182230fe0d351,fallback_group,7b0ddeb28b1182230fe0d351,exclude_unresolved_component
ca56b93160ef96db918b2e5c,late_blight/1d6d043a-9df9-49ec-9b0f-e40a8e7f409f___RS_Late.B 5287.JPG,late_blight,PlantVillage:Tomato___Late_blight:::75.0,verified_group,8c1ca0dda4c7b5942018ae6c,eligible_verified_subset
54eae014bb2812b2898de6d8,late_blight/1d83eef4-92a0-42a2-9ea7-1ec2e683dbc0___GHLB2 Leaf 8809.JPG,late_blight,fallback:54eae014bb2812b2898de6d8,fallback_group,54eae014bb2812b2898de6d8,exclude_unresolved_component
45f23d80db8c18421680df85,late_blight/1db51a76-0e89-45c6-8f00-9262c1c7732e___GHLB2ES Leaf 139.JPG,late_blight,fallback:45f23d80db8c18421680df85,fallback_group,45f23d80db8c18421680df85,exclude_unresolved_component
464ed5229f0faff1dccd4c1c,late_blight/1def69ef-c2f3-4052-8f02-b397428c7580___GHLB2 Leaf 8627.JPG,late_blight,fallback:464ed5229f0faff1dccd4c1c,fallback_group,464ed5229f0faff1dccd4c1c,exclude_unresolved_component
4c48a7b1e4b1147d599168f1,late_blight/1e095cdc-6a71-4ae4-9709-be97b5668454___GHLB2 Leaf 8845.JPG,late_blight,fallback:4c48a7b1e4b1147d599168f1,fallback_group,4c48a7b1e4b1147d599168f1,exclude_unresolved_component
632b1503fed3fd2dc717292e,late_blight/1e0adf6c-906f-4e8f-bfea-cdebf491f3bb___GHLB2 Leaf 8572.JPG,late_blight,fallback:632b1503fed3fd2dc717292e,fallback_group,632b1503fed3fd2dc717292e,exclude_unresolved_component
02d4bf879ab532e12cc6850c,late_blight/1e0c01b6-5d75-47ea-b455-c9508882424a___RS_Late.B 6886.JPG,late_blight,PlantVillage:Tomato___Late_blight:::201.0,verified_group,02d4bf879ab532e12cc6850c,eligible_verified_subset
dbd885eb080d316fb0aa7525,late_blight/1e2fe7d3-3d69-4cf6-aef7-e9975940bd40___GHLB2 Leaf 77.JPG,late_blight,fallback:dbd885eb080d316fb0aa7525,fallback_group,dbd885eb080d316fb0aa7525,exclude_unresolved_component
d42ff8c22d007c2178032e82,late_blight/1e55a2c0-6618-4c42-93a6-cfc8a9d5ca77___GHLB2 Leaf 9039.JPG,late_blight,fallback:d42ff8c22d007c2178032e82,fallback_group,d42ff8c22d007c2178032e82,exclude_unresolved_component
c6094996a05a2a397caee125,late_blight/1e5ba644-efeb-4bd3-b878-a0606cf8a992___RS_Late.B 6272.JPG,late_blight,PlantVillage:Tomato___Late_blight:::153.0,verified_group,c6094996a05a2a397caee125,eligible_verified_subset
f90bd1628709f20f8851bc49,late_blight/1e65a5c4-ba60-4edb-817c-c281d5a5e364___GHLB2 Leaf 9079.JPG,late_blight,fallback:f90bd1628709f20f8851bc49,fallback_group,f90bd1628709f20f8851bc49,exclude_unresolved_component
5082e855fde3e6b98526c274,late_blight/1ea54b98-1f87-4da7-9bc2-f6460f18b376___RS_Late.B 6713.JPG,late_blight,PlantVillage:Tomato___Late_blight:::185.0,verified_group,5082e855fde3e6b98526c274,eligible_verified_subset
7f86e3e54a36275e966f6f47,late_blight/1eacb98a-d88b-4e86-bbb8-19ec6a4e6c67___GHLB2 Leaf 148.2.JPG,late_blight,fallback:7f86e3e54a36275e966f6f47,fallback_group,7f86e3e54a36275e966f6f47,exclude_unresolved_component
908875bf70313c84de5aef45,late_blight/1ec9c019-1594-4916-a04c-65b87eceb8ca___RS_Late.B 6069.JPG,late_blight,PlantVillage:Tomato___Late_blight:::128.0,verified_group,908875bf70313c84de5aef45,eligible_verified_subset
d0d5943c76083d98e970d86d,late_blight/1f200e50-7cb5-4a83-8ecd-dcf133f1f45e___GHLB2 Leaf 8991.JPG,late_blight,fallback:d0d5943c76083d98e970d86d,fallback_group,d0d5943c76083d98e970d86d,exclude_unresolved_component
53025876376c27d2f2c22e52,late_blight/1f2dc4ae-5264-443a-a103-67fafb37bc70___GHLB_PS Leaf 26.1 Day 16.jpg,late_blight,fallback:53025876376c27d2f2c22e52,fallback_group,53025876376c27d2f2c22e52,exclude_unresolved_component
35de2ce08fbbfefcc92dfa20,late_blight/1f38a263-cfb5-47fe-8c0e-f8d62141f922___GHLB_PS leaf 28 Day 12 .jpg,late_blight,fallback:35de2ce08fbbfefcc92dfa20,fallback_group,35de2ce08fbbfefcc92dfa20,exclude_unresolved_component
8d6ff06d2adec64aaa08189b,late_blight/1f38b254-2338-4e4a-b772-2a8e60ca8bc0___GHLB2 Leaf 121.3.JPG,late_blight,fallback:8d6ff06d2adec64aaa08189b,fallback_group,8d6ff06d2adec64aaa08189b,exclude_unresolved_component
afce63b91ad19de66e96eb8e,late_blight/1f73406a-14e8-4be2-8450-9379d4f9b2b5___GHLB2 Leaf 9062.JPG,late_blight,fallback:afce63b91ad19de66e96eb8e,fallback_group,afce63b91ad19de66e96eb8e,exclude_unresolved_component
805b858662ec8b3ca79e4ada,late_blight/1f8743b6-f385-4464-9e41-48bd9fe85637___GHLB2 Leaf 8914.JPG,late_blight,fallback:805b858662ec8b3ca79e4ada,fallback_group,805b858662ec8b3ca79e4ada,exclude_unresolved_component
cbf3acf0328d67d48292826f,late_blight/1fa37cd4-066e-4deb-ab99-5fa8dcc4481c___RS_Late.B 5454.JPG,late_blight,PlantVillage:Tomato___Late_blight:::97.0,verified_group,cbf3acf0328d67d48292826f,eligible_verified_subset
fb9ec3a43f852108209a79d5,late_blight/2018ff03-69eb-437f-96e2-f51801042c32___RS_Late.B 6157.JPG,late_blight,PlantVillage:Tomato___Late_blight:::139.0,verified_group,fb9ec3a43f852108209a79d5,eligible_verified_subset
abd2cca24a7ab14e6a67a806,late_blight/2054e9b6-19eb-4066-b384-83e6f6ef2690___GHLB2 Leaf 8565.JPG,late_blight,fallback:abd2cca24a7ab14e6a67a806,fallback_group,abd2cca24a7ab14e6a67a806,exclude_unresolved_component
772ea5192734fc3ab248bf78,late_blight/20593434-37e3-490e-b619-cdb3d6515517___GHLB2 Leaf 8688.JPG,late_blight,fallback:772ea5192734fc3ab248bf78,fallback_group,772ea5192734fc3ab248bf78,exclude_unresolved_component
1b2a0cfb11e83c2ab52b1237,late_blight/2077acd5-80d2-421f-8641-308048d44651___GHLB2 Leaf 8678.JPG,late_blight,fallback:1b2a0cfb11e83c2ab52b1237,fallback_group,1b2a0cfb11e83c2ab52b1237,exclude_unresolved_component
14bff025c17911b94d3e5463,late_blight/207dbe65-2d3b-4820-ab49-2a1db65f9bec___RS_Late.B 5485.JPG,late_blight,PlantVillage:Tomato___Late_blight:::101.0,verified_group,14bff025c17911b94d3e5463,eligible_verified_subset
28ef8af59ee68d66bbddbf10,late_blight/207dee29-3d2e-4f08-9642-ef4c932fb280___GHLB2 Leaf 8608.JPG,late_blight,fallback:28ef8af59ee68d66bbddbf10,fallback_group,28ef8af59ee68d66bbddbf10,exclude_unresolved_component
a08e0c2c4686741419582326,late_blight/20ab7535-34d8-4bac-b3a7-4fa929a1bed3___GHLB2 Leaf 59.1.JPG,late_blight,fallback:a08e0c2c4686741419582326,fallback_group,a08e0c2c4686741419582326,exclude_unresolved_component
6905bf4ae794d3f663efd922,late_blight/20b33342-6c05-4cab-9008-6f09548a0db9___RS_Late.B 5128.JPG,late_blight,PlantVillage:Tomato___Late_blight:::57.0,verified_group,a7d95a09101bcc0a255832fc,eligible_verified_subset
6de15803551dc102d4872fda,late_blight/20fe383e-d172-4aee-b76c-d82420e93b0c___RS_Late.B 5519.JPG,late_blight,PlantVillage:Tomato___Late_blight:::104.0,verified_group,6de15803551dc102d4872fda,eligible_verified_subset
bd4fa339292735a8c3ee2867,late_blight/215565cf-2897-40f6-97b3-3dd63045242f___GHLB2 Leaf 8800.JPG,late_blight,fallback:bd4fa339292735a8c3ee2867,fallback_group,bd4fa339292735a8c3ee2867,exclude_unresolved_component
359abb77316570db3d0cafc6,late_blight/2159d0f7-09ef-46ad-ad49-749e8ce1becc___GHLB2 Leaf 8836.JPG,late_blight,fallback:359abb77316570db3d0cafc6,fallback_group,359abb77316570db3d0cafc6,exclude_unresolved_component
43aed088689af8dbb8c3e79d,late_blight/2164b3f8-102c-481c-9d89-7e2f6087a121___RS_Late.B 5065.JPG,late_blight,PlantVillage:Tomato___Late_blight:::45.0,verified_group,893de513c4ccc36919f91356,eligible_verified_subset
6f9cca80cdd7e86b034a6fe3,late_blight/21a4f74f-08cb-44b8-9e40-3ff5a9c8a9da___GHLB Leaf 8.2 Day 7.JPG,late_blight,fallback:6f9cca80cdd7e86b034a6fe3,fallback_group,6f9cca80cdd7e86b034a6fe3,exclude_unresolved_component
b51770399ab15252061efa98,late_blight/21a75fcc-4cfa-4931-800d-7aefdea77df2___GHLB2 Leaf 8726.JPG,late_blight,fallback:b51770399ab15252061efa98,fallback_group,b51770399ab15252061efa98,exclude_unresolved_component
db99a8793b1eacbc51814752,late_blight/21f3629a-8126-4f23-85c5-05636ff87644___RS_Late.B 6906.JPG,late_blight,PlantVillage:Tomato___Late_blight:::203.0,verified_group,8270f2581f0653f23c8d99c0,eligible_verified_subset
584c48d7580540fa159b46dd,late_blight/2248836f-550a-4183-a2d8-5ff5f87e1800___GHLB2 Leaf 8810.JPG,late_blight,fallback:584c48d7580540fa159b46dd,fallback_group,584c48d7580540fa159b46dd,exclude_unresolved_component
ceb571dab10a7a9f5e89a769,late_blight/225d8d96-41c1-4a03-b02d-0c1ca8c2017a___RS_Late.B 6795.JPG,late_blight,PlantVillage:Tomato___Late_blight:::193.0,verified_group,ceb571dab10a7a9f5e89a769,eligible_verified_subset
d7427e395840d2dca717802c,late_blight/2260ae60-08dc-4e6e-abd7-c9aed84163ea___RS_Late.B 5032.JPG,late_blight,PlantVillage:Tomato___Late_blight:::38.0,verified_group,c8cf22376bc77022418d6151,eligible_verified_subset
c9193c06284dc71f565d06b5,late_blight/22686908-57fc-4567-92c4-e736d90744b4___GHLB2 Leaf 8590.JPG,late_blight,fallback:c9193c06284dc71f565d06b5,fallback_group,c9193c06284dc71f565d06b5,exclude_unresolved_component
8041ef86dbc63ddccf2c7ed8,late_blight/226a2cf0-d065-492d-93bf-502dae8aca94___RS_Late.B 6417.JPG,late_blight,PlantVillage:Tomato___Late_blight:::164.0,verified_group,8041ef86dbc63ddccf2c7ed8,eligible_verified_subset
3356d96b147079e0bb9fc283,late_blight/22a34aab-076c-4e49-a584-9377c07b45aa___RS_Late.B 4866.JPG,late_blight,PlantVillage:Tomato___Late_blight:::8.0,verified_group,3356d96b147079e0bb9fc283,eligible_verified_subset
8f8c07f21ea09286f0a2e83b,late_blight/22c36fa3-849f-4918-8790-99a8bda1e527___RS_Late.B 5987.JPG,late_blight,PlantVillage:Tomato___Late_blight:::121.0,verified_group,8f8c07f21ea09286f0a2e83b,eligible_verified_subset
c286f5955fc472942479c54a,late_blight/231be16a-304a-48ce-a243-0b4d95c59681___GHLB2 Leaf 121.2.JPG,late_blight,fallback:c286f5955fc472942479c54a,fallback_group,c286f5955fc472942479c54a,exclude_unresolved_component
e8bf150790835874c21157a9,late_blight/231e8502-72a3-4717-9ab7-919d02f6be1b___GHLB_PS Leaf 27.4 Day 13.jpg,late_blight,fallback:e8bf150790835874c21157a9,fallback_group,e8bf150790835874c21157a9,exclude_unresolved_component
9ddd48f71b7c24e4cf1e4266,late_blight/2325473b-e5b1-42b2-a569-647f3db554bb___GHLB2 Leaf 157.JPG,late_blight,fallback:9ddd48f71b7c24e4cf1e4266,fallback_group,9ddd48f71b7c24e4cf1e4266,exclude_unresolved_component
4cffd4333be2d1208c49aa5f,late_blight/233f5fca-7077-4175-a29f-57f310ea7879___GHLB_PS Leaf 51 Day 18.jpg,late_blight,fallback:4cffd4333be2d1208c49aa5f,fallback_group,4cffd4333be2d1208c49aa5f,exclude_unresolved_component
efb8a849e9d578991a679253,late_blight/2353e9af-9267-4262-840e-1eb109fff56c___RS_Late.B 5135.JPG,late_blight,PlantVillage:Tomato___Late_blight:::59.0,verified_group,efb8a849e9d578991a679253,eligible_verified_subset
2ed6a93331aa7457b32468a0,late_blight/239111ba-7348-4075-bacb-e206d440ecc8___RS_Late.B 5389.JPG,late_blight,PlantVillage:Tomato___Late_blight:::87.0,verified_group,2ed6a93331aa7457b32468a0,eligible_verified_subset
b8c26fd78484710ca22c32e8,late_blight/239c7429-bf86-4ee3-9271-74314374ba35___RS_Late.B 6616.JPG,late_blight,PlantVillage:Tomato___Late_blight:::179.0,verified_group,b8c26fd78484710ca22c32e8,eligible_verified_subset
e4754f57af001c43b04e7805,late_blight/23c5c930-6830-46c6-8353-616c0b34ae12___RS_Late.B 4947.JPG,late_blight,PlantVillage:Tomato___Late_blight:::22.0,verified_group,3aee12640719fd7a1f4d7c7d,eligible_verified_subset
e2b9cf342f85da83884f9bcb,late_blight/240b17f3-2b2b-4ff4-add7-4ba2975f4837___RS_Late.B 5130.JPG,late_blight,PlantVillage:Tomato___Late_blight:::58.0,verified_group,e2b9cf342f85da83884f9bcb,eligible_verified_subset
b7e5aa94c2198859b11e226a,late_blight/24364b4f-3f9f-4166-860d-34a938d3d630___RS_Late.B 4986.JPG,late_blight,PlantVillage:Tomato___Late_blight:::30.0,verified_group,b7e5aa94c2198859b11e226a,eligible_verified_subset
c9be0abb7e46c5ad9f0e007e,late_blight/24584c68-d48b-4023-86e9-5915aeb6bc0f___RS_Late.B 4928.JPG,late_blight,PlantVillage:Tomato___Late_blight:::19.0,verified_group,c9be0abb7e46c5ad9f0e007e,eligible_verified_subset
8266b7b2b526c6ac995f835f,late_blight/246cb5c4-d52f-4ba4-a77c-915f5a5c7d2b___GHLB2 Leaf 85.2.JPG,late_blight,fallback:8266b7b2b526c6ac995f835f,fallback_group,8266b7b2b526c6ac995f835f,exclude_unresolved_component
8b9aa78c392f6af65eb6213d,late_blight/2482cadb-d097-4091-8b10-099abca71a72___RS_Late.B 5078.JPG,late_blight,PlantVillage:Tomato___Late_blight:::47.0,verified_group,8b9aa78c392f6af65eb6213d,eligible_verified_subset
4d6b11827463369fd1c94781,late_blight/2485b2a9-a492-4a45-bb4b-bb63edefb7ef___GHLB2 Leaf 9084.JPG,late_blight,fallback:4d6b11827463369fd1c94781,fallback_group,4d6b11827463369fd1c94781,exclude_unresolved_component
86be6192315ee42f3ced2ba7,late_blight/248676f8-84e6-42ad-9f06-dad7acd1ca4e___RS_Late.B 5146.JPG,late_blight,PlantVillage:Tomato___Late_blight:::61.0,verified_group,664a13e4a37bc06bacb51090,eligible_verified_subset
8b680483d57597f5c94e5c6a,late_blight/24c41335-1ad7-4b68-9756-577ed8cf3525___GHLB2 Leaf 144.1.JPG,late_blight,fallback:8b680483d57597f5c94e5c6a,fallback_group,8b680483d57597f5c94e5c6a,exclude_unresolved_component
05c2c23da8bd61615256e9de,late_blight/250823af-1631-4050-928d-029101ddc744___RS_Late.B 6197.JPG,late_blight,PlantVillage:Tomato___Late_blight:::144.0,verified_group,05c2c23da8bd61615256e9de,eligible_verified_subset
4698e5761bca378ad7daf0b8,late_blight/2598e4ba-1e3c-43f7-bb7d-da6164209acf___RS_Late.B 4850.JPG,late_blight,PlantVillage:Tomato___Late_blight:::5.0,verified_group,4698e5761bca378ad7daf0b8,eligible_verified_subset
092a897e32e6e4f7e7336060,late_blight/259d42ea-6860-4a01-82e5-2a81c75892b7___RS_Late.B 5112.JPG,late_blight,PlantVillage:Tomato___Late_blight:::54.0,verified_group,092a897e32e6e4f7e7336060,eligible_verified_subset
2ccb8074992ac59ace19a1c1,late_blight/25a83fb3-e27a-419c-a9db-652fae319fcd___RS_Late.B 6191.JPG,late_blight,PlantVillage:Tomato___Late_blight:::143.0,verified_group,2ccb8074992ac59ace19a1c1,eligible_verified_subset
72e861e91d6ee172fc84a02f,late_blight/25b8f158-e12f-4f16-b968-f9e891264d28___RS_Late.B 6041.JPG,late_blight,PlantVillage:Tomato___Late_blight:::125.0,verified_group,72e861e91d6ee172fc84a02f,eligible_verified_subset
7e5bc35d95068badd8478c2f,late_blight/25bb0739-cbd4-4e75-a6f4-67ca5cc7f986___GHLB2 Leaf 8789.JPG,late_blight,fallback:7e5bc35d95068badd8478c2f,fallback_group,7e5bc35d95068badd8478c2f,exclude_unresolved_component
819a8654c13a50181975e8cf,late_blight/25bfd51b-6db7-42a5-9990-992f52a0c836___GHLB2 Leaf 61.JPG,late_blight,fallback:819a8654c13a50181975e8cf,fallback_group,819a8654c13a50181975e8cf,exclude_unresolved_component
3a3b8bb5de5eaf368334afd6,late_blight/25de48a3-1b15-42cd-9e6c-795207f252c8___RS_Late.B 5237.JPG,late_blight,PlantVillage:Tomato___Late_blight:::74.0,verified_group,5542b8da527e0f76a869d8a2,eligible_verified_subset
bcda7010c54be271191e5220,late_blight/25fa2bdf-15e3-4330-8e54-1cbf6b714d3d___GHLB2 Leaf 133.JPG,late_blight,fallback:bcda7010c54be271191e5220,fallback_group,bcda7010c54be271191e5220,exclude_unresolved_component
a4da7610e3adf96d5f13906e,late_blight/26480c44-e0f2-4ab7-a6a9-919d532ecfd5___RS_Late.B 5037.JPG,late_blight,PlantVillage:Tomato___Late_blight:::39.0,verified_group,1aa03432c05f39ebc35eeff8,eligible_verified_subset
7f691809b6267b4fc4038743,late_blight/26a317de-3882-41ca-a83d-5f1f106b9a85___RS_Late.B 4967.JPG,late_blight,PlantVillage:Tomato___Late_blight:::26.0,verified_group,0341f4adada76e5ed762c025,eligible_verified_subset
6c06b7f5c0213656a5f08d6a,late_blight/26a758e3-7804-4240-b1da-b6b6691355ca___RS_Late.B 4951.JPG,late_blight,PlantVillage:Tomato___Late_blight:::22.0,verified_group,3aee12640719fd7a1f4d7c7d,eligible_verified_subset
48c709c15f35ff15a736a0ae,late_blight/26c09416-7271-4262-9ddc-fb741bedce05___GHLB2 Leaf 97.1.JPG,late_blight,fallback:48c709c15f35ff15a736a0ae,fallback_group,48c709c15f35ff15a736a0ae,exclude_unresolved_component
95f74815f07902bd2bacf749,late_blight/26d22895-7a72-4e27-99b7-222618d69b7b___RS_Late.B 5111.JPG,late_blight,PlantVillage:Tomato___Late_blight:::54.0,verified_group,092a897e32e6e4f7e7336060,eligible_verified_subset
dca5103f9e0d13ac700c6a5a,late_blight/26deb2c1-3321-46e1-b900-c27853632d65___RS_Late.B 5561.JPG,late_blight,PlantVillage:Tomato___Late_blight:::109.0,verified_group,f43dc38b6e424f7f8f98b87a,eligible_verified_subset
c0b3324aea77b9cba26eb745,late_blight/26fa9fb7-10fa-496c-9433-e4053ff456da___RS_Late.B 4867.JPG,late_blight,PlantVillage:Tomato___Late_blight:::9.0,verified_group,c0b3324aea77b9cba26eb745,eligible_verified_subset
6d70d7576d93f094b01c4fb9,late_blight/275e6226-c0a6-482d-b382-da22452db846___GHLB2 Leaf 8607.JPG,late_blight,fallback:6d70d7576d93f094b01c4fb9,fallback_group,6d70d7576d93f094b01c4fb9,exclude_unresolved_component
8911fbc82c5494f7450b0254,late_blight/27616ae1-2960-4aeb-a03b-91607439eaa0___RS_Late.B 5983.JPG,late_blight,PlantVillage:Tomato___Late_blight:::121.0,verified_group,8f8c07f21ea09286f0a2e83b,eligible_verified_subset
3f2db58c562bd5e6264ab342,late_blight/2765f9f5-9af9-473d-be58-208d1f3650d3___RS_Late.B 6536.JPG,late_blight,PlantVillage:Tomato___Late_blight:::173.0,verified_group,3f2db58c562bd5e6264ab342,eligible_verified_subset
3e9816d4ded7345024e7dbfe,late_blight/278c79c0-ebab-4c54-b573-d94a936e63e4___GHLB Leaf 2.3 Day 13.JPG,late_blight,fallback:3e9816d4ded7345024e7dbfe,fallback_group,3e9816d4ded7345024e7dbfe,exclude_unresolved_component
1d041595fee7c39eaac11a31,late_blight/2798c7ea-850e-49a7-b304-3114c60c6baf___RS_Late.B 7141.JPG,late_blight,PlantVillage:Tomato___Late_blight:::227.0,verified_group,1d041595fee7c39eaac11a31,eligible_verified_subset
a1d17ee5ef22bdd19e750019,late_blight/27a3a882-d241-4b46-9606-04e7fcaced25___GHLB2 Leaf 8599.JPG,late_blight,fallback:a1d17ee5ef22bdd19e750019,fallback_group,6d1de2776e05ca04ffb1d17f,exclude_unresolved_component
34c6a082034b130d8c320601,late_blight/27dcd39d-4a04-472c-ab97-84f2d57b6245___GHLB2 Leaf 83.JPG,late_blight,fallback:34c6a082034b130d8c320601,fallback_group,34c6a082034b130d8c320601,exclude_unresolved_component
1f02e93099aeb4e0163566df,late_blight/27dd7c54-809f-445e-97a5-ba0792d4592b___RS_Late.B 6371.JPG,late_blight,PlantVillage:Tomato___Late_blight:::162.0,verified_group,65d632e380478c65a1e1847a,eligible_verified_subset
828690793d92fc10e588a44a,late_blight/27ffa018-265a-4ae7-9c3d-66586f28f342___GHLB2 Leaf 9044.JPG,late_blight,fallback:828690793d92fc10e588a44a,fallback_group,828690793d92fc10e588a44a,exclude_unresolved_component
a5cab80e29b25eb79c85e952,late_blight/280cae12-7330-4202-b5cb-236fc869907c___GHLB2 Leaf 8821.JPG,late_blight,fallback:a5cab80e29b25eb79c85e952,fallback_group,a5cab80e29b25eb79c85e952,exclude_unresolved_component
21e062b735687ce5b367dcf2,late_blight/28130e0a-20fa-47bb-a995-74933946ff2f___GHLB_PS Leaf 24.4 Day 13.jpg,late_blight,fallback:21e062b735687ce5b367dcf2,fallback_group,21e062b735687ce5b367dcf2,exclude_unresolved_component
f5efccefe091a8937e4b7365,late_blight/2821660a-106c-4e22-9167-6c22f0dd692b___GHLB2 Leaf 8712.JPG,late_blight,fallback:f5efccefe091a8937e4b7365,fallback_group,f5efccefe091a8937e4b7365,exclude_unresolved_component
1142a03e8be828b590d89041,late_blight/2830b7f1-f265-482b-b0bf-ed5b49d71c99___GHLB2 Leaf 8992.JPG,late_blight,fallback:1142a03e8be828b590d89041,fallback_group,1142a03e8be828b590d89041,exclude_unresolved_component
a5d09a90260ecf498c2bfca2,late_blight/283ff0be-6e5e-4b4e-bf21-639780b77ffc___GHLB2 Leaf 8636.JPG,late_blight,fallback:a5d09a90260ecf498c2bfca2,fallback_group,a5d09a90260ecf498c2bfca2,exclude_unresolved_component
b218679f431d27997098dac3,late_blight/2850266c-aca2-4114-807f-a5b90ad012e5___GHLB Leaf 9 Day 6.JPG,late_blight,fallback:b218679f431d27997098dac3,fallback_group,b218679f431d27997098dac3,exclude_unresolved_component
a4d30e46b301d6b9a0a197ed,late_blight/288f203e-7996-4290-afa7-f95c0c30506a___RS_Late.B 5562.JPG,late_blight,PlantVillage:Tomato___Late_blight:::109.0,verified_group,f43dc38b6e424f7f8f98b87a,eligible_verified_subset
d3b82fd9c478826dad6652cd,late_blight/28d8dd2a-d5d1-427c-8c58-383af4a8b2d1___GHLB2 Leaf 9041.JPG,late_blight,fallback:d3b82fd9c478826dad6652cd,fallback_group,d3b82fd9c478826dad6652cd,exclude_unresolved_component
f71a572ae2dd1bdaf034c28f,late_blight/28d91e73-4362-4a5f-bceb-980f5a0e1f8e___RS_Late.B 6228.JPG,late_blight,PlantVillage:Tomato___Late_blight:::147.0,verified_group,f71a572ae2dd1bdaf034c28f,eligible_verified_subset
519913eddf84925ba9a6315a,late_blight/28e858c2-03ac-423c-8e0c-72e38a5634d9___GHLB_PS Leaf 2.2 Day 13.jpg,late_blight,fallback:519913eddf84925ba9a6315a,fallback_group,519913eddf84925ba9a6315a,exclude_unresolved_component
536ff2a87eadac8a52afeead,late_blight/28f782dd-1c8a-439d-9eb6-e55c52ef45bd___RS_Late.B 5447.JPG,late_blight,PlantVillage:Tomato___Late_blight:::96.0,verified_group,536ff2a87eadac8a52afeead,eligible_verified_subset
3fd6e67f7d18cc2ca4fb998e,late_blight/2939e3f2-d0c5-462c-b652-8cf4ef87d844___RS_Late.B 6600.JPG,late_blight,PlantVillage:Tomato___Late_blight:::178.0,verified_group,3fd6e67f7d18cc2ca4fb998e,eligible_verified_subset
e5745e3cae0d80a0336bd2aa,late_blight/29587a7b-a64d-4d2e-8fab-d0ec587e8ecd___GHLB2 Leaf 9081.JPG,late_blight,fallback:e5745e3cae0d80a0336bd2aa,fallback_group,e5745e3cae0d80a0336bd2aa,exclude_unresolved_component
433506a2afaca89bd82b4d86,late_blight/29e924db-ef09-49f2-9db3-e3c548a444d5___GHLB_PS Leaf 17.1 Day 9.jpg,late_blight,fallback:433506a2afaca89bd82b4d86,fallback_group,433506a2afaca89bd82b4d86,exclude_unresolved_component
aad98df7045303b64d3eeb3d,late_blight/29e99d11-44d0-4c6c-8183-c3e7be56ce58___RS_Late.B 7093.JPG,late_blight,PlantVillage:Tomato___Late_blight:::221.0,verified_group,68a200cbb40382678ae79e1c,eligible_verified_subset
bc39d612a2cd6fe9a46b47c3,late_blight/29eb16c9-e283-46f3-b373-4cfb2cd511d2___GHLB2 Leaf 9055.JPG,late_blight,fallback:bc39d612a2cd6fe9a46b47c3,fallback_group,bc39d612a2cd6fe9a46b47c3,exclude_unresolved_component
83518d3c0b4008de5da17552,late_blight/29f85d31-a9c2-404a-b7bc-9a5b9cd7aa88___RS_Late.B 5541.JPG,late_blight,PlantVillage:Tomato___Late_blight:::106.0,verified_group,83518d3c0b4008de5da17552,eligible_verified_subset
220c91058570bb9a89a26217,late_blight/2a295211-a73b-4460-95c5-81842743518f___RS_Late.B 5116.JPG,late_blight,PlantVillage:Tomato___Late_blight:::55.0,verified_group,220c91058570bb9a89a26217,eligible_verified_subset
6be13122fe6b5b9a46ec4f75,late_blight/2a49b85e-6b7a-4a55-82c3-f596ed09f82d___GHLB2 Leaf 133.1.JPG,late_blight,fallback:6be13122fe6b5b9a46ec4f75,fallback_group,bcda7010c54be271191e5220,exclude_unresolved_component
a181bc121420f49d074596b4,late_blight/2a7cceba-5a33-418a-9718-ccd99ba6c4d1___RS_Late.B 6868.JPG,late_blight,PlantVillage:Tomato___Late_blight:::198.0,verified_group,a181bc121420f49d074596b4,eligible_verified_subset
9212e8d03197a6838be42eeb,late_blight/2ab0515e-1f93-4c3b-991a-6cf131661c22___GHLB2 Leaf 8629.JPG,late_blight,fallback:9212e8d03197a6838be42eeb,fallback_group,9212e8d03197a6838be42eeb,exclude_unresolved_component
67f71895352bb10ca7462415,late_blight/2ac8376a-3401-4572-af45-6984e6415996___GHLB2 Leaf 8787.JPG,late_blight,fallback:67f71895352bb10ca7462415,fallback_group,67f71895352bb10ca7462415,exclude_unresolved_component
4c39ee06a20139578543b28c,late_blight/2aec9930-0331-4e04-8bc0-5c00f373fbf3___GHLB2 Leaf 8993.JPG,late_blight,fallback:4c39ee06a20139578543b28c,fallback_group,4c39ee06a20139578543b28c,exclude_unresolved_component
1c839f0b2a498bc289c7c8ed,late_blight/2b37aa48-ff2a-461d-97db-bf92628edde1___RS_Late.B 7086.JPG,late_blight,PlantVillage:Tomato___Late_blight:::220.0,verified_group,1c839f0b2a498bc289c7c8ed,eligible_verified_subset
3b52634d28457634fcef8b43,late_blight/2b3bc2ea-6604-4b73-9e6d-023211f1ebc4___GHLB2 Leaf 112.2.JPG,late_blight,fallback:3b52634d28457634fcef8b43,fallback_group,3b52634d28457634fcef8b43,exclude_unresolved_component
6d427f516832db5aeeade7cd,late_blight/2bf70a8f-ba33-4405-89d2-8135dbea2b9d___GHLB2 Leaf 9064.JPG,late_blight,fallback:6d427f516832db5aeeade7cd,fallback_group,6d427f516832db5aeeade7cd,exclude_unresolved_component
b9f4cd166c9fc2b01e86ef9d,late_blight/2c2326e9-eb07-45c1-8296-116df4108c03___RS_Late.B 4834.JPG,late_blight,PlantVillage:Tomato___Late_blight:::2.0,verified_group,a1879aff7465a1c3b9b09150,eligible_verified_subset
2a2a883d4a3427dbcb66ae5b,late_blight/2c47b891-3c97-48f1-a2cc-5aa53d3a1148___GHLB2 Leaf 9011.JPG,late_blight,fallback:2a2a883d4a3427dbcb66ae5b,fallback_group,8d4dc1cbc8efe32e03b07603,exclude_unresolved_component
a70baeeabb5a70095d348ac7,late_blight/2c666dfe-4499-48cf-926c-ecdea7864087___GHLB2 Leaf 8947.JPG,late_blight,fallback:a70baeeabb5a70095d348ac7,fallback_group,a70baeeabb5a70095d348ac7,exclude_unresolved_component
72f870f26389a4338768abe2,late_blight/2ccd5383-74a3-41d5-9483-110a20ebf247___RS_Late.B 5329.JPG,late_blight,PlantVillage:Tomato___Late_blight:::81.0,verified_group,b320f69168fa31acd7fc5209,eligible_verified_subset
8df614646594de90e432d983,late_blight/2cf091ac-156c-4e33-a66b-645439d084f3___GHLB2 Leaf 8896.JPG,late_blight,fallback:8df614646594de90e432d983,fallback_group,8df614646594de90e432d983,exclude_unresolved_component
d5745d1cf85ad9cb00cdc98d,late_blight/2d583f2c-3e59-4c4c-be45-5f367a38af95___GHLB2 Leaf 8724.JPG,late_blight,fallback:d5745d1cf85ad9cb00cdc98d,fallback_group,d5745d1cf85ad9cb00cdc98d,exclude_unresolved_component
2922d32617a2f1a0d56ffd49,late_blight/2d63d91d-5366-4f88-83e1-cc5ce4b16d2e___GHLB2 Leaf 156.1.JPG,late_blight,fallback:2922d32617a2f1a0d56ffd49,fallback_group,2922d32617a2f1a0d56ffd49,exclude_unresolved_component
12204c80122ade7e4dc5c623,late_blight/2d649ade-8085-44b7-ba6c-ec5d70f1d051___RS_Late.B 5604.JPG,late_blight,PlantVillage:Tomato___Late_blight:::117.0,verified_group,d11a669dd14c243a1d5396dd,eligible_verified_subset
cf2ce649e9da18eb021d4696,late_blight/2d65b450-78b3-45db-ae98-2ee76f9fe1e2___GHLB2 Leaf 9116.JPG,late_blight,fallback:cf2ce649e9da18eb021d4696,fallback_group,cf2ce649e9da18eb021d4696,exclude_unresolved_component
3b2ec483ae73d9c22787381f,late_blight/2d7fa670-2828-440e-aba2-1f7a843988ea___GHLB2 Leaf 8869.JPG,late_blight,fallback:3b2ec483ae73d9c22787381f,fallback_group,3b2ec483ae73d9c22787381f,exclude_unresolved_component
cfefa1113089dfd472300e07,late_blight/2dab6657-8b94-41ea-b610-74895532efe0___RS_Late.B 5567.JPG,late_blight,PlantVillage:Tomato___Late_blight:::110.0,verified_group,cfefa1113089dfd472300e07,eligible_verified_subset
afd1e5b3623c993a15b865d3,late_blight/2dc5d67b-cfe6-4337-b966-4a499bfad825___GHLB2 Leaf 8761.JPG,late_blight,fallback:afd1e5b3623c993a15b865d3,fallback_group,afd1e5b3623c993a15b865d3,exclude_unresolved_component
b3b1679a27a699ace3edef06,late_blight/2dd36c99-7454-499f-8ff5-d25a01568d33___GHLB2 Leaf 99.JPG,late_blight,fallback:b3b1679a27a699ace3edef06,fallback_group,b3b1679a27a699ace3edef06,exclude_unresolved_component
2a8bc560967a973d9571415b,late_blight/2df8ffd2-e986-46cf-93bf-f271921701c2___RS_Late.B 5441.JPG,late_blight,PlantVillage:Tomato___Late_blight:::95.0,verified_group,2a8bc560967a973d9571415b,eligible_verified_subset
e97abe7b5d66de0ae5340efb,late_blight/2e493726-b22f-4e98-a2e2-418a4425cafb___GHLB2 Leaf 8911.JPG,late_blight,fallback:e97abe7b5d66de0ae5340efb,fallback_group,5ee390f4a015bc34b6d597a5,exclude_unresolved_component
9236354e63002e59fb19f089,late_blight/2e5a8b76-c1d5-432c-bbde-7589e087b120___GHLB2 Leaf 8976.JPG,late_blight,fallback:9236354e63002e59fb19f089,fallback_group,9236354e63002e59fb19f089,exclude_unresolved_component
46cd1bf0d8763df2a9f02204,late_blight/2e62a850-078e-44ce-ac30-6b940479e017___RS_Late.B 6080.JPG,late_blight,PlantVillage:Tomato___Late_blight:::130.0,verified_group,d6ab58b31709916f4ef7cb76,eligible_verified_subset
d23a5e1f834ecdfa7775a40c,late_blight/2e6c4476-c99f-4f05-a1bd-70701326a15d___GHLB2 Leaf 8925.JPG,late_blight,fallback:d23a5e1f834ecdfa7775a40c,fallback_group,d23a5e1f834ecdfa7775a40c,exclude_unresolved_component
b673f52431ceba1b34ab3e42,late_blight/2e6fd489-d873-4fc6-a908-467765017508___GHLB2 Leaf 151.JPG,late_blight,fallback:b673f52431ceba1b34ab3e42,fallback_group,b673f52431ceba1b34ab3e42,exclude_unresolved_component
1c6d84f8fa11ef387f5fa4b5,late_blight/2e86ab04-c41e-4a4b-a674-552176d72ab1___GHLB2 Leaf 100.JPG,late_blight,fallback:1c6d84f8fa11ef387f5fa4b5,fallback_group,1c6d84f8fa11ef387f5fa4b5,exclude_unresolved_component
94898b0447e8322784de37d5,late_blight/2e8f61d8-0d5d-46e3-a597-ede96855a4fe___RS_Late.B 5352.JPG,late_blight,PlantVillage:Tomato___Late_blight:::84.0,verified_group,8272a34962fe57e04a940543,eligible_verified_subset
c611c867e9b102595c60cbc0,late_blight/2ec39ffa-c356-4d31-8153-f2e4bc9a1449___RS_Late.B 5164.JPG,late_blight,PlantVillage:Tomato___Late_blight:::63.0,verified_group,c611c867e9b102595c60cbc0,eligible_verified_subset
f1991284fabc7b57e623240a,late_blight/2edc83c5-b45e-4f4e-ba56-1ff26c33abea___RS_Late.B 5614.JPG,late_blight,PlantVillage:Tomato___Late_blight:::118.0,verified_group,f1991284fabc7b57e623240a,eligible_verified_subset
239744d7bc6470f6eb14477f,late_blight/2f08688f-f6ea-4772-bfa3-5a995e38988c___GHLB2 Leaf 8827.JPG,late_blight,fallback:239744d7bc6470f6eb14477f,fallback_group,239744d7bc6470f6eb14477f,exclude_unresolved_component
024a16c2b82296881f2471ae,late_blight/2f26c159-70bd-4405-b61e-150aaf779c41___RS_Late.B 4919.JPG,late_blight,PlantVillage:Tomato___Late_blight:::17.0,verified_group,80c3bc125b81a11a3336e79b,eligible_verified_subset
f91cc44d7ac62be499761ad8,late_blight/2f433332-c89a-482b-993b-37a3a10096e0___GHLB2 Leaf 8616.JPG,late_blight,fallback:f91cc44d7ac62be499761ad8,fallback_group,f91cc44d7ac62be499761ad8,exclude_unresolved_component
0e45995433665c9d15834bdd,late_blight/2f5aefb2-4bdc-4a55-81e3-c19a6982b605___RS_Late.B 4856.JPG,late_blight,PlantVillage:Tomato___Late_blight:::6.0,verified_group,0e45995433665c9d15834bdd,eligible_verified_subset
ac927e67a4bd148377a48791,late_blight/2f6eb969-db8b-48ae-954d-f716a61fce22___RS_Late.B 6555.JPG,late_blight,PlantVillage:Tomato___Late_blight:::174.0,verified_group,ac927e67a4bd148377a48791,eligible_verified_subset
699c2b6c0b824345deb53c1c,late_blight/2fb21107-3a44-45fa-91da-07355b622e14___RS_Late.B 5307.JPG,late_blight,PlantVillage:Tomato___Late_blight:::77.0,verified_group,699c2b6c0b824345deb53c1c,eligible_verified_subset
5bfa3ac14bd4502b1d5e350f,late_blight/2fd3c2fb-ebd9-48f3-810a-8e365c0db1e2___RS_Late.B 5347.JPG,late_blight,PlantVillage:Tomato___Late_blight:::83.0,verified_group,5bfa3ac14bd4502b1d5e350f,eligible_verified_subset
a5365018fda693898fae2133,late_blight/302da4a0-3b99-46ad-80f6-16ae585abf24___GHLB_PS Leaf 2.1 Day 18.jpg,late_blight,fallback:a5365018fda693898fae2133,fallback_group,a5365018fda693898fae2133,exclude_unresolved_component
228ccc1cbdde6f4edcda3e7c,late_blight/30f95811-1559-4076-a66b-25e3209c7db6___GHLB2ES Leaf 136.JPG,late_blight,fallback:228ccc1cbdde6f4edcda3e7c,fallback_group,228ccc1cbdde6f4edcda3e7c,exclude_unresolved_component
352b5ce5e41ec2442f3896aa,late_blight/3102efb7-6d3d-41db-aac8-587014fefe49___GHLB2 Leaf 9053.JPG,late_blight,fallback:352b5ce5e41ec2442f3896aa,fallback_group,352b5ce5e41ec2442f3896aa,exclude_unresolved_component
0999aa3a625a98037e33515a,late_blight/31514f29-0b4c-4d5a-bd8b-cb0e1264bf48___RS_Late.B 6087.JPG,late_blight,PlantVillage:Tomato___Late_blight:::131.0,verified_group,0999aa3a625a98037e33515a,eligible_verified_subset
abac1c41425e16a914a33a2e,late_blight/3152f2ab-94e6-4e06-8fb9-568c45d31b0b___RS_Late.B 6175.JPG,late_blight,PlantVillage:Tomato___Late_blight:::141.0,verified_group,abac1c41425e16a914a33a2e,eligible_verified_subset
2dd2420c7122dd28639ffee6,late_blight/317f01bd-bf08-43b2-b269-48a6fa2fd480___RS_Late.B 4854.JPG,late_blight,PlantVillage:Tomato___Late_blight:::6.0,verified_group,0e45995433665c9d15834bdd,eligible_verified_subset
028294c6038ba5f944edbd25,late_blight/319d4c9a-92d4-41ff-b351-f3d439233c9e___RS_Late.B 6357.JPG,late_blight,PlantVillage:Tomato___Late_blight:::160.0,verified_group,028294c6038ba5f944edbd25,eligible_verified_subset
62c4ab7a71607fd45157b693,late_blight/31ba9bec-b1f2-49ee-b531-df197dc83ac5___GHLB2 Leaf 116.JPG,late_blight,fallback:62c4ab7a71607fd45157b693,fallback_group,62c4ab7a71607fd45157b693,exclude_unresolved_component
f17217f0335271959571295d,late_blight/31df9041-c8b0-4ebb-93f7-cdac5338723b___GHLB Leaf 3.1 Day 1.JPG,late_blight,fallback:f17217f0335271959571295d,fallback_group,f17217f0335271959571295d,exclude_unresolved_component
0ba592fab95ecd9005b3e2e0,late_blight/31eb8659-67c1-4cc6-b0b9-1d5ffe9eed0b___GHLB_PS Leaf 2.3 Day 18.jpg,late_blight,fallback:0ba592fab95ecd9005b3e2e0,fallback_group,0ba592fab95ecd9005b3e2e0,exclude_unresolved_component
0f4916900ddfca787eb4c7ff,late_blight/31f64c4e-cb26-44a6-a208-5a88d7d486e8___GHLB2 Leaf 8889.JPG,late_blight,fallback:0f4916900ddfca787eb4c7ff,fallback_group,0f4916900ddfca787eb4c7ff,exclude_unresolved_component
4c31fce1bdad1f31d88c68d2,late_blight/32482915-ead6-4e0e-8b3e-a14dd3546b0f___GHLB2 Leaf 8595.JPG,late_blight,fallback:4c31fce1bdad1f31d88c68d2,fallback_group,4c31fce1bdad1f31d88c68d2,exclude_unresolved_component
fdec588b674f257c8f5ca50c,late_blight/32f1dc26-082e-46ea-8cdc-c3d9660acff3___GHLB2 Leaf 8815.JPG,late_blight,fallback:fdec588b674f257c8f5ca50c,fallback_group,fdec588b674f257c8f5ca50c,exclude_unresolved_component
5eff7377f6879fdbe9d244b4,late_blight/33056b9e-f204-4e90-8525-2ebfad803b5c___RS_Late.B 5388.JPG,late_blight,PlantVillage:Tomato___Late_blight:::87.0,verified_group,2ed6a93331aa7457b32468a0,eligible_verified_subset
82cf4419b24c86ddfa705408,late_blight/335be291-a0f7-4b25-aa7c-99af0b073dc9___GHLB2 Leaf 8640.JPG,late_blight,fallback:82cf4419b24c86ddfa705408,fallback_group,82cf4419b24c86ddfa705408,exclude_unresolved_component
cf2a0bedfe4d885e68ba9616,late_blight/335da0b8-a52f-4a2a-8bce-cf98b53b2596___RS_Late.B 6220.JPG,late_blight,PlantVillage:Tomato___Late_blight:::146.0,verified_group,cf2a0bedfe4d885e68ba9616,eligible_verified_subset
6f45ec52242ff1a8c9542475,late_blight/33b5c25b-ab14-4b22-a7f0-764b2070b2d7___GHLB2 Leaf 8670.JPG,late_blight,fallback:6f45ec52242ff1a8c9542475,fallback_group,6f45ec52242ff1a8c9542475,exclude_unresolved_component
a44c19f7f69bb372372c0306,late_blight/33e05db1-0a59-49f4-b4e3-52b52ca31a14___GHLB2 Leaf 155.1.JPG,late_blight,fallback:a44c19f7f69bb372372c0306,fallback_group,a44c19f7f69bb372372c0306,exclude_unresolved_component
2ca9aa3776003bd6e9629b93,late_blight/345e34f9-1a77-4d5f-bd62-aa41f648e41d___GHLB2 Leaf 8930.JPG,late_blight,fallback:2ca9aa3776003bd6e9629b93,fallback_group,2ca9aa3776003bd6e9629b93,exclude_unresolved_component
87b3c974d623a1ed444938d3,late_blight/349b160d-6a6a-4b94-bdd3-81b670d13996___GHLB2 Leaf 72.JPG,late_blight,fallback:87b3c974d623a1ed444938d3,fallback_group,87b3c974d623a1ed444938d3,exclude_unresolved_component
3c4bba52fb87d43d7647ae45,late_blight/34bd18fa-d898-40d4-83ed-665caabed7d0___RS_Late.B 5113.JPG,late_blight,PlantVillage:Tomato___Late_blight:::54.0,verified_group,092a897e32e6e4f7e7336060,eligible_verified_subset
accaf91a85ade389a9c8855b,late_blight/34ce281a-ca92-4f89-a074-157fcedabf4c___RS_Late.B 5590.JPG,late_blight,PlantVillage:Tomato___Late_blight:::114.0,verified_group,1bed7e7e17d5873773bc35f4,eligible_verified_subset
b308d6584004e773e0113e5e,late_blight/351fea81-8dc9-4d24-9a09-5b92f174d883___GHLB2 Leaf 8604.JPG,late_blight,fallback:b308d6584004e773e0113e5e,fallback_group,b308d6584004e773e0113e5e,exclude_unresolved_component
9b1cbdf1f1ce146e46071b02,late_blight/3521d97f-cc36-4581-a2fa-f999f34a6558___GHLB2 Leaf 152.1.JPG,late_blight,fallback:9b1cbdf1f1ce146e46071b02,fallback_group,9b1cbdf1f1ce146e46071b02,exclude_unresolved_component
5116fad273908d1045f7c1ea,late_blight/35262a28-c600-4d1a-9179-f2e0d1638c08___GHLB_PS Leaf 42 Day 18.jpg,late_blight,fallback:5116fad273908d1045f7c1ea,fallback_group,5116fad273908d1045f7c1ea,exclude_unresolved_component
6cd25b95d6e87d2d89b6a259,late_blight/354a2aba-3f4a-4fc4-9598-cdbe291ed167___RS_Late.B 7098.JPG,late_blight,PlantVillage:Tomato___Late_blight:::222.0,verified_group,6cd25b95d6e87d2d89b6a259,eligible_verified_subset
08b3af9fda922ae1855247d1,late_blight/359ad718-024d-4c9e-b871-4144ca25da76___GHLB_PS Leaf 23.1 Day 13.jpg,late_blight,fallback:08b3af9fda922ae1855247d1,fallback_group,08b3af9fda922ae1855247d1,exclude_unresolved_component
90335c2d175ccb7c77c63cc9,late_blight/35a4883c-bef7-4465-b136-a7465a0752de___RS_Late.B 5054.JPG,late_blight,PlantVillage:Tomato___Late_blight:::42.0,verified_group,90335c2d175ccb7c77c63cc9,eligible_verified_subset
d3556167dcf015146bad4440,late_blight/35baedd2-975e-4a48-b468-5b7203bab631___GHLB2 Leaf 8936.JPG,late_blight,fallback:d3556167dcf015146bad4440,fallback_group,d3556167dcf015146bad4440,exclude_unresolved_component
ff70f493f9c0501febcb35cd,late_blight/35bf2b79-f0c4-471c-95ee-2f32df6b8dc6___GHLB2 Leaf 8854.JPG,late_blight,fallback:ff70f493f9c0501febcb35cd,fallback_group,ff70f493f9c0501febcb35cd,exclude_unresolved_component
fade0e4ea82789a8674b373d,late_blight/35c64b94-b2f4-456d-b55f-a376827186c2___GHLB2 Leaf 129.JPG,late_blight,fallback:fade0e4ea82789a8674b373d,fallback_group,fade0e4ea82789a8674b373d,exclude_unresolved_component
804de5799cef04764959e32f,late_blight/36193f11-7789-416d-b0dd-0cae49f74836___GHLB Leaf 23.2 Day 18.JPG,late_blight,fallback:804de5799cef04764959e32f,fallback_group,804de5799cef04764959e32f,exclude_unresolved_component
f8659c3909433c8f5a3ab889,late_blight/36650fc3-00a3-42b2-b016-8692046c5199___RS_Late.B 5107.JPG,late_blight,PlantVillage:Tomato___Late_blight:::53.0,verified_group,637df8a8511338a3e36156bb,eligible_verified_subset
b1000379a0e0ff38c774a5cc,late_blight/366e33bd-7e1a-45b5-a473-374636bbcf02___GHLB2 Leaf 160.JPG,late_blight,fallback:b1000379a0e0ff38c774a5cc,fallback_group,b1000379a0e0ff38c774a5cc,exclude_unresolved_component
d6c271f2cca8db1c37f61798,late_blight/36df35a3-3099-48c0-a9c4-e16c1bcb0573___RS_Late.B 6401.JPG,late_blight,PlantVillage:Tomato___Late_blight:::163.0,verified_group,c9dac97984af1402aaf805a3,eligible_verified_subset
3d251ded37b16250fc580ad0,late_blight/370b9866-9a0d-4541-aaf1-cfefa1d2268c___RS_Late.B 6938.JPG,late_blight,PlantVillage:Tomato___Late_blight:::206.0,verified_group,3d251ded37b16250fc580ad0,eligible_verified_subset
dcc2cb27fe8ae4ebc0e4171c,late_blight/373403cf-6ba1-441e-bd8a-590578b67ba7___GHLB_PS Leaf 1 Day 16.jpg,late_blight,fallback:dcc2cb27fe8ae4ebc0e4171c,fallback_group,dcc2cb27fe8ae4ebc0e4171c,exclude_unresolved_component
f43ff2a6bbbda553c5ec990f,late_blight/37621a3b-a1df-4052-bd30-40ac0f04252a___GHLB2 Leaf 149.1.JPG,late_blight,fallback:f43ff2a6bbbda553c5ec990f,fallback_group,dd76bc67bfd22398a06f770f,exclude_unresolved_component
99aa2fe8087018353316641a,late_blight/376c3deb-3feb-425b-a6dd-ce0f95b7c763___RS_Late.B 5413.JPG,late_blight,PlantVillage:Tomato___Late_blight:::91.0,verified_group,99aa2fe8087018353316641a,eligible_verified_subset
60544535ed572e0b08f51051,late_blight/379e967d-88c2-422e-9f5f-e4b671fd4511___RS_Late.B 6253.JPG,late_blight,PlantVillage:Tomato___Late_blight:::150.0,verified_group,60544535ed572e0b08f51051,eligible_verified_subset
b5274c904318a2352d008fb7,late_blight/37dacc71-848d-43bd-8bb3-85ceafb11f91___GHLB2 Leaf 8605.JPG,late_blight,fallback:b5274c904318a2352d008fb7,fallback_group,b5274c904318a2352d008fb7,exclude_unresolved_component
973cd3f4e511679c51e31bef,late_blight/37f580bd-7070-4cb0-b4ab-53b78ffc96ae___RS_Late.B 7109.JPG,late_blight,PlantVillage:Tomato___Late_blight:::223.0,verified_group,973cd3f4e511679c51e31bef,eligible_verified_subset
826d8ae5f61a651191f928ab,late_blight/3811b546-53ab-4856-a1b2-b228229b09a4___RS_Late.B 6131.JPG,late_blight,PlantVillage:Tomato___Late_blight:::136.0,verified_group,040bfc15840df3c6c06603ae,eligible_verified_subset
47ccb90aa3cbfa93427e948e,late_blight/38121028-f6a2-44f7-be49-5c4b7c296d1e___GHLB2 Leaf 9108.JPG,late_blight,fallback:47ccb90aa3cbfa93427e948e,fallback_group,47ccb90aa3cbfa93427e948e,exclude_unresolved_component
9b13594949d2522ec377e83f,late_blight/382cc2c9-3ac9-444d-9638-72ab527ac1b9___RS_Late.B 6711.JPG,late_blight,PlantVillage:Tomato___Late_blight:::185.0,verified_group,5082e855fde3e6b98526c274,eligible_verified_subset
ad916644b197dac01f8240c4,late_blight/385e730c-e1f9-4f46-b8b0-42bfa13866d7___RS_Late.B 4965.JPG,late_blight,PlantVillage:Tomato___Late_blight:::25.0,verified_group,a16f9f0cae0eca83a1aa3928,eligible_verified_subset
122d890a261a575801289eb6,late_blight/3889dc64-ba9e-4ac1-b6e3-06d5c84bee0a___GHLB2 Leaf 8866.JPG,late_blight,fallback:122d890a261a575801289eb6,fallback_group,122d890a261a575801289eb6,exclude_unresolved_component
f6c7518bad39cfafaf4ba88f,late_blight/389ecffc-2ab0-4c7e-9f03-d6d4695d4f6a___RS_Late.B 5117.JPG,late_blight,PlantVillage:Tomato___Late_blight:::55.0,verified_group,220c91058570bb9a89a26217,eligible_verified_subset
a6529db6a2f727a7b4b54ff8,late_blight/39061157-ee50-40a5-8e24-c083fb6725e7___GHLB2 Leaf 8873.JPG,late_blight,fallback:a6529db6a2f727a7b4b54ff8,fallback_group,a6529db6a2f727a7b4b54ff8,exclude_unresolved_component
eab2517f4b14a3b704c9a19c,late_blight/393ffff3-e175-4e03-b049-76a25b1257c7___RS_Late.B 5599.JPG,late_blight,PlantVillage:Tomato___Late_blight:::116.0,verified_group,eab2517f4b14a3b704c9a19c,eligible_verified_subset
47858c0eab30ce698e1ea2b2,late_blight/3943d2dd-ffb8-43db-a59d-db7af654aecf___GHLB_PS Leaf 51.1 Day 18.jpg,late_blight,fallback:47858c0eab30ce698e1ea2b2,fallback_group,47858c0eab30ce698e1ea2b2,exclude_unresolved_component
2d8bddc6c5caa1fd5a91811a,late_blight/39535fa7-1b38-4828-9294-da1c24aa33ef___RS_Late.B 6901.JPG,late_blight,PlantVillage:Tomato___Late_blight:::202.0,verified_group,2d8bddc6c5caa1fd5a91811a,eligible_verified_subset
1c96c29c4d8f98357b91ac12,late_blight/3956f2c5-b3a4-49a4-8612-c7003d62698b___RS_Late.B 6287.JPG,late_blight,PlantVillage:Tomato___Late_blight:::155.0,verified_group,ce7b2c763e30ca11d6d70c52,eligible_verified_subset
89f695efaa8930284684355c,late_blight/397a3ca2-cc7b-496e-af81-394270be3d61___GHLB2 Leaf 73.1.JPG,late_blight,fallback:89f695efaa8930284684355c,fallback_group,89f695efaa8930284684355c,exclude_unresolved_component
681e7db498a48765ebcb5fc9,late_blight/39c5ef21-730a-4e51-9eb0-a7639295c116___RS_Late.B 5157.JPG,late_blight,PlantVillage:Tomato___Late_blight:::62.0,verified_group,681e7db498a48765ebcb5fc9,eligible_verified_subset
9305ad1b2bf6df107301581d,late_blight/39d14e05-28cd-45c7-98b8-64ffb4552ed9___GHLB2 Leaf 9034.JPG,late_blight,fallback:9305ad1b2bf6df107301581d,fallback_group,9305ad1b2bf6df107301581d,exclude_unresolved_component
a8cee74c1833d3b3d40ce3a8,late_blight/39f11cfa-d3a8-4845-9cc8-8ffa2f707d66___RS_Late.B 6119.JPG,late_blight,PlantVillage:Tomato___Late_blight:::134.0,verified_group,a8cee74c1833d3b3d40ce3a8,eligible_verified_subset
7222d237521a07eaf873403e,late_blight/3a051073-6326-43f1-bd93-a3c69661a87f___GHLB2 Leaf 8655.JPG,late_blight,fallback:7222d237521a07eaf873403e,fallback_group,7222d237521a07eaf873403e,exclude_unresolved_component
395f061f1eb230cf21f83070,late_blight/3a0cd50f-708e-478a-9231-39db5f2fc7c3___GHLB_PS Leaf 32.1 Day 13.jpg,late_blight,fallback:395f061f1eb230cf21f83070,fallback_group,395f061f1eb230cf21f83070,exclude_unresolved_component
21f9349e6cbfcac587ce6dae,late_blight/3a1a6b9e-2a68-421f-adbe-229baf8a6093___GHLB Leaf 2 Day 13.JPG,late_blight,fallback:21f9349e6cbfcac587ce6dae,fallback_group,21f9349e6cbfcac587ce6dae,exclude_unresolved_component
6a8c62cc4d69f9d886eb3f9a,late_blight/3a2a9048-35d3-411d-b4c7-357202cf69df___GHLB2 Leaf 9061.JPG,late_blight,fallback:6a8c62cc4d69f9d886eb3f9a,fallback_group,6a8c62cc4d69f9d886eb3f9a,exclude_unresolved_component
68814b5ad0fddc5b91b1ff5c,late_blight/3a3e6df4-6493-4be6-b652-2b02b4b02d33___GHLB2 Leaf 8921.JPG,late_blight,fallback:68814b5ad0fddc5b91b1ff5c,fallback_group,68814b5ad0fddc5b91b1ff5c,exclude_unresolved_component
8cf341e7d10d5caaac07b258,late_blight/3a6faf8e-3b27-4498-aca9-45f9e4158a56___GHLB2 Leaf 112.1.JPG,late_blight,fallback:8cf341e7d10d5caaac07b258,fallback_group,8cf341e7d10d5caaac07b258,exclude_unresolved_component
7d161aa0eb712a8994b67e4c,late_blight/3a7b4305-431f-431b-809f-79ae28306b41___GHLB2 Leaf 8965.JPG,late_blight,fallback:7d161aa0eb712a8994b67e4c,fallback_group,7d161aa0eb712a8994b67e4c,exclude_unresolved_component
6ae4ccbdc631bdd48a2aae0a,late_blight/3ac52b85-d4a3-4958-9e68-399b919cf7b0___GHLB2 Leaf 8638.JPG,late_blight,fallback:6ae4ccbdc631bdd48a2aae0a,fallback_group,6ae4ccbdc631bdd48a2aae0a,exclude_unresolved_component
8ff112124969af97a4becec5,late_blight/3ae2b5f3-a42f-49b1-8d27-dcfaaeda602f___GHLB2 Leaf 8840.JPG,late_blight,fallback:8ff112124969af97a4becec5,fallback_group,8ff112124969af97a4becec5,exclude_unresolved_component
4309bde211173be9f16fc340,late_blight/3afd2f69-8335-4cb1-842c-1f95bb98f07e___RS_Late.B 6502.JPG,late_blight,PlantVillage:Tomato___Late_blight:::172.0,verified_group,4309bde211173be9f16fc340,eligible_verified_subset
a2291baf342b59a711a4062d,late_blight/3b34322e-e2ad-4023-bf76-f290fb2455a1___GHLB_PS Leaf 52 Day 18.jpg,late_blight,fallback:a2291baf342b59a711a4062d,fallback_group,a2291baf342b59a711a4062d,exclude_unresolved_component
aab10fbacb700124efe5607c,late_blight/3b66a8ec-5828-4bd0-9893-9f00ee22d394___RS_Late.B 5535.JPG,late_blight,PlantVillage:Tomato___Late_blight:::105.0,verified_group,aab10fbacb700124efe5607c,eligible_verified_subset
0f5b086fb66fc8c06de0a794,late_blight/3b9a0c9e-353a-48c0-9b39-90c4ed35dcb7___RS_Late.B 6289.JPG,late_blight,PlantVillage:Tomato___Late_blight:::155.0,verified_group,ce7b2c763e30ca11d6d70c52,eligible_verified_subset
cee84d52a9068577b32587c0,late_blight/3bc6d2f7-c1ed-4e66-b3de-277aadac6785___GHLB2 Leaf 163.JPG,late_blight,fallback:cee84d52a9068577b32587c0,fallback_group,cee84d52a9068577b32587c0,exclude_unresolved_component
741240f16360e899e9055e35,late_blight/3be006f1-7062-47da-a375-8fb7fedb77c0___RS_Late.B 6229.JPG,late_blight,PlantVillage:Tomato___Late_blight:::148.0,verified_group,cda882242e811b1557f8108f,eligible_verified_subset
fa65b31fa0c134bb903c2fa8,late_blight/3bfcacdf-3d19-47c4-a52e-6d884dfc5e20___RS_Late.B 6651.JPG,late_blight,PlantVillage:Tomato___Late_blight:::182.0,verified_group,84a4dfdb14e1062e839f93b6,eligible_verified_subset
cc3528a656a2b0b861dfab17,late_blight/3c2f237b-3e91-455f-8064-428b308bc575___RS_Late.B 5291.JPG,late_blight,PlantVillage:Tomato___Late_blight:::76.0,verified_group,cc3528a656a2b0b861dfab17,eligible_verified_subset
8b40b205260efaf627bb4306,late_blight/3c813cf8-6949-4e1f-b812-3530e3ab5c8b___RS_Late.B 4828.JPG,late_blight,PlantVillage:Tomato___Late_blight:::1.0,verified_group,8b40b205260efaf627bb4306,eligible_verified_subset
950963487dfabbec5c62b777,late_blight/3d43c9c6-7b87-4c79-819c-e202de44236c___GHLB2 Leaf 89.3.JPG,late_blight,fallback:950963487dfabbec5c62b777,fallback_group,950963487dfabbec5c62b777,exclude_unresolved_component
3bfb53b1e48975fac9541a12,late_blight/3d89871d-557a-414e-b726-8f4ba18d30e4___GHLB2 Leaf 8922.JPG,late_blight,fallback:3bfb53b1e48975fac9541a12,fallback_group,3bfb53b1e48975fac9541a12,exclude_unresolved_component
58fc6ff5af55a130575852cd,late_blight/3d9cca85-96cf-4186-b863-933bbbbc8075___GHLB2 Leaf 117.4.JPG,late_blight,fallback:58fc6ff5af55a130575852cd,fallback_group,58fc6ff5af55a130575852cd,exclude_unresolved_component
bf105a540c596cff3e464f01,late_blight/3daa7759-9d45-4173-b73d-a7fca9800c45___GHLB2 Leaf 8573.JPG,late_blight,fallback:bf105a540c596cff3e464f01,fallback_group,bf105a540c596cff3e464f01,exclude_unresolved_component
73ea2e60e9f8934b1adabc16,late_blight/3db1a347-001b-4170-8f64-4fa097f83bc7___GHLB_PS Leaf 1.2 Day 8.jpg,late_blight,fallback:73ea2e60e9f8934b1adabc16,fallback_group,73ea2e60e9f8934b1adabc16,exclude_unresolved_component
c77225b5d9e0795908bf3497,late_blight/3db1dcda-3180-432a-9b8e-7ba8a0d6be55___GHLB_PS Leaf 28.3 Day 13.JPG,late_blight,fallback:c77225b5d9e0795908bf3497,fallback_group,c77225b5d9e0795908bf3497,exclude_unresolved_component
4b4e4131da30ac1e3eff52de,late_blight/3dbb0f53-7541-4b25-b7ef-797800e2b1b7___RS_Late.B 7135.JPG,late_blight,PlantVillage:Tomato___Late_blight:::226.0,verified_group,4b4e4131da30ac1e3eff52de,eligible_verified_subset
4b62e8f1137b7930187228ce,late_blight/3dcee9ed-43bb-45a9-8cff-641b3dd62179___RS_Late.B 5324.JPG,late_blight,PlantVillage:Tomato___Late_blight:::80.0,verified_group,4b62e8f1137b7930187228ce,eligible_verified_subset
1422d02b742fd6aab8258dd7,late_blight/3de17184-cbec-4397-813e-1bbc3bc5cb6a___RS_Late.B 7050.JPG,late_blight,PlantVillage:Tomato___Late_blight:::216.0,verified_group,1422d02b742fd6aab8258dd7,eligible_verified_subset
301eba6239e40278b1cb207f,late_blight/3de67462-9ae4-455d-8d0d-a625c92c7120___RS_Late.B 5148.JPG,late_blight,PlantVillage:Tomato___Late_blight:::61.0,verified_group,664a13e4a37bc06bacb51090,eligible_verified_subset
0461dd1e914c77b2f5ddd7d8,late_blight/3e01dcb7-e660-4403-861a-59a44d572565___GHLB Leaf 2 Day 7.JPG,late_blight,fallback:0461dd1e914c77b2f5ddd7d8,fallback_group,0461dd1e914c77b2f5ddd7d8,exclude_unresolved_component
003898308a0aec6f11bff58e,late_blight/3e1ddc38-64bb-4976-950d-7e228638d70e___GHLB2ES Leaf 65.1.JPG,late_blight,fallback:003898308a0aec6f11bff58e,fallback_group,003898308a0aec6f11bff58e,exclude_unresolved_component
b2c0f6efc52e40338ca3752e,late_blight/3e5cf9cb-de15-4d9d-8eb8-3d47c0094f14___RS_Late.B 6208.JPG,late_blight,PlantVillage:Tomato___Late_blight:::145.0,verified_group,b2c0f6efc52e40338ca3752e,eligible_verified_subset
895c19bab144bcade75ea0c1,late_blight/3e7acc8a-73b1-4c21-bc67-bb6e65c4d373___GHLB Leaf 8.1 Day 12.JPG,late_blight,fallback:895c19bab144bcade75ea0c1,fallback_group,895c19bab144bcade75ea0c1,exclude_unresolved_component
3669f4aa5c7280ae987638a4,late_blight/3ef1e6d9-0ea8-4b1d-a2f4-a99bbc4ba66e___GHLB2 Leaf 8830.JPG,late_blight,fallback:3669f4aa5c7280ae987638a4,fallback_group,3669f4aa5c7280ae987638a4,exclude_unresolved_component
982fac6853cb46d2d7f4c505,late_blight/3f36ff41-3817-497b-95c9-7f79819925e7___RS_Late.B 6314.JPG,late_blight,PlantVillage:Tomato___Late_blight:::157.0,verified_group,f2632910ca344eb5a77565b9,eligible_verified_subset
0af8d3619fe21f4bd56248fa,late_blight/3f389ac5-10ee-4623-98f2-76b0b479cf3e___RS_Late.B 6785.JPG,late_blight,PlantVillage:Tomato___Late_blight:::192.0,verified_group,be659f4ceb39bc86edf19ff4,eligible_verified_subset
d041a859aee68137268b2c64,late_blight/3f5d6de4-0966-4798-b142-78c4fb4097b5___GHLB2 Leaf 8628.JPG,late_blight,fallback:d041a859aee68137268b2c64,fallback_group,d041a859aee68137268b2c64,exclude_unresolved_component
29d616e8b7fdfe169f64e597,late_blight/3fae9c64-18f0-4a67-9f97-554248bb1bed___GHLB_PS Leaf 24 Day 16.jpg,late_blight,fallback:29d616e8b7fdfe169f64e597,fallback_group,29d616e8b7fdfe169f64e597,exclude_unresolved_component
0fa4efc5560d1e4716079fa5,late_blight/3fb24ffc-0f4f-4990-99e9-d8170fc9f6cc___GHLB2 Leaf 131.2.JPG,late_blight,fallback:0fa4efc5560d1e4716079fa5,fallback_group,0fa4efc5560d1e4716079fa5,exclude_unresolved_component
6047bb7348436bfe068fb37f,late_blight/3fbc7d2b-b44e-4562-901f-61eed2e4e38c___RS_Late.B 6045.JPG,late_blight,PlantVillage:Tomato___Late_blight:::125.0,verified_group,72e861e91d6ee172fc84a02f,eligible_verified_subset
e91028a59cc133e07aa2eea9,late_blight/3fcbbb8e-c7dc-4921-b8b6-bc118b877a82___RS_Late.B 5059.JPG,late_blight,PlantVillage:Tomato___Late_blight:::43.0,verified_group,e91028a59cc133e07aa2eea9,eligible_verified_subset
2c32148069e94e51b3dd7c13,late_blight/3ff48ec1-f9ba-443b-b5f8-89df812e1ad8___RS_Late.B 6034.JPG,late_blight,PlantVillage:Tomato___Late_blight:::124.0,verified_group,d09903d70110092d63cec3cd,eligible_verified_subset
62259d120eef90460748e4f8,late_blight/40076fd7-8c21-41a4-9bc9-3c1c53e1a865___RS_Late.B 5594.JPG,late_blight,PlantVillage:Tomato___Late_blight:::115.0,verified_group,bdf9cb9ff6bb0440c6197dfc,eligible_verified_subset
f7388082429a5e41ccfa7665,late_blight/40161a9a-7473-4496-9267-99a451276868___RS_Late.B 5021.JPG,late_blight,PlantVillage:Tomato___Late_blight:::36.0,verified_group,f7388082429a5e41ccfa7665,eligible_verified_subset
bbaf27cfc02ba32b58c1d3a4,late_blight/407672bf-00e1-4362-acf9-cf10aae32dec___GHLB2 Leaf 8844.JPG,late_blight,fallback:bbaf27cfc02ba32b58c1d3a4,fallback_group,bbaf27cfc02ba32b58c1d3a4,exclude_unresolved_component
2a0c3378d064c25e92c8d9dd,late_blight/40a79a6f-e1fc-428c-bd57-3af1a7236156___RS_Late.B 5432.JPG,late_blight,PlantVillage:Tomato___Late_blight:::94.0,verified_group,2a0c3378d064c25e92c8d9dd,eligible_verified_subset
be4bc5373de90f0c152ebe87,late_blight/40ad58d9-f6ab-4487-a150-e2da47f733f1___GHLB2 Leaf 8665.JPG,late_blight,fallback:be4bc5373de90f0c152ebe87,fallback_group,be4bc5373de90f0c152ebe87,exclude_unresolved_component
d221493b358aef2a32a13ca5,late_blight/40bca58c-a09e-429b-a0b3-03fce3ea88e5___GHLB2 Leaf 9113.JPG,late_blight,fallback:d221493b358aef2a32a13ca5,fallback_group,d221493b358aef2a32a13ca5,exclude_unresolved_component
cae3edf1bb5c423e4c7ccb22,late_blight/40de149e-4734-4d63-a34a-7ab34ace1ae5___RS_Late.B 6126.JPG,late_blight,PlantVillage:Tomato___Late_blight:::135.0,verified_group,cae3edf1bb5c423e4c7ccb22,eligible_verified_subset
54f0ffdb6c187537bed4d934,late_blight/41060f54-6ae7-4225-8c38-54490be4705d___RS_Late.B 7097.JPG,late_blight,PlantVillage:Tomato___Late_blight:::222.0,verified_group,6cd25b95d6e87d2d89b6a259,eligible_verified_subset
e1630107ab7314b584287c80,late_blight/413905e7-1e22-4f6a-a74f-2346c050a037___GHLB2 Leaf 8763.JPG,late_blight,fallback:e1630107ab7314b584287c80,fallback_group,e1630107ab7314b584287c80,exclude_unresolved_component
bb0e5815f6cc544f0fd70888,late_blight/413f7280-43ce-4f09-983c-8266588a6e67___RS_Late.B 7088.JPG,late_blight,PlantVillage:Tomato___Late_blight:::220.0,verified_group,1c839f0b2a498bc289c7c8ed,eligible_verified_subset
4dc88c423fd9da7a5ba716cd,late_blight/41474732-acc4-4262-931e-9b719abfb8c3___RS_Late.B 7048.JPG,late_blight,PlantVillage:Tomato___Late_blight:::215.0,verified_group,5f8e9582603255d809a24010,eligible_verified_subset
8309bdbb7bc0689349dc022b,late_blight/4184f74c-6054-473f-babc-fa5cbca7f5b4___GHLB2ES Leaf 135.JPG,late_blight,fallback:8309bdbb7bc0689349dc022b,fallback_group,8309bdbb7bc0689349dc022b,exclude_unresolved_component
2f3678331696448be9ae5f16,late_blight/418ae1d4-d0b0-4bfa-9fa2-2fe0f6841487___RS_Late.B 7105.JPG,late_blight,PlantVillage:Tomato___Late_blight:::223.0,verified_group,973cd3f4e511679c51e31bef,eligible_verified_subset
08f891117682111be570412f,late_blight/418ae33c-5f61-4531-82df-8608d82a7a90___RS_Late.B 5574.JPG,late_blight,PlantVillage:Tomato___Late_blight:::111.0,verified_group,e7f3b7f0cc1b075dfdaa12f0,eligible_verified_subset
26f37c7512776360e51dbba2,late_blight/41c1d7a7-5d90-4b0a-bd41-565393d422c5___GHLB2 Leaf 108.1.JPG,late_blight,fallback:26f37c7512776360e51dbba2,fallback_group,26f37c7512776360e51dbba2,exclude_unresolved_component
94d227cd259185a5b5d3dfc2,late_blight/41e1ea20-a4d0-4ef0-9362-b3756c8c06ec___GHLB2 Leaf 8755.JPG,late_blight,fallback:94d227cd259185a5b5d3dfc2,fallback_group,94d227cd259185a5b5d3dfc2,exclude_unresolved_component
6d214ba31ceded4aaebb93ea,late_blight/41f6fe04-5205-4a08-a2a1-961080b5edef___GHLB2 Leaf 8703.JPG,late_blight,fallback:6d214ba31ceded4aaebb93ea,fallback_group,6d214ba31ceded4aaebb93ea,exclude_unresolved_component
69610c788ce5b008ad102a64,late_blight/4206d227-db97-4b7e-8433-042f12d6681b___GHLB2 Leaf 8654.JPG,late_blight,fallback:69610c788ce5b008ad102a64,fallback_group,69610c788ce5b008ad102a64,exclude_unresolved_component
d25092f26f1e4b7edae7c115,late_blight/4241f3aa-06c9-433a-91ef-97061a03dfae___RS_Late.B 4985.JPG,late_blight,PlantVillage:Tomato___Late_blight:::29.0,verified_group,4493aa2714d955b9f48f4428,eligible_verified_subset
fae330b3dbd5370c12295826,late_blight/427af7ac-5593-4c8e-9a10-44978c009612___RS_Late.B 5452.JPG,late_blight,PlantVillage:Tomato___Late_blight:::97.0,verified_group,cbf3acf0328d67d48292826f,eligible_verified_subset
a6bfe2c839023eb3f014513f,late_blight/42925d12-5478-4773-acdd-88b8361f8bb9___RS_Late.B 5458.JPG,late_blight,PlantVillage:Tomato___Late_blight:::98.0,verified_group,a6bfe2c839023eb3f014513f,eligible_verified_subset
8f330e4b298583f595b22b4f,late_blight/42bc64dd-b367-4cc0-b5df-689c1e86705d___RS_Late.B 4906.JPG,late_blight,PlantVillage:Tomato___Late_blight:::14.0,verified_group,05a737f7d3c165a7f61c5f38,eligible_verified_subset
93b992c8f7515998822a2cb5,late_blight/4300d507-2800-47ef-9e34-d9719fad36dd___RS_Late.B 4885.JPG,late_blight,PlantVillage:Tomato___Late_blight:::11.0,verified_group,ccd89ba5e613527965194257,eligible_verified_subset
7446f34971074d79ab64ba92,late_blight/43018540-7022-4fcd-a240-e5f861914bbd___GHLB2 Leaf 84.5.JPG,late_blight,fallback:7446f34971074d79ab64ba92,fallback_group,7446f34971074d79ab64ba92,exclude_unresolved_component
6a6cfdb8f98cfcc2fce9ff8a,late_blight/434242f4-5988-41b8-9ab3-375b76b31766___RS_Late.B 6497.JPG,late_blight,PlantVillage:Tomato___Late_blight:::171.0,verified_group,6a6cfdb8f98cfcc2fce9ff8a,eligible_verified_subset
047cded1d36075c99fadca57,late_blight/435f78a8-70a8-4df9-b227-c6230301a17e___RS_Late.B 6672.JPG,late_blight,PlantVillage:Tomato___Late_blight:::183.0,verified_group,93baf33ae82f0eb4aa5e7676,eligible_verified_subset
4c123ca914c202f78fc89a34,late_blight/4378c0ca-ff9f-48f4-8311-e716e89b1a99___RS_Late.B 5087.JPG,late_blight,PlantVillage:Tomato___Late_blight:::49.0,verified_group,4c123ca914c202f78fc89a34,eligible_verified_subset
88a1b592848ce62d56324fd8,late_blight/4392c0b5-bd98-4419-a99a-68d0f41f00b9___GHLB2 Leaf 8680.JPG,late_blight,fallback:88a1b592848ce62d56324fd8,fallback_group,88a1b592848ce62d56324fd8,exclude_unresolved_component
a77572e245b1e9727c2ba987,late_blight/439d092e-4a77-4feb-be22-2f830926f602___GHLB2ES Leaf 54.JPG,late_blight,fallback:a77572e245b1e9727c2ba987,fallback_group,a77572e245b1e9727c2ba987,exclude_unresolved_component
3fd4289a4a65064aceed4b16,late_blight/43bf836c-132e-493f-b01e-3f1b44d84f47___RS_Late.B 6577.JPG,late_blight,PlantVillage:Tomato___Late_blight:::175.0,verified_group,6e5296cb27eda4b2c50ae050,eligible_verified_subset
d1bd701a42b18a4e04fcd73c,late_blight/43eb2436-bdba-4f67-8f51-d92c8f040690___GHLB2ES Leaf 141.1.JPG,late_blight,fallback:d1bd701a42b18a4e04fcd73c,fallback_group,d1bd701a42b18a4e04fcd73c,exclude_unresolved_component
7563b432e11b8be854c25e2c,late_blight/44133f33-9968-41b9-bf3b-61e94c8a6bfa___RS_Late.B 5076.JPG,late_blight,PlantVillage:Tomato___Late_blight:::47.0,verified_group,8b9aa78c392f6af65eb6213d,eligible_verified_subset
3a1ce7d06dddec474ad67d76,late_blight/442f2aa6-9341-4f25-b789-edb5c9ac078b___GHLB2 Leaf 8846.JPG,late_blight,fallback:3a1ce7d06dddec474ad67d76,fallback_group,3a1ce7d06dddec474ad67d76,exclude_unresolved_component
10839a1f5d6a6cf3477b7684,late_blight/4431e0a9-f61b-4eff-a592-506a6c6606b2___RS_Late.B 7104.JPG,late_blight,PlantVillage:Tomato___Late_blight:::223.0,verified_group,973cd3f4e511679c51e31bef,eligible_verified_subset
195f95b98cd3067cb1aa9443,late_blight/4435bd64-52a2-46cf-a319-a13a28571b03___GHLB2 Leaf 157.2.JPG,late_blight,fallback:195f95b98cd3067cb1aa9443,fallback_group,195f95b98cd3067cb1aa9443,exclude_unresolved_component
f1f1cab936750d9dd5003842,late_blight/4462526f-af54-4342-8f7d-56f5a6052e9b___GHLB2 Leaf 111.1.JPG,late_blight,fallback:f1f1cab936750d9dd5003842,fallback_group,f1f1cab936750d9dd5003842,exclude_unresolved_component
c2e85842b202e9cf912921bc,late_blight/44673e7b-c880-4853-8816-065724e6c1ec___GHLB2 Leaf 8745.JPG,late_blight,fallback:c2e85842b202e9cf912921bc,fallback_group,c2e85842b202e9cf912921bc,exclude_unresolved_component
8f4c8193ef15808ce3628e85,late_blight/44728e89-49f7-435e-b4d9-a64a7a3f2317___RS_Late.B 7116.JPG,late_blight,PlantVillage:Tomato___Late_blight:::224.0,verified_group,8f4c8193ef15808ce3628e85,eligible_verified_subset
44480b76022af3f4a9078302,late_blight/44902d94-0273-4f60-ae20-d0ea4b202452___RS_Late.B 5587.JPG,late_blight,PlantVillage:Tomato___Late_blight:::113.0,verified_group,44480b76022af3f4a9078302,eligible_verified_subset
ebac05186093d2ce411f4816,late_blight/449c9233-a3bb-4743-874b-f5d092d652b9___GHLB2 Leaf 8975.JPG,late_blight,fallback:ebac05186093d2ce411f4816,fallback_group,ebac05186093d2ce411f4816,exclude_unresolved_component
226ac9c768fc65dd77f829b6,late_blight/44c7f2c3-bec1-4f42-b9b6-946c2b92f50e___RS_Late.B 6261.JPG,late_blight,PlantVillage:Tomato___Late_blight:::151.0,verified_group,226ac9c768fc65dd77f829b6,eligible_verified_subset
e7e65f38a2cb968423484ccf,late_blight/44de5100-871f-495d-b4c6-70ab89059a68___RS_Late.B 7043.JPG,late_blight,PlantVillage:Tomato___Late_blight:::215.0,verified_group,5f8e9582603255d809a24010,eligible_verified_subset
9b8e755e2f209b583e06d124,late_blight/44e96c62-48e6-454c-bab5-c34569deb2a5___RS_Late.B 5162.JPG,late_blight,PlantVillage:Tomato___Late_blight:::63.0,verified_group,c611c867e9b102595c60cbc0,eligible_verified_subset
984c2400d9fd9779cfbd66c9,late_blight/44f72a0c-3313-44bd-acdb-905ae5944a57___GHLB2 Leaf 8880.JPG,late_blight,fallback:984c2400d9fd9779cfbd66c9,fallback_group,984c2400d9fd9779cfbd66c9,exclude_unresolved_component
15f3d92241e02d281ccac699,late_blight/4505676e-d70e-460e-bac1-ce20d94f3944___GHLB2 Leaf 158.2.JPG,late_blight,fallback:15f3d92241e02d281ccac699,fallback_group,15f3d92241e02d281ccac699,exclude_unresolved_component
9ecb4c32b84bfee2f4d6589e,late_blight/452dfdfb-298d-4c0c-b500-0c480eea587d___GHLB_PS Leaf 40 Day 18.jpg,late_blight,fallback:9ecb4c32b84bfee2f4d6589e,fallback_group,9ecb4c32b84bfee2f4d6589e,exclude_unresolved_component
bb9df1fffcfbb680268ee8eb,late_blight/45472e0c-7abb-48eb-aab6-8a1b612839eb___GHLB2 Leaf 8962.JPG,late_blight,fallback:bb9df1fffcfbb680268ee8eb,fallback_group,bb9df1fffcfbb680268ee8eb,exclude_unresolved_component
5f68e44494c4604d87f55195,late_blight/455a88bf-102d-4eeb-bea9-f0e648a3ad31___RS_Late.B 6903.JPG,late_blight,PlantVillage:Tomato___Late_blight:::202.0,verified_group,2d8bddc6c5caa1fd5a91811a,eligible_verified_subset
1d0ab7900a03fa7190f4479e,late_blight/45c8ee5d-1476-4306-a8c6-6a4cbd80f5cb___GHLB2 Leaf 8900.JPG,late_blight,fallback:1d0ab7900a03fa7190f4479e,fallback_group,1d0ab7900a03fa7190f4479e,exclude_unresolved_component
15805c733251c1dfbe42400a,late_blight/45fefdc6-a9a7-4955-8066-146efe1c8a1c___GHLB_PS Leaf 27 Day 9.jpg,late_blight,fallback:15805c733251c1dfbe42400a,fallback_group,15805c733251c1dfbe42400a,exclude_unresolved_component
e59d6491e54547ec714b28ad,late_blight/460e4daf-39e2-48d0-9a85-52442fc36e14___RS_Late.B 6688.JPG,late_blight,PlantVillage:Tomato___Late_blight:::184.0,verified_group,e59d6491e54547ec714b28ad,eligible_verified_subset
5d2f2272a898a7f746dee200,late_blight/4648b0c8-1c09-4cb9-b0dc-67515432d802___GHLB2ES Leaf 69.3.JPG,late_blight,fallback:5d2f2272a898a7f746dee200,fallback_group,5d2f2272a898a7f746dee200,exclude_unresolved_component
255344f9eab989976b852cfb,late_blight/464d50a2-adf7-4a8d-b2e0-4fcb01b02fe6___RS_Late.B 5030.JPG,late_blight,PlantVillage:Tomato___Late_blight:::38.0,verified_group,c8cf22376bc77022418d6151,eligible_verified_subset
e2a51e58d3868aeeff5db4e7,late_blight/464e9931-7a53-4059-b244-0066297f0a8f___GHLB2 Leaf 8841.JPG,late_blight,fallback:e2a51e58d3868aeeff5db4e7,fallback_group,e2a51e58d3868aeeff5db4e7,exclude_unresolved_component
600394a8f60b407ad5c0edd7,late_blight/465d5d19-a90a-412b-b7cd-430a093b02ed___GHLB2 Leaf 8953.JPG,late_blight,fallback:600394a8f60b407ad5c0edd7,fallback_group,600394a8f60b407ad5c0edd7,exclude_unresolved_component
c9f9cb115334f794368175c8,late_blight/467da834-4482-4233-90d1-03bc4dc60966___RS_Late.B 5136.JPG,late_blight,PlantVillage:Tomato___Late_blight:::59.0,verified_group,efb8a849e9d578991a679253,eligible_verified_subset
4de4a27390aa72dbada82e05,late_blight/46aabd9e-80c5-440b-924a-229f146b571c___GHLB2 Leaf 8955.JPG,late_blight,fallback:4de4a27390aa72dbada82e05,fallback_group,4de4a27390aa72dbada82e05,exclude_unresolved_component
f6c03b2126cd8a552f0dbea7,late_blight/46ac1a7f-6529-4812-9d11-996a288a907b___GHLB2 Leaf 113.4.JPG,late_blight,fallback:f6c03b2126cd8a552f0dbea7,fallback_group,f6c03b2126cd8a552f0dbea7,exclude_unresolved_component
a19fb559cc785ce6109b1ca8,late_blight/46ae5fef-ca7d-4f8d-86dc-7906bfcbde9f___RS_Late.B 5092.JPG,late_blight,PlantVillage:Tomato___Late_blight:::50.0,verified_group,a19fb559cc785ce6109b1ca8,eligible_verified_subset
253bc6b2d18369eeba03ad84,late_blight/46b29233-cfd6-47d0-99b5-504a4df17bbf___RS_Late.B 5350.JPG,late_blight,PlantVillage:Tomato___Late_blight:::83.0,verified_group,5bfa3ac14bd4502b1d5e350f,eligible_verified_subset
f2474c2f32dc5cf9a9f75bcb,late_blight/46c6a276-b915-46d0-9a28-5655645c2d8b___RS_Late.B 7115.JPG,late_blight,PlantVillage:Tomato___Late_blight:::224.0,verified_group,8f4c8193ef15808ce3628e85,eligible_verified_subset
9e7dc40b01ac2835bc3eb1c3,late_blight/46e4103f-f240-48cc-ae17-9466fcbec332___RS_Late.B 6650.JPG,late_blight,PlantVillage:Tomato___Late_blight:::181.0,verified_group,eebf4fff2489870903bd06a2,eligible_verified_subset
69efdcacbb402b066be1cfba,late_blight/46edfbcd-876e-4310-bba7-bae2b8fcc773___GHLB2 Leaf 9069.JPG,late_blight,fallback:69efdcacbb402b066be1cfba,fallback_group,69efdcacbb402b066be1cfba,exclude_unresolved_component
e0068cc67234b92f4073b3da,late_blight/4710d5cd-08f7-44ae-91c1-99204f1c135b___RS_Late.B 6132.JPG,late_blight,PlantVillage:Tomato___Late_blight:::136.0,verified_group,040bfc15840df3c6c06603ae,eligible_verified_subset
336f431d967a51f01db0f41a,late_blight/475ea338-8e88-4164-b2e3-e8b386df415d___RS_Late.B 6362.JPG,late_blight,PlantVillage:Tomato___Late_blight:::161.0,verified_group,336f431d967a51f01db0f41a,eligible_verified_subset
ab8975656b53a5e0f7702166,late_blight/47614fe0-26d7-4259-a78b-5b8db71f7eed___RS_Late.B 4976.JPG,late_blight,PlantVillage:Tomato___Late_blight:::27.0,verified_group,ab8975656b53a5e0f7702166,eligible_verified_subset
cfbd035740a8a7bbb15f114d,late_blight/4780302b-3329-4f1f-a697-67698af1d261___RS_Late.B 6319.JPG,late_blight,PlantVillage:Tomato___Late_blight:::158.0,verified_group,cfbd035740a8a7bbb15f114d,eligible_verified_subset
adb2a9e135be4dea79d604ef,late_blight/4780f75c-a79a-47e6-89a0-7ecb5d18876e___RS_Late.B 5499.JPG,late_blight,PlantVillage:Tomato___Late_blight:::103.0,verified_group,adb2a9e135be4dea79d604ef,eligible_verified_subset
a162cff5db42c781290fb7ea,late_blight/4789c47e-2fcd-4dd5-8a57-818b745c123d___GHLB2 Leaf 8545.JPG,late_blight,fallback:a162cff5db42c781290fb7ea,fallback_group,a162cff5db42c781290fb7ea,exclude_unresolved_component
b90962508b564b6790e08587,late_blight/47a38705-6d43-429c-b3f6-54c01f3b08e8___GHLB2 Leaf 8718.JPG,late_blight,fallback:b90962508b564b6790e08587,fallback_group,b90962508b564b6790e08587,exclude_unresolved_component
a85856490fb16b95f32655b9,late_blight/47a6f6d3-e523-4103-bf89-ddc436f2a7a7___GHLB2 Leaf 154.5.JPG,late_blight,fallback:a85856490fb16b95f32655b9,fallback_group,a85856490fb16b95f32655b9,exclude_unresolved_component
411f41f9a6b6e6c05f305688,late_blight/47a9ad56-28b2-4aaa-915e-55d04bef03b7___RS_Late.B 5425.JPG,late_blight,PlantVillage:Tomato___Late_blight:::93.0,verified_group,6e8086063bb97ec62e3ca1b6,exclude_unresolved_component
5960b24b53b7c2afbde3c6b8,late_blight/48246fa8-29ce-4ae2-abc3-586440295cf0___RS_Late.B 5459.JPG,late_blight,PlantVillage:Tomato___Late_blight:::98.0,verified_group,a6bfe2c839023eb3f014513f,eligible_verified_subset
2df8fe657fbdeca94b019014,late_blight/483e8a16-c92f-4f69-a048-54c5f4c3676a___RS_Late.B 6296.JPG,late_blight,PlantVillage:Tomato___Late_blight:::156.0,verified_group,2df8fe657fbdeca94b019014,eligible_verified_subset
bfd9c0bd0716e57a2e95cb03,late_blight/485022b7-b861-4234-a906-1034b3d0bda6___RS_Late.B 5984.JPG,late_blight,PlantVillage:Tomato___Late_blight:::121.0,verified_group,8f8c07f21ea09286f0a2e83b,eligible_verified_subset
edd31c5e96ab77587a77fa70,late_blight/48c55974-9fe9-4f4b-94f7-c8cd127d1e05___GHLB_PS Leaf 23.7 Day 13.jpg,late_blight,fallback:edd31c5e96ab77587a77fa70,fallback_group,edd31c5e96ab77587a77fa70,exclude_unresolved_component
3dce901e3229f5fefbe60bb7,late_blight/48f00178-13a0-4565-b09d-57944fe67472___RS_Late.B 5081.JPG,late_blight,PlantVillage:Tomato___Late_blight:::48.0,verified_group,3dce901e3229f5fefbe60bb7,eligible_verified_subset
29846a01ef7ae3f31bb92640,late_blight/491a9294-8f46-4563-9787-6b8b68a9c050___RS_Late.B 6591.JPG,late_blight,PlantVillage:Tomato___Late_blight:::177.0,verified_group,16601424dfe33ec6849b6468,eligible_verified_subset
356544db4cb3f53052b5be65,late_blight/494fe29c-4ca6-489c-9424-7f760f54471d___RS_Late.B 5322.JPG,late_blight,PlantVillage:Tomato___Late_blight:::79.0,verified_group,661df630a47125e130ea4912,eligible_verified_subset
11d052d89612068750593c62,late_blight/49d0531e-3d55-47b6-a4ed-2d87bd23bbcf___RS_Late.B 5457.JPG,late_blight,PlantVillage:Tomato___Late_blight:::98.0,verified_group,a6bfe2c839023eb3f014513f,eligible_verified_subset
dedf4e9f97a461ea8bdd18ac,late_blight/4a5a39d1-e05e-4ec2-acf7-3987cd04a71e___RS_Late.B 6547.JPG,late_blight,PlantVillage:Tomato___Late_blight:::174.0,verified_group,ac927e67a4bd148377a48791,eligible_verified_subset
37fd7911d5f82d27732ce445,late_blight/4a6b862b-d42f-42ea-81f5-60480236709a___GHLB2 Leaf 9083.JPG,late_blight,fallback:37fd7911d5f82d27732ce445,fallback_group,37fd7911d5f82d27732ce445,exclude_unresolved_component
9a945841ce959ca582106853,late_blight/4ab57bec-a118-4686-a9dd-f6ee3cdd0c55___GHLB2 Leaf 8695.JPG,late_blight,fallback:9a945841ce959ca582106853,fallback_group,9a945841ce959ca582106853,exclude_unresolved_component
a4d988f1cedb6d01193c2190,late_blight/4ae26730-1f0b-4f49-aad5-774f0ed4df35___GHLB2 Leaf 8621.JPG,late_blight,fallback:a4d988f1cedb6d01193c2190,fallback_group,a4d988f1cedb6d01193c2190,exclude_unresolved_component
418b9f490b82208d124508f8,late_blight/4aeaacd8-ff6e-4d01-86d1-0a51c626cc99___GHLB2 Leaf 8943.JPG,late_blight,fallback:418b9f490b82208d124508f8,fallback_group,418b9f490b82208d124508f8,exclude_unresolved_component
4d7172b4a2b684bf9c99da4b,late_blight/4b115bc3-911c-4e98-b948-a6a360f06a87___GHLB_PS Leaf 25 Day 9.jpg,late_blight,fallback:4d7172b4a2b684bf9c99da4b,fallback_group,4d7172b4a2b684bf9c99da4b,exclude_unresolved_component
49c9fdba4360b8714675af37,late_blight/4b6307a8-d60b-4e45-a8b4-5e1cd50f2a62___GHLB2 Leaf 8588.JPG,late_blight,fallback:49c9fdba4360b8714675af37,fallback_group,49c9fdba4360b8714675af37,exclude_unresolved_component
5d102bf4c3a524369216f69b,late_blight/4bc2b44a-865c-4006-aa3d-fbd4bd2de695___RS_Late.B 5123.JPG,late_blight,PlantVillage:Tomato___Late_blight:::56.0,verified_group,839b6d0515dbf9182fa78b0a,eligible_verified_subset
4697a4533f47bae8fe693236,late_blight/4be05670-885c-4a87-a22a-dfb89f0b15d0___RS_Late.B 6588.JPG,late_blight,PlantVillage:Tomato___Late_blight:::176.0,verified_group,049f9cef81dfd9565b1b854e,eligible_verified_subset
66f61461f632fbbb6c411e96,late_blight/4be2e7c4-f539-41c3-975b-a1ff17b516ec___GHLB_PS Leaf 2 Day 8.jpg,late_blight,fallback:66f61461f632fbbb6c411e96,fallback_group,66f61461f632fbbb6c411e96,exclude_unresolved_component
6085cb0543687963cbae9396,late_blight/4bf424a2-b275-4ac0-968c-fe229136f10d___GHLB_PS Leaf 2.5 Day 16.jpg,late_blight,fallback:6085cb0543687963cbae9396,fallback_group,6085cb0543687963cbae9396,exclude_unresolved_component
0316979c7ae0ac633953240b,late_blight/4c25c41d-6e73-46e6-bf17-f9571fa80733___RS_Late.B 6077.JPG,late_blight,PlantVillage:Tomato___Late_blight:::129.0,verified_group,26ac517d0f72c862ac0c2403,eligible_verified_subset
74b6e3b6d97a7fed782cfec1,late_blight/4c27ed2d-96c2-4f8f-ac68-d699bc665cec___GHLB2 Leaf 8954.JPG,late_blight,fallback:74b6e3b6d97a7fed782cfec1,fallback_group,74b6e3b6d97a7fed782cfec1,exclude_unresolved_component
04fba9b420353e8b44adda24,late_blight/4c42cb8f-e57f-48a5-bff2-8a8629d7505b___RS_Late.B 6869.JPG,late_blight,PlantVillage:Tomato___Late_blight:::198.0,verified_group,a181bc121420f49d074596b4,eligible_verified_subset
304e0ba2becf6f52b3b76868,late_blight/4c74c480-981a-40ef-87e6-06713b9e21db___RS_Late.B 6972.JPG,late_blight,PlantVillage:Tomato___Late_blight:::209.0,verified_group,2e6e70c5d138b8b67477e899,eligible_verified_subset
dc275ee55af8fe3812725866,late_blight/4ca113ee-0468-483d-be29-68a27bf60a71___GHLB2 Leaf 8890.JPG,late_blight,fallback:dc275ee55af8fe3812725866,fallback_group,dc275ee55af8fe3812725866,exclude_unresolved_component
80a8c5ad50520927c800b898,late_blight/4cae9dde-fd4a-48f0-a66d-c7ed92eee6ea___GHLB2 Leaf 97.JPG,late_blight,fallback:80a8c5ad50520927c800b898,fallback_group,80a8c5ad50520927c800b898,exclude_unresolved_component
cda27aed2874b1981e1488d6,late_blight/4cbf0243-7350-4ce5-893a-34f7b13c97ea___RS_Late.B 6810.JPG,late_blight,PlantVillage:Tomato___Late_blight:::194.0,verified_group,cda27aed2874b1981e1488d6,eligible_verified_subset
40bad8108a0b559f1646d807,late_blight/4cdd9b83-3ec9-40af-b402-a96827e69b84___GHLB2 Leaf 8554.JPG,late_blight,fallback:40bad8108a0b559f1646d807,fallback_group,40bad8108a0b559f1646d807,exclude_unresolved_component
a1f9beeb54b8c978f0f50122,late_blight/4ceb4156-66d9-4405-9472-82a35f0fa245___GHLB2 Leaf 8662.JPG,late_blight,fallback:a1f9beeb54b8c978f0f50122,fallback_group,a1f9beeb54b8c978f0f50122,exclude_unresolved_component
a999cf8e23058f30db69beba,late_blight/4cffeba2-15a0-4d56-9429-8dbb0f69c00e___GHLB2 Leaf 158.1.JPG,late_blight,fallback:a999cf8e23058f30db69beba,fallback_group,a999cf8e23058f30db69beba,exclude_unresolved_component
9fd6082b7341775bdb495718,late_blight/4d6314e5-b280-4872-8eb6-cf4632934ae3___GHLB2 Leaf 81.JPG,late_blight,fallback:9fd6082b7341775bdb495718,fallback_group,9fd6082b7341775bdb495718,exclude_unresolved_component
501f43fd8adcf5820e57e883,late_blight/4d8b05f5-930b-426b-bbea-0bd33e8a6c42___RS_Late.B 6830.JPG,late_blight,PlantVillage:Tomato___Late_blight:::196.0,verified_group,8a2a4194463c0fb9cbaac3b6,eligible_verified_subset
8e9653c3d63c89c5fc562c49,late_blight/4d9faab5-238d-42a1-ae87-5e3d0a38a3e2___RS_Late.B 5033.JPG,late_blight,PlantVillage:Tomato___Late_blight:::38.0,verified_group,c8cf22376bc77022418d6151,eligible_verified_subset
005eff43d5f02508a9b1ee59,late_blight/4dbcd899-49fd-4292-9931-d5857b5501df___RS_Late.B 6168.JPG,late_blight,PlantVillage:Tomato___Late_blight:::140.0,verified_group,005eff43d5f02508a9b1ee59,eligible_verified_subset
d1f261588394239ab5a3bd12,late_blight/4de5d2c4-bed5-436a-95e2-bcf43a1723fd___GHLB2 Leaf 8727.JPG,late_blight,fallback:d1f261588394239ab5a3bd12,fallback_group,d1f261588394239ab5a3bd12,exclude_unresolved_component
a65d9ef64ee74ecef354f945,late_blight/4e1d7a08-a036-474f-8b4c-eef9d7c093fa___RS_Late.B 5043.JPG,late_blight,PlantVillage:Tomato___Late_blight:::40.0,verified_group,5596079b9bca769994a688b2,eligible_verified_subset
fda40a106dbbb0e443aa6aa8,late_blight/4e634785-ec5c-43b9-a352-9c9deb88b117___RS_Late.B 7095.JPG,late_blight,PlantVillage:Tomato___Late_blight:::221.0,verified_group,68a200cbb40382678ae79e1c,eligible_verified_subset
b51fa2f7b6fab979afdb2da0,late_blight/4e9c1dac-62c2-4699-bcda-5bdc3740f267___GHLB2 Leaf 8740.JPG,late_blight,fallback:b51fa2f7b6fab979afdb2da0,fallback_group,b51fa2f7b6fab979afdb2da0,exclude_unresolved_component
ce6b0cb7a6d1186ec46a51c5,late_blight/4eca7d70-60ff-41cc-8884-e4844f23abeb___GHLB2 Leaf 8641.JPG,late_blight,fallback:ce6b0cb7a6d1186ec46a51c5,fallback_group,82cf4419b24c86ddfa705408,exclude_unresolved_component
ac5c0692eec385e88153a73a,late_blight/4eecda06-df95-4222-b91f-b92111dd0b38___RS_Late.B 6070.JPG,late_blight,PlantVillage:Tomato___Late_blight:::128.0,verified_group,908875bf70313c84de5aef45,eligible_verified_subset
3f6eb04335b3a4d7090afd3c,late_blight/4ef693d7-c1e2-4dbc-896d-874b5eb15d13___GHLB2 Leaf 8877.JPG,late_blight,fallback:3f6eb04335b3a4d7090afd3c,fallback_group,3f6eb04335b3a4d7090afd3c,exclude_unresolved_component
2985c9a388d748697d2c8d43,late_blight/4efe334c-09f2-44ec-b2cf-37dc45c693d2___GHLB2 Leaf 90.1.JPG,late_blight,fallback:2985c9a388d748697d2c8d43,fallback_group,2985c9a388d748697d2c8d43,exclude_unresolved_component
9cd61e591ec3625311694c69,late_blight/4f12205c-0035-48ed-b6b0-56f347fe2ab0___RS_Late.B 5085.JPG,late_blight,PlantVillage:Tomato___Late_blight:::49.0,verified_group,4c123ca914c202f78fc89a34,eligible_verified_subset
03798eb3696d38a99895d3ee,late_blight/4f47d31b-0890-49a7-ab33-8b5865cb8843___GHLB2 Leaf 80.JPG,late_blight,fallback:03798eb3696d38a99895d3ee,fallback_group,03798eb3696d38a99895d3ee,exclude_unresolved_component
0216daaee8835d6b006fa3be,late_blight/4f4ae955-8ed2-4eae-b013-bc26ae5e91b0___GHLB2 Leaf 91.JPG,late_blight,fallback:0216daaee8835d6b006fa3be,fallback_group,0216daaee8835d6b006fa3be,exclude_unresolved_component
864f249482ec4434ed2c82d6,late_blight/4f52cae6-d6f1-4557-987a-eb9318dc574f___RS_Late.B 6439.JPG,late_blight,PlantVillage:Tomato___Late_blight:::166.0,verified_group,864f249482ec4434ed2c82d6,eligible_verified_subset
db89783a85c755ef007d8440,late_blight/4fa3fe36-2c59-4860-be94-508954283149___RS_Late.B 5495.JPG,late_blight,PlantVillage:Tomato___Late_blight:::102.0,verified_group,db89783a85c755ef007d8440,eligible_verified_subset
ab98c25ab09cf03317d4ea92,late_blight/4fc2334d-be0a-45f9-970d-be7a0f6a6c2a___RS_Late.B 6268.JPG,late_blight,PlantVillage:Tomato___Late_blight:::152.0,verified_group,ab98c25ab09cf03317d4ea92,eligible_verified_subset
eb121d7f979b947d6e6b504d,late_blight/4fd803b3-c615-4d9e-9bee-54766b05672e___RS_Late.B 5002.JPG,late_blight,PlantVillage:Tomato___Late_blight:::32.0,verified_group,eb121d7f979b947d6e6b504d,eligible_verified_subset
a1c828dd547a353629ad83f2,late_blight/5025cbd9-e9e6-4c16-a9c8-b915a5e30f13___RS_Late.B 7009.JPG,late_blight,PlantVillage:Tomato___Late_blight:::213.0,verified_group,f7ea33fa99809422e390fcb8,eligible_verified_subset
547e7b376c54d3fed45df352,late_blight/506f24fb-92f4-4fe6-9d67-31e3ddd05fc0___GHLB2 Leaf 8819.JPG,late_blight,fallback:547e7b376c54d3fed45df352,fallback_group,547e7b376c54d3fed45df352,exclude_unresolved_component
642c7e07b34fd3858ca90e44,late_blight/507c7851-098d-456f-b7c6-49754caa5ee8___GHLB2 Leaf 9082.JPG,late_blight,fallback:642c7e07b34fd3858ca90e44,fallback_group,642c7e07b34fd3858ca90e44,exclude_unresolved_component
dd1b81f7fbf2332ad6799212,late_blight/507ffea4-183f-48c4-af97-d1201c99da5f___GHLB2 Leaf 8895.JPG,late_blight,fallback:dd1b81f7fbf2332ad6799212,fallback_group,dd1b81f7fbf2332ad6799212,exclude_unresolved_component
40fb83b0d96f570dabca20c8,late_blight/50b8801e-390e-4117-918e-cad1c1af16b4___RS_Late.B 5232.JPG,late_blight,PlantVillage:Tomato___Late_blight:::73.0,verified_group,40fb83b0d96f570dabca20c8,eligible_verified_subset
136969bec1443084f03ba0ac,late_blight/50d87798-e696-4845-89d8-13de30ebbdcd___GHLB2 Leaf 8818.JPG,late_blight,fallback:136969bec1443084f03ba0ac,fallback_group,136969bec1443084f03ba0ac,exclude_unresolved_component
cb09418984b93a06370f9e93,late_blight/50dd04a3-18a8-4a34-bbba-5e6f851742f5___RS_Late.B 6141.JPG,late_blight,PlantVillage:Tomato___Late_blight:::137.0,verified_group,5d2de855641764e72048baf0,eligible_verified_subset
c75ee85c5e6df375b19155cd,late_blight/50ee2f48-e5f7-4eda-8bc9-9d501fedbe8f___RS_Late.B 4933.JPG,late_blight,PlantVillage:Tomato___Late_blight:::20.0,verified_group,971f5807b860dc798a1406b9,eligible_verified_subset
c93c9e8062187da145614d5f,late_blight/5114b264-0305-4447-b560-6ca1826d3420___GHLB_PS Leaf 24.1 Day 16.jpg,late_blight,fallback:c93c9e8062187da145614d5f,fallback_group,c93c9e8062187da145614d5f,exclude_unresolved_component
86cfd6470765ec2f3dcf1d51,late_blight/511ea2f2-d960-4cb2-9a0d-e049646a022e___RS_Late.B 5083.JPG,late_blight,PlantVillage:Tomato___Late_blight:::48.0,verified_group,3dce901e3229f5fefbe60bb7,eligible_verified_subset
78ba7d399cac7030cd42bbc4,late_blight/517a9ea3-3465-4855-997e-dde30e566ab3___GHLB_PS Leaf 15 Day 7.jpg,late_blight,fallback:78ba7d399cac7030cd42bbc4,fallback_group,78ba7d399cac7030cd42bbc4,exclude_unresolved_component
6efa7ef5f518ea5069c96d7b,late_blight/518253c3-eb2d-436f-84eb-9fd969e849cf___RS_Late.B 5194.JPG,late_blight,PlantVillage:Tomato___Late_blight:::68.0,verified_group,b9961f05fa299c0d938c2688,eligible_verified_subset
6df126f342da2ef072a2548b,late_blight/51c47d39-74a9-46d4-be22-05b9c5a16eae___RS_Late.B 5557.JPG,late_blight,PlantVillage:Tomato___Late_blight:::108.0,verified_group,674162824739ade8f84b2cdb,eligible_verified_subset
d4ada3b04aa0d9874f5b77d4,late_blight/523e5382-14a5-4849-bbec-1bfab9aeecfb___GHLB2 Leaf 8776.JPG,late_blight,fallback:d4ada3b04aa0d9874f5b77d4,fallback_group,d4ada3b04aa0d9874f5b77d4,exclude_unresolved_component
7877482aa3c5b8d08dd01865,late_blight/52451f9c-825f-4907-8ee6-deeb5899d9b5___RS_Late.B 5449.JPG,late_blight,PlantVillage:Tomato___Late_blight:::96.0,verified_group,536ff2a87eadac8a52afeead,eligible_verified_subset
2d2c6d711b211ddffd76b48b,late_blight/525e419d-7077-44be-87f1-aef32ef27a2e___GHLB2 Leaf 96.JPG,late_blight,fallback:2d2c6d711b211ddffd76b48b,fallback_group,2d2c6d711b211ddffd76b48b,exclude_unresolved_component
ca4ef32abae971dd668449e4,late_blight/526e3337-acab-45da-a988-e6aab8a99281___GHLB2 Leaf 9089.JPG,late_blight,fallback:ca4ef32abae971dd668449e4,fallback_group,ca4ef32abae971dd668449e4,exclude_unresolved_component
4185710229c0be814fdb8323,late_blight/52a111ed-9461-478b-91a1-2b5edcd26363___GHLB2 Leaf 8886.JPG,late_blight,fallback:4185710229c0be814fdb8323,fallback_group,4185710229c0be814fdb8323,exclude_unresolved_component
590cfbeec4b75c9250a88af6,late_blight/52c38d27-ff5d-4eb0-83a4-4dea0a7bc51b___GHLB2 Leaf 73.JPG,late_blight,fallback:590cfbeec4b75c9250a88af6,fallback_group,590cfbeec4b75c9250a88af6,exclude_unresolved_component
cae4a92bbfe7718782685e1c,late_blight/52edaa52-3129-44d4-9d3b-cfb9edf3e3fe___GHLB2 Leaf 8702.JPG,late_blight,fallback:cae4a92bbfe7718782685e1c,fallback_group,cae4a92bbfe7718782685e1c,exclude_unresolved_component
a475f0b0e5b5211734305bff,late_blight/531d1dc7-d864-4464-b2ad-1fc76f825021___GHLB2 Leaf 8742.JPG,late_blight,fallback:a475f0b0e5b5211734305bff,fallback_group,a475f0b0e5b5211734305bff,exclude_unresolved_component
d5f173801d69285c536664ff,late_blight/532b2c20-d17b-4b3e-a69e-54a6e5343014___GHLB2 Leaf 9004.JPG,late_blight,fallback:d5f173801d69285c536664ff,fallback_group,d5f173801d69285c536664ff,exclude_unresolved_component
f8424ad59d950d0c26c38285,late_blight/532b555e-ffd6-4864-abab-50cace76653d___GHLB2 Leaf 164.1.JPG,late_blight,fallback:f8424ad59d950d0c26c38285,fallback_group,f8424ad59d950d0c26c38285,exclude_unresolved_component
6c68819481a12e1e6789d53a,late_blight/5330d941-df3e-4d0b-bb9a-defe32ff9ce2___RS_Late.B 4920.JPG,late_blight,PlantVillage:Tomato___Late_blight:::17.0,verified_group,80c3bc125b81a11a3336e79b,eligible_verified_subset
1ad2a8a81c038b09c4055d86,late_blight/534d2c9b-34ad-4786-b2dd-fd73c8e4d005___GHLB2 Leaf 8852.JPG,late_blight,fallback:1ad2a8a81c038b09c4055d86,fallback_group,1ad2a8a81c038b09c4055d86,exclude_unresolved_component
f4e9e2c0b16990f2021e1cc7,late_blight/534dba84-d298-46bc-ac4a-c23e7c982ee4___RS_Late.B 4993.JPG,late_blight,PlantVillage:Tomato___Late_blight:::31.0,verified_group,f4e9e2c0b16990f2021e1cc7,eligible_verified_subset
b935ab756f83bcd46c3e592a,late_blight/537465e6-a88a-44d9-aa89-4e3877cee904___RS_Late.B 5433.JPG,late_blight,PlantVillage:Tomato___Late_blight:::94.0,verified_group,2a0c3378d064c25e92c8d9dd,eligible_verified_subset
41027b53525b3fb3fe754b26,late_blight/53dfd9b5-4486-48c6-96c7-08cf93e0aff2___GHLB2 Leaf 9022.JPG,late_blight,fallback:41027b53525b3fb3fe754b26,fallback_group,41027b53525b3fb3fe754b26,exclude_unresolved_component
1dcb2a8c2fdaf72087aae95c,late_blight/541b1d99-c630-4730-861f-a8ef53615709___GHLB2 Leaf 8857.JPG,late_blight,fallback:1dcb2a8c2fdaf72087aae95c,fallback_group,1dcb2a8c2fdaf72087aae95c,exclude_unresolved_component
628bfe6683f991c37809a6bf,late_blight/545d8b80-b6b1-45fe-8f3d-4d0a904730e9___GHLB2 Leaf 87.1.JPG,late_blight,fallback:628bfe6683f991c37809a6bf,fallback_group,628bfe6683f991c37809a6bf,exclude_unresolved_component
5076f204651b5f633c24509f,late_blight/546b8a7a-6dd4-4f75-9794-4328a9d40758___GHLB2 Leaf 8618.JPG,late_blight,fallback:5076f204651b5f633c24509f,fallback_group,5076f204651b5f633c24509f,exclude_unresolved_component
a91d9f9c4c60cb0799553a1e,late_blight/54924dfc-c51a-426d-8f0e-d282fa7e8fd4___RS_Late.B 6481.JPG,late_blight,PlantVillage:Tomato___Late_blight:::170.0,verified_group,a91d9f9c4c60cb0799553a1e,eligible_verified_subset
0b5d8ddc06a5b1ac38bf2a52,late_blight/54b808b7-ab47-4ce0-992c-cc02588ec6a9___GHLB2 Leaf 8623.JPG,late_blight,fallback:0b5d8ddc06a5b1ac38bf2a52,fallback_group,0b5d8ddc06a5b1ac38bf2a52,exclude_unresolved_component
3f18e6c0c2a7b83e5d976afb,late_blight/54ead8ea-8e27-4c67-b683-7420d5c6ae3e___RS_Late.B 6061.JPG,late_blight,PlantVillage:Tomato___Late_blight:::127.0,verified_group,63cca0008cd66b3e73c3446d,eligible_verified_subset
0b009d5c7e28b7e963c84032,late_blight/54eb17df-c42a-472f-91ec-92784e034115___GHLB2 Leaf 8910.JPG,late_blight,fallback:0b009d5c7e28b7e963c84032,fallback_group,5ee390f4a015bc34b6d597a5,exclude_unresolved_component
a272ddcda9b2545905cbea02,late_blight/555b889a-d22e-4371-bd35-21ae629604ff___RS_Late.B 6742.JPG,late_blight,PlantVillage:Tomato___Late_blight:::188.0,verified_group,a272ddcda9b2545905cbea02,eligible_verified_subset
3a6bc92554ab51f29c1d5d3b,late_blight/558681eb-ad2c-4c93-a347-c140f7e4517a___GHLB2 Leaf 116.1.JPG,late_blight,fallback:3a6bc92554ab51f29c1d5d3b,fallback_group,3a6bc92554ab51f29c1d5d3b,exclude_unresolved_component
4c22829e5be7bd6280d72834,late_blight/558b263e-f6d3-4f15-9d16-2e100a34b99f___RS_Late.B 5414.JPG,late_blight,PlantVillage:Tomato___Late_blight:::91.0,verified_group,99aa2fe8087018353316641a,eligible_verified_subset
5ed1c2ae332b0db32730ab23,late_blight/55dd5de4-3ebb-44f9-9656-60c8ecc04f52___RS_Late.B 6462.JPG,late_blight,PlantVillage:Tomato___Late_blight:::169.0,verified_group,5ed1c2ae332b0db32730ab23,eligible_verified_subset
dfbd16bdbf3802aa97762de7,late_blight/55fb99ea-6a7d-41ba-9a04-093194074f34___GHLB2 Leaf 8692.JPG,late_blight,fallback:dfbd16bdbf3802aa97762de7,fallback_group,dfbd16bdbf3802aa97762de7,exclude_unresolved_component
61c510771f5f4684da3d76a1,late_blight/5600518d-5a2d-4155-a53b-cad312d7fbb1___GHLB_PS Leaf 26 Day 13.jpg,late_blight,fallback:61c510771f5f4684da3d76a1,fallback_group,61c510771f5f4684da3d76a1,exclude_unresolved_component
593b2a1bb3b24389fd238d11,late_blight/5614e19d-53b7-4509-98e3-478712039c80___GHLB2 Leaf 8997.JPG,late_blight,fallback:593b2a1bb3b24389fd238d11,fallback_group,593b2a1bb3b24389fd238d11,exclude_unresolved_component
a84010bf49232a4bbbcc65ea,late_blight/56226d25-dadc-4c38-8a06-cba810b38c42___GHLB2 Leaf 154.1.JPG,late_blight,fallback:a84010bf49232a4bbbcc65ea,fallback_group,a84010bf49232a4bbbcc65ea,exclude_unresolved_component
8d841a95daeebf40d9f72cbb,late_blight/56276ee7-be4e-46a5-a58b-ac12858c136c___RS_Late.B 6227.JPG,late_blight,PlantVillage:Tomato___Late_blight:::147.0,verified_group,f71a572ae2dd1bdaf034c28f,eligible_verified_subset
57a4a919f039617a6d9e9a1a,late_blight/563dc24f-a75e-4bde-8667-135ba74541e6___RS_Late.B 5319.JPG,late_blight,PlantVillage:Tomato___Late_blight:::79.0,verified_group,661df630a47125e130ea4912,eligible_verified_subset
871d4e2ccfbfeeba072e07ff,late_blight/566f6d0f-e441-49a3-a7a1-a3210682b6e7___GHLB2 Leaf 8591.JPG,late_blight,fallback:871d4e2ccfbfeeba072e07ff,fallback_group,871d4e2ccfbfeeba072e07ff,exclude_unresolved_component
472f6895ae338bb97f7896d2,late_blight/5670dbc5-e0bf-4f73-b8a0-b1f703030195___RS_Late.B 5094.JPG,late_blight,PlantVillage:Tomato___Late_blight:::50.0,verified_group,a19fb559cc785ce6109b1ca8,eligible_verified_subset
dfef2f829b7130282cf4971f,late_blight/5688ea99-c949-41d0-bbab-9cbf0ffb8bcd___GHLB2 Leaf 8677.JPG,late_blight,fallback:dfef2f829b7130282cf4971f,fallback_group,dfef2f829b7130282cf4971f,exclude_unresolved_component
2978dfe393759b37fe24b6e1,late_blight/5689609d-1132-425a-96d3-070900666ffc___RS_Late.B 5455.JPG,late_blight,PlantVillage:Tomato___Late_blight:::97.0,verified_group,cbf3acf0328d67d48292826f,eligible_verified_subset
1423660589ae1d66fd6b33da,late_blight/56c7bdb1-9b7e-40fc-8ec5-97e20770426b___GHLB2 Leaf 8951.JPG,late_blight,fallback:1423660589ae1d66fd6b33da,fallback_group,1423660589ae1d66fd6b33da,exclude_unresolved_component
56cfb867b7ffc6ac31b086d3,late_blight/56dfc698-989d-4515-b7de-1c2ac6283bb3___GHLB2 Leaf 8923.JPG,late_blight,fallback:56cfb867b7ffc6ac31b086d3,fallback_group,56cfb867b7ffc6ac31b086d3,exclude_unresolved_component
4669bfef37e995924271adf5,late_blight/56fff1a0-e145-4cf8-a2e0-925d9fae1e24___GHLB Leaf 25 Day 12.JPG,late_blight,fallback:4669bfef37e995924271adf5,fallback_group,4669bfef37e995924271adf5,exclude_unresolved_component
e3290b1d4c75834a7b507714,late_blight/5735bc4e-7a49-4a84-85f6-de312603c7f5___GHLB2 Leaf 8668.JPG,late_blight,fallback:e3290b1d4c75834a7b507714,fallback_group,e3290b1d4c75834a7b507714,exclude_unresolved_component
c4f11d91e4e776cf6b849e6a,late_blight/573be558-1fa3-4889-88d6-4c733f4c79d6___GHLB2 Leaf 8598.JPG,late_blight,fallback:c4f11d91e4e776cf6b849e6a,fallback_group,c4f11d91e4e776cf6b849e6a,exclude_unresolved_component
c760f721b410b36f21cca9ad,late_blight/57562e67-9700-477f-9a67-a3c0459fe00a___RS_Late.B 6292.JPG,late_blight,PlantVillage:Tomato___Late_blight:::156.0,verified_group,2df8fe657fbdeca94b019014,eligible_verified_subset
040c9e9dea595d4beec6d969,late_blight/577ab276-9a57-4b43-ae4f-85f723ed10bc___RS_Late.B 6870.JPG,late_blight,PlantVillage:Tomato___Late_blight:::198.0,verified_group,a181bc121420f49d074596b4,eligible_verified_subset
d977bea1d3cefefc8b88fdee,late_blight/57b4f2ba-3537-4505-8d7c-e5a3ae7511d9___RS_Late.B 5122.JPG,late_blight,PlantVillage:Tomato___Late_blight:::56.0,verified_group,839b6d0515dbf9182fa78b0a,eligible_verified_subset
a7c6c8e1603300dc591419bf,late_blight/57c53f65-3137-41d3-9bf7-7ac867f3efe8___RS_Late.B 6255.JPG,late_blight,PlantVillage:Tomato___Late_blight:::150.0,verified_group,60544535ed572e0b08f51051,eligible_verified_subset
6f048fb29e99e710363aa316,late_blight/57e8eac3-bf54-463c-a3d7-6ef04ae0a8dc___GHLB2 Leaf 124.3.JPG,late_blight,fallback:6f048fb29e99e710363aa316,fallback_group,6f048fb29e99e710363aa316,exclude_unresolved_component
a29e57849d603f57776088fc,late_blight/5828f9c7-5083-45c3-b3bb-bb202ed1cd53___GHLB2 Leaf 128.1.JPG,late_blight,fallback:a29e57849d603f57776088fc,fallback_group,a29e57849d603f57776088fc,exclude_unresolved_component
28dd325043d2cf44a1b3ba49,late_blight/58465768-148b-40c6-8534-e695e9c517d5___GHLB2 Leaf 95.1.JPG,late_blight,fallback:28dd325043d2cf44a1b3ba49,fallback_group,28dd325043d2cf44a1b3ba49,exclude_unresolved_component
f3b790f8bad400db537cd8ac,late_blight/5875efb8-29a9-4114-859d-d2a0f6ac9738___GHLB2 Leaf 8888.JPG,late_blight,fallback:f3b790f8bad400db537cd8ac,fallback_group,f3b790f8bad400db537cd8ac,exclude_unresolved_component
c2f4eee8a326bd6af5d5ef48,late_blight/589aa880-2e56-4025-b997-6c495644302a___GHLB Leaf 2.1 Day 6.JPG,late_blight,fallback:c2f4eee8a326bd6af5d5ef48,fallback_group,c2f4eee8a326bd6af5d5ef48,exclude_unresolved_component
3e4bb470d25aad2266c7520b,late_blight/58a1fb7e-5af6-42f1-8694-c76fd80ebf05___RS_Late.B 7108.JPG,late_blight,PlantVillage:Tomato___Late_blight:::223.0,verified_group,973cd3f4e511679c51e31bef,eligible_verified_subset
8ceea7c65e2011f6452034f5,late_blight/58c55232-ea2b-4ca9-9893-5f2f610969db___RS_Late.B 5448.JPG,late_blight,PlantVillage:Tomato___Late_blight:::96.0,verified_group,536ff2a87eadac8a52afeead,eligible_verified_subset
26e9a71328014d708ede5337,late_blight/58e44a1a-8c19-4a83-834e-c40474a2cd51___GHLB2 Leaf 55.1.JPG,late_blight,fallback:26e9a71328014d708ede5337,fallback_group,26e9a71328014d708ede5337,exclude_unresolved_component
65af67482b6bae7bccb74702,late_blight/58f61006-7ddb-48f7-86cd-7b2cc7858d0d___RS_Late.B 5110.JPG,late_blight,PlantVillage:Tomato___Late_blight:::54.0,verified_group,092a897e32e6e4f7e7336060,eligible_verified_subset
0fc8b923cc1e21f56592b5d5,late_blight/5916c8e5-c9d2-4bc5-b5e7-8812caf890aa___GHLB_PS Leaf 29 Day 12.jpg,late_blight,fallback:0fc8b923cc1e21f56592b5d5,fallback_group,0fc8b923cc1e21f56592b5d5,exclude_unresolved_component
be11c3c9a95eaa49fc49953d,late_blight/598065c7-92a5-4497-849f-4707afb0c282___RS_Late.B 5419.JPG,late_blight,PlantVillage:Tomato___Late_blight:::92.0,verified_group,c7599d4430763b4386daf925,eligible_verified_subset
40b076fe5d2ec0895836a53a,late_blight/59c4daa6-f757-4c29-abcd-e1e30153c7e5___GHLB2 Leaf 9073.JPG,late_blight,fallback:40b076fe5d2ec0895836a53a,fallback_group,40b076fe5d2ec0895836a53a,exclude_unresolved_component
5d1d35db842b72081baf0ae5,late_blight/59cf2a70-1658-4f1d-b35c-dfe02630a28a___GHLB2 Leaf 8938.JPG,late_blight,fallback:5d1d35db842b72081baf0ae5,fallback_group,5d1d35db842b72081baf0ae5,exclude_unresolved_component
4a31eb73029c07494b20f1f2,late_blight/59f2bb8e-e7a1-42b6-8613-f3d4bc11253a___RS_Late.B 6605.JPG,late_blight,PlantVillage:Tomato___Late_blight:::178.0,verified_group,3fd6e67f7d18cc2ca4fb998e,eligible_verified_subset
28fd6920a597635ce0fec77c,late_blight/5a4428ec-59da-40e5-823c-2e5bbb2a1fb6___RS_Late.B 5461.JPG,late_blight,PlantVillage:Tomato___Late_blight:::98.0,verified_group,a6bfe2c839023eb3f014513f,eligible_verified_subset
3c36d537826e10ad4be14b96,late_blight/5a701380-2b9d-4dc4-9376-56ff0361a1dd___GHLB2 Leaf 8871.JPG,late_blight,fallback:3c36d537826e10ad4be14b96,fallback_group,3c36d537826e10ad4be14b96,exclude_unresolved_component
c17e86b29fc723a11e2608fa,late_blight/5a7059b0-82e8-441e-8d8a-02521d0fa602___GHLB2 Leaf 9058.JPG,late_blight,fallback:c17e86b29fc723a11e2608fa,fallback_group,c17e86b29fc723a11e2608fa,exclude_unresolved_component
6b60dd1422922e244c2f2147,late_blight/5aac391c-87ed-44cd-84f0-a7bf235003fd___RS_Late.B 4842.JPG,late_blight,PlantVillage:Tomato___Late_blight:::4.0,verified_group,6b60dd1422922e244c2f2147,eligible_verified_subset
5e39d5d475c5cb90dc2d259f,late_blight/5acc6d4e-6ca5-4a1b-b0bd-7678c6c280f9___GHLB2 Leaf 8709.JPG,late_blight,fallback:5e39d5d475c5cb90dc2d259f,fallback_group,5e39d5d475c5cb90dc2d259f,exclude_unresolved_component
c46b0580b5971243cdbf4571,late_blight/5ad08690-9554-4978-a7b5-1a5cc0c1fb72___RS_Late.B 4988.JPG,late_blight,PlantVillage:Tomato___Late_blight:::30.0,verified_group,b7e5aa94c2198859b11e226a,eligible_verified_subset
48b1518e7855a5a0d43c06a0,late_blight/5b493f89-c29b-4c99-9ace-e9c3c0dafbf6___RS_Late.B 6062.JPG,late_blight,PlantVillage:Tomato___Late_blight:::127.0,verified_group,63cca0008cd66b3e73c3446d,eligible_verified_subset
af9533e1814be309c43d5eb0,late_blight/5b4ca8b4-ed80-43c7-90ca-f9912d9fb7b6___RS_Late.B 5226.JPG,late_blight,PlantVillage:Tomato___Late_blight:::72.0,verified_group,ff433fc4ca5e92dcaaf839f3,eligible_verified_subset
1ff97914be14141055e3f2d4,late_blight/5b71f955-289e-4279-896c-b79d69c8dd5e___RS_Late.B 6495.JPG,late_blight,PlantVillage:Tomato___Late_blight:::171.0,verified_group,6a6cfdb8f98cfcc2fce9ff8a,eligible_verified_subset
7d18d877eb617c1f7a71c5c1,late_blight/5b80231f-8012-42bb-97d0-12c48a4a2450___GHLB2 Leaf 8546.JPG,late_blight,fallback:7d18d877eb617c1f7a71c5c1,fallback_group,7d18d877eb617c1f7a71c5c1,exclude_unresolved_component
87c5b5862461ca171f8bd6d0,late_blight/5b95aab7-c5be-42e3-afc8-c99f7c1c2c0c___GHLB2 Leaf 8658.JPG,late_blight,fallback:87c5b5862461ca171f8bd6d0,fallback_group,87c5b5862461ca171f8bd6d0,exclude_unresolved_component
e8c6ae1389bddc19c7793757,late_blight/5ba6fbc5-a1de-4600-b0aa-9d8b8c222183___RS_Late.B 6181.JPG,late_blight,PlantVillage:Tomato___Late_blight:::142.0,verified_group,e8c6ae1389bddc19c7793757,eligible_verified_subset
c7d2b41a49d3b5d8ef69820e,late_blight/5be6f633-9ae7-40b9-b1aa-f92a1ab919fb___RS_Late.B 5011.JPG,late_blight,PlantVillage:Tomato___Late_blight:::34.0,verified_group,c7d2b41a49d3b5d8ef69820e,eligible_verified_subset
4042d421bf63c102a9e4efda,late_blight/5c0dc87a-f671-4085-93c5-1454ee859caf___RS_Late.B 6271.JPG,late_blight,PlantVillage:Tomato___Late_blight:::152.0,verified_group,ab98c25ab09cf03317d4ea92,eligible_verified_subset
ffb3c6325b38d16e9ec9f1aa,late_blight/5c1531ba-78f7-4d02-b9f8-b227b33e22ac___GHLB2 Leaf 8874.JPG,late_blight,fallback:ffb3c6325b38d16e9ec9f1aa,fallback_group,ffb3c6325b38d16e9ec9f1aa,exclude_unresolved_component
4cdaf1e19dcf6338a4ac8aef,late_blight/5c25c249-5433-47b9-be00-6cd2d31f48c1___GHLB2 Leaf 8753.JPG,late_blight,fallback:4cdaf1e19dcf6338a4ac8aef,fallback_group,4cdaf1e19dcf6338a4ac8aef,exclude_unresolved_component
dc09e491cc13af13ecfece91,late_blight/5c2e8475-ec0a-4566-af20-a4dedf3dc1c0___GHLB Leaf 2 Day 1.JPG,late_blight,fallback:dc09e491cc13af13ecfece91,fallback_group,dc09e491cc13af13ecfece91,exclude_unresolved_component
6ae52b85187ec7cd0838a8fd,late_blight/5c33bdb3-8101-4b21-a9d1-8d490bb22e16___GHLB2 Leaf 8971.JPG,late_blight,fallback:6ae52b85187ec7cd0838a8fd,fallback_group,6ae52b85187ec7cd0838a8fd,exclude_unresolved_component
976a71a5b72963ea8de13a9e,late_blight/5c5142ea-6b6b-4ea5-bd9c-b2da28bfadfa___RS_Late.B 5634.JPG,late_blight,PlantVillage:Tomato___Late_blight:::120.0,verified_group,976a71a5b72963ea8de13a9e,eligible_verified_subset
ce1f4519e902f95cc0add8e0,late_blight/5c5a2e9e-e460-403e-9d8a-f961b1f10935___RS_Late.B 5133.JPG,late_blight,PlantVillage:Tomato___Late_blight:::58.0,verified_group,e2b9cf342f85da83884f9bcb,eligible_verified_subset
bfdde784902ff5d844f14ff1,late_blight/5c63799e-98ee-4f57-9f01-8695b60243de___RS_Late.B 5144.JPG,late_blight,PlantVillage:Tomato___Late_blight:::60.0,verified_group,6efc3f19b8bcb76f4282b429,eligible_verified_subset
0e753692f14f419af1fe37dd,late_blight/5c6dfda8-1d4e-4ad0-92b1-5c6ffc790ea1___RS_Late.B 6223.JPG,late_blight,PlantVillage:Tomato___Late_blight:::147.0,verified_group,f71a572ae2dd1bdaf034c28f,eligible_verified_subset
5cbc273390fef40300c31043,late_blight/5c715755-192c-4d69-8740-e778e4a66618___RS_Late.B 6215.JPG,late_blight,PlantVillage:Tomato___Late_blight:::146.0,verified_group,cf2a0bedfe4d885e68ba9616,eligible_verified_subset
6f7fd8de286e9db78f282907,late_blight/5ce6294a-d163-48c0-b052-b7e11d10128b___GHLB2 Leaf 8633.JPG,late_blight,fallback:6f7fd8de286e9db78f282907,fallback_group,6f7fd8de286e9db78f282907,exclude_unresolved_component
b7052b4a326c6daab903e6d6,late_blight/5ced2ede-33df-44e7-8063-a27ad667cd1a___RS_Late.B 6721.JPG,late_blight,PlantVillage:Tomato___Late_blight:::187.0,verified_group,b7052b4a326c6daab903e6d6,eligible_verified_subset
fa3771230eaf0e16f02d1e2f,late_blight/5cfd46ee-eb76-4bdb-83c7-04707116eaed___GHLB2 Leaf 91.1.JPG,late_blight,fallback:fa3771230eaf0e16f02d1e2f,fallback_group,fa3771230eaf0e16f02d1e2f,exclude_unresolved_component
39f0c1a017f0c03a9ad1aa0d,late_blight/5d5d8789-8979-4e2d-ac17-7228e8af61c9___RS_Late.B 5109.JPG,late_blight,PlantVillage:Tomato___Late_blight:::53.0,verified_group,637df8a8511338a3e36156bb,eligible_verified_subset
2ca1b2b897031a6be1a748a1,late_blight/5d8d97e7-8a2f-459f-a610-c26af46c7f5f___GHLB_PS Leaf 25.2 Day 16.jpg,late_blight,fallback:2ca1b2b897031a6be1a748a1,fallback_group,2ca1b2b897031a6be1a748a1,exclude_unresolved_component
25c35cf8380d7032a1c7a1f4,late_blight/5d987d94-661d-42ed-9b40-b37c926b7c31___GHLB2 Leaf 9031.JPG,late_blight,fallback:25c35cf8380d7032a1c7a1f4,fallback_group,25c35cf8380d7032a1c7a1f4,exclude_unresolved_component
ad8efca2e770b56231c0a26c,late_blight/5de5dfbd-cd1f-4e5f-a263-256abb97b05b___GHLB_PS Leaf 8.1 Day 13.jpg,late_blight,fallback:ad8efca2e770b56231c0a26c,fallback_group,ad8efca2e770b56231c0a26c,exclude_unresolved_component
e79db31c0f8f192cffd795be,late_blight/5de6da85-f8c4-48c4-b463-3e6bd78884cc___GHLB_PS Leaf 24 Day 16.jpg,late_blight,fallback:e79db31c0f8f192cffd795be,fallback_group,29d616e8b7fdfe169f64e597,exclude_unresolved_component
99b3a3b02b48a96953a9382c,late_blight/5df3ce66-bcba-4633-902e-15aaac6a3f94___GHLB2 Leaf 8842.JPG,late_blight,fallback:99b3a3b02b48a96953a9382c,fallback_group,99b3a3b02b48a96953a9382c,exclude_unresolved_component
87dc2b06fbcad4b3c69bd0bb,late_blight/5e046b07-5da5-4cfd-a6f1-bb942eeef5f9___RS_Late.B 6216.JPG,late_blight,PlantVillage:Tomato___Late_blight:::146.0,verified_group,cf2a0bedfe4d885e68ba9616,eligible_verified_subset
05c4b05a2fe39b835bebc575,late_blight/5e590575-5588-422f-96a7-5e8c920fc7e2___GHLB2 Leaf 8671.JPG,late_blight,fallback:05c4b05a2fe39b835bebc575,fallback_group,05c4b05a2fe39b835bebc575,exclude_unresolved_component
cdb0069f9b5afe601a92f5f2,late_blight/5e7a999e-6617-4c94-8c57-c1b0e1a392b9___RS_Late.B 5636.JPG,late_blight,PlantVillage:Tomato___Late_blight:::120.0,verified_group,976a71a5b72963ea8de13a9e,eligible_verified_subset
2b6b7c3d0889fb809fb129b7,late_blight/5e85791b-b3a7-430e-b3af-e244c2d16f31___GHLB2 Leaf 8747.JPG,late_blight,fallback:2b6b7c3d0889fb809fb129b7,fallback_group,2b6b7c3d0889fb809fb129b7,exclude_unresolved_component
f846770c9d24d70285956b6b,late_blight/5e8c40ac-42c2-47da-87d4-c136216c6bea___GHLB_PS Leaf 49 Day 18.jpg,late_blight,fallback:f846770c9d24d70285956b6b,fallback_group,f846770c9d24d70285956b6b,exclude_unresolved_component
43c337fa42c0b7d69718c946,late_blight/5ee4e525-31bd-415c-9f64-30746c2434d7___RS_Late.B 4883.JPG,late_blight,PlantVillage:Tomato___Late_blight:::11.0,verified_group,ccd89ba5e613527965194257,eligible_verified_subset
e7303a2ddafc21cb77dffe60,late_blight/5eefbe91-fb95-4d86-8954-bea6b3637a9d___RS_Late.B 6444.JPG,late_blight,PlantVillage:Tomato___Late_blight:::167.0,verified_group,e7303a2ddafc21cb77dffe60,eligible_verified_subset
96aa0062a1e03448c5299a0d,late_blight/5f21282c-e2ef-4c4a-ace1-b5701fe7effc___GHLB2 Leaf 8999.JPG,late_blight,fallback:96aa0062a1e03448c5299a0d,fallback_group,96aa0062a1e03448c5299a0d,exclude_unresolved_component
467ca94c31ae438f9659eed4,late_blight/5f3a7632-91cb-4b5f-a36f-9e31f8daf5d5___GHLB2 Leaf 9056.JPG,late_blight,fallback:467ca94c31ae438f9659eed4,fallback_group,467ca94c31ae438f9659eed4,exclude_unresolved_component
0a94e2b4c20528e0b7de98d7,late_blight/5f473bdb-1899-4877-8d8f-df2e94996d1f___RS_Late.B 6266.JPG,late_blight,PlantVillage:Tomato___Late_blight:::152.0,verified_group,ab98c25ab09cf03317d4ea92,eligible_verified_subset
afdaa91a31c3d38048614da0,late_blight/5f774121-b3b2-46fd-a67c-f4d8caf93e5a___GHLB2ES Leaf 66.1.JPG,late_blight,fallback:afdaa91a31c3d38048614da0,fallback_group,afdaa91a31c3d38048614da0,exclude_unresolved_component
5a38cc22a6231dd6076d5219,late_blight/5f866129-ebbd-413b-aa6e-cf149be553e7___RS_Late.B 5390.JPG,late_blight,PlantVillage:Tomato___Late_blight:::87.0,verified_group,2ed6a93331aa7457b32468a0,eligible_verified_subset
6d0f95146e9a1a2119a5c6a7,late_blight/5fc495d5-db9f-4099-8c2e-8fe2dd8f088e___RS_Late.B 6079.JPG,late_blight,PlantVillage:Tomato___Late_blight:::130.0,verified_group,d6ab58b31709916f4ef7cb76,eligible_verified_subset
5be80adfd2ce8bc9dc742f0e,late_blight/5fdf3288-d5f4-4c70-9b12-95222b82d415___RS_Late.B 4942.JPG,late_blight,PlantVillage:Tomato___Late_blight:::21.0,verified_group,b2ac6ef2dc08a64e717d1210,eligible_verified_subset
502efbb981acabce910b10f1,late_blight/5fe78bd1-bf00-4863-93b9-5dc3ca8fbba4___RS_Late.B 5444.JPG,late_blight,PlantVillage:Tomato___Late_blight:::95.0,verified_group,2a8bc560967a973d9571415b,eligible_verified_subset
e5c7b09c818adcb5c173c58b,late_blight/5fe7a356-5447-4da3-afc8-f93a11250305___GHLB2ES Leaf 67.JPG,late_blight,fallback:e5c7b09c818adcb5c173c58b,fallback_group,e5c7b09c818adcb5c173c58b,exclude_unresolved_component
7673d0e9ee2738fd5717e436,late_blight/60196a6c-a134-4107-8178-d1bb47450cee___GHLB Leaf 23.1 Day 9.jpg,late_blight,fallback:7673d0e9ee2738fd5717e436,fallback_group,7673d0e9ee2738fd5717e436,exclude_unresolved_component
5af23c46b9f6bdf0f24689df,late_blight/601bb6d6-6959-40d1-b0f4-5f7030172995___GHLB2 Leaf 126.JPG,late_blight,fallback:5af23c46b9f6bdf0f24689df,fallback_group,5af23c46b9f6bdf0f24689df,exclude_unresolved_component
859b27d007ee1eb89fb0e83a,late_blight/60b03301-a2d3-4063-9b4f-1840c9288c08___GHLB Leaf 23.6 Day 13.JPG,late_blight,fallback:859b27d007ee1eb89fb0e83a,fallback_group,859b27d007ee1eb89fb0e83a,exclude_unresolved_component
bd31ab570fa80767285dc082,late_blight/60bdbf17-c59d-48de-bfc1-a6c0bda17a9e___RS_Late.B 4840.JPG,late_blight,PlantVillage:Tomato___Late_blight:::3.0,verified_group,bd31ab570fa80767285dc082,eligible_verified_subset
e92ccb8314a67944f18ec7a6,late_blight/60f7e012-0f60-4e15-a1ad-1541e20621af___RS_Late.B 6425.JPG,late_blight,PlantVillage:Tomato___Late_blight:::165.0,verified_group,ace860fb8b395c149d95e9dc,eligible_verified_subset
4e3a8a42a467e7c155d3eb27,late_blight/61009f0a-e08d-46fb-b03d-270d2323ceff___GHLB Leaf 23.1 Day 12.JPG,late_blight,fallback:4e3a8a42a467e7c155d3eb27,fallback_group,4e3a8a42a467e7c155d3eb27,exclude_unresolved_component
d43339de13f5bb133e3d9bff,late_blight/61237cd7-ac87-4720-90ed-299e39f520e1___RS_Late.B 5005.JPG,late_blight,PlantVillage:Tomato___Late_blight:::33.0,verified_group,d43339de13f5bb133e3d9bff,eligible_verified_subset
7f9b049345d6ee7c5583ad34,late_blight/6153ccd5-1c83-493f-a6a6-bf0ec0964aaf___GHLB2 Leaf 9105.JPG,late_blight,fallback:7f9b049345d6ee7c5583ad34,fallback_group,7f9b049345d6ee7c5583ad34,exclude_unresolved_component
70208b11c112ff318ddc768f,late_blight/61afbf50-6b68-4c7f-a068-d55f899e7775___RS_Late.B 7162.JPG,late_blight,PlantVillage:Tomato___Late_blight:::229.0,verified_group,70208b11c112ff318ddc768f,eligible_verified_subset
d02a183cc8a3af3445fea3ff,late_blight/623fd84d-2230-42fb-bb93-170cd516ffd2___RS_Late.B 4864.JPG,late_blight,PlantVillage:Tomato___Late_blight:::8.0,verified_group,3356d96b147079e0bb9fc283,eligible_verified_subset
bd32e5a913bf096dcf53af18,late_blight/62474b8c-4625-4d73-ab6a-5e1d328a9cd4___GHLB2 Leaf 9038.JPG,late_blight,fallback:bd32e5a913bf096dcf53af18,fallback_group,48cef3dbc8c9a29220c132af,exclude_unresolved_component
8a626c1204bf380035e666cd,late_blight/625f3869-3610-4ad5-9630-6e00aa8596fc___RS_Late.B 6204.JPG,late_blight,PlantVillage:Tomato___Late_blight:::145.0,verified_group,b2c0f6efc52e40338ca3752e,eligible_verified_subset
9a0ec24a433451a8dfa69b9c,late_blight/62aff181-7479-4134-bb2e-9acbbf062a3b___RS_Late.B 6449.JPG,late_blight,PlantVillage:Tomato___Late_blight:::167.0,verified_group,e7303a2ddafc21cb77dffe60,eligible_verified_subset
7213b3a044247a2a63169942,late_blight/62ba6c10-2e36-48ed-9f8b-f26cd5884666___GHLB2 Leaf 8828.JPG,late_blight,fallback:7213b3a044247a2a63169942,fallback_group,7213b3a044247a2a63169942,exclude_unresolved_component
b9f93fc05d735e4e36397281,late_blight/62ca9559-f079-4bac-864e-9da06a4eb3a2___GHLB2 Leaf 148.1.JPG,late_blight,fallback:b9f93fc05d735e4e36397281,fallback_group,7f86e3e54a36275e966f6f47,exclude_unresolved_component
91d5f324a2aedb2ccf0f5c37,late_blight/62f69013-1152-47ee-8d37-b8252f4c1328___RS_Late.B 6149.JPG,late_blight,PlantVillage:Tomato___Late_blight:::138.0,verified_group,91d5f324a2aedb2ccf0f5c37,eligible_verified_subset
aad07c440d7a388b96f2bbe7,late_blight/6302a8c1-ab60-496c-80a0-e96b47722ea3___GHLB2 Leaf 8737.JPG,late_blight,fallback:aad07c440d7a388b96f2bbe7,fallback_group,aad07c440d7a388b96f2bbe7,exclude_unresolved_component
2cbf85ae20fec585093dff6d,late_blight/63184ff1-7a41-4cc3-9ff8-0ad46c45944a___GHLB2 Leaf 8614.JPG,late_blight,fallback:2cbf85ae20fec585093dff6d,fallback_group,2cbf85ae20fec585093dff6d,exclude_unresolved_component
4b9a7238b4669b9df5052199,late_blight/63385691-5de8-4652-abe5-15727fdcab4b___RS_Late.B 5342.JPG,late_blight,PlantVillage:Tomato___Late_blight:::82.0,verified_group,4b9a7238b4669b9df5052199,eligible_verified_subset
9c44ef9dfb1a3c94eb512b99,late_blight/634c3515-80da-4144-8cc8-9b8bb29134ec___RS_Late.B 5481.JPG,late_blight,PlantVillage:Tomato___Late_blight:::100.0,verified_group,9c44ef9dfb1a3c94eb512b99,eligible_verified_subset
ca83a3b733de20241357200c,late_blight/6395653e-67bb-45ae-97cb-9adf19a9ae62___GHLB_PS Leaf 16 Day 8.jpg,late_blight,fallback:ca83a3b733de20241357200c,fallback_group,ca83a3b733de20241357200c,exclude_unresolved_component
b3eb81f7c784783c13c245da,late_blight/63bd9158-43c2-4b8f-b4ee-a8935f8e3096___GHLB Leaf 1 Day 6.JPG,late_blight,fallback:b3eb81f7c784783c13c245da,fallback_group,b3eb81f7c784783c13c245da,exclude_unresolved_component
a31395daab53806ccdbbeee3,late_blight/63c3c2c0-f5fc-4d89-9990-784c9229542e___RS_Late.B 5612.JPG,late_blight,PlantVillage:Tomato___Late_blight:::117.0,verified_group,d11a669dd14c243a1d5396dd,eligible_verified_subset
940f25ae2260cd234e1f466a,late_blight/63dfc6c7-3521-4a3d-a279-7ec8065e8e71___RS_Late.B 5400.JPG,late_blight,PlantVillage:Tomato___Late_blight:::89.0,verified_group,940f25ae2260cd234e1f466a,eligible_verified_subset
fd9ef48535fedb2e386ce746,late_blight/647fc3ec-00a2-4f1a-ad81-a5ed6ac25420___GHLB2 Leaf 8957.JPG,late_blight,fallback:fd9ef48535fedb2e386ce746,fallback_group,fd9ef48535fedb2e386ce746,exclude_unresolved_component
77d1171d397367773d690dd3,late_blight/64984183-009e-4dba-a25a-f769bab08080___GHLB2 Leaf 8637.JPG,late_blight,fallback:77d1171d397367773d690dd3,fallback_group,77d1171d397367773d690dd3,exclude_unresolved_component
ba73a847a3c1c25d6a75308d,late_blight/64a054b2-4375-48ff-aca3-f823d64d831e___RS_Late.B 7123.JPG,late_blight,PlantVillage:Tomato___Late_blight:::225.0,verified_group,ba73a847a3c1c25d6a75308d,eligible_verified_subset
d593ad73a2de269732c5330a,late_blight/64e8fe57-b397-413c-a365-1158b9adb6cb___RS_Late.B 5328.JPG,late_blight,PlantVillage:Tomato___Late_blight:::80.0,verified_group,4b62e8f1137b7930187228ce,eligible_verified_subset
d53b5670dab50521fa0bc8c2,late_blight/64e98151-c3bc-417e-bd40-02aac283e3c0___RS_Late.B 6678.JPG,late_blight,PlantVillage:Tomato___Late_blight:::183.0,verified_group,93baf33ae82f0eb4aa5e7676,eligible_verified_subset
33c037412a97317ff423f2ee,late_blight/65576adf-cef4-4f1a-8b7c-881e8729bdbf___GHLB2 Leaf 147.JPG,late_blight,fallback:33c037412a97317ff423f2ee,fallback_group,33c037412a97317ff423f2ee,exclude_unresolved_component
84ba94a54fe48af0087fbe05,late_blight/6560f944-521b-4ed7-981d-39c66953e598___GHLB2 Leaf 8850.JPG,late_blight,fallback:84ba94a54fe48af0087fbe05,fallback_group,84ba94a54fe48af0087fbe05,exclude_unresolved_component
cec7b1d7508684c3a493aaa4,late_blight/65773c21-d788-4c22-84b4-91257a603e74___GHLB_PS Leaf 13 Day 7.jpg,late_blight,fallback:cec7b1d7508684c3a493aaa4,fallback_group,cec7b1d7508684c3a493aaa4,exclude_unresolved_component
659f159efc281533a1801779,late_blight/6578c88a-fd14-450b-8e75-c94571decf83___GHLB2 Leaf 8849.JPG,late_blight,fallback:659f159efc281533a1801779,fallback_group,659f159efc281533a1801779,exclude_unresolved_component
c8bca10a69f71eeadf727267,late_blight/65911337-0263-4cfa-a89d-9acf3f5eb39a___GHLB2 Leaf 8681.JPG,late_blight,fallback:c8bca10a69f71eeadf727267,fallback_group,c8bca10a69f71eeadf727267,exclude_unresolved_component
dd77e90122b03c086c8db1f5,late_blight/6599f991-2b56-4e40-b7f3-534a440d44c1___RS_Late.B 6260.JPG,late_blight,PlantVillage:Tomato___Late_blight:::151.0,verified_group,226ac9c768fc65dd77f829b6,eligible_verified_subset
2638776ce1895affd9051898,late_blight/659fd21c-cac6-4126-972d-f6f7b28f25e2___GHLB2 Leaf 9068.JPG,late_blight,fallback:2638776ce1895affd9051898,fallback_group,2638776ce1895affd9051898,exclude_unresolved_component
170941163c49b68e50258d60,late_blight/65c6537e-336c-4b5c-b525-bb421800b971___RS_Late.B 5568.JPG,late_blight,PlantVillage:Tomato___Late_blight:::110.0,verified_group,cfefa1113089dfd472300e07,eligible_verified_subset
0b894cebb4c654d07416a851,late_blight/65d94a14-e372-4f4f-b955-c2144ebd3166___GHLB_PS Leaf 28 Day 13.jpg,late_blight,fallback:0b894cebb4c654d07416a851,fallback_group,0b894cebb4c654d07416a851,exclude_unresolved_component
acb04b752da9b090465a9605,late_blight/661574bd-8e14-4cf6-8b39-28190239ddc6___RS_Late.B 5305.JPG,late_blight,PlantVillage:Tomato___Late_blight:::77.0,verified_group,699c2b6c0b824345deb53c1c,eligible_verified_subset
432faf84683e66f8f548ac7b,late_blight/666f07e1-b030-4ba4-8111-9a1024763a1b___RS_Late.B 6932.JPG,late_blight,PlantVillage:Tomato___Late_blight:::205.0,verified_group,432faf84683e66f8f548ac7b,eligible_verified_subset
c53b23d8e5fcb2aedf91e970,late_blight/66e527e1-3ac8-4b0d-ae29-e3dfabff5e59___RS_Late.B 5559.JPG,late_blight,PlantVillage:Tomato___Late_blight:::108.0,verified_group,674162824739ade8f84b2cdb,eligible_verified_subset
c5b56ea6983da41aaa41ae33,late_blight/66f03c1a-6810-41b2-93cb-ccc1630a18d4___RS_Late.B 4882.JPG,late_blight,PlantVillage:Tomato___Late_blight:::11.0,verified_group,ccd89ba5e613527965194257,eligible_verified_subset
e3826ebbfcf5e2662023b13f,late_blight/670337a4-55b1-4312-8644-3545b1fcc06f___GHLB2 Leaf 8902.JPG,late_blight,fallback:e3826ebbfcf5e2662023b13f,fallback_group,5d2bdfba0cb833ddeeced9ef,exclude_unresolved_component
dc754082805a9548c1bc147b,late_blight/670616fe-c1a6-41a9-99b2-eb6270d8c299___GHLB_PS Leaf 26.2 Day 16.jpg,late_blight,fallback:dc754082805a9548c1bc147b,fallback_group,dc754082805a9548c1bc147b,exclude_unresolved_component
36657e6f581284a36bb9b15b,late_blight/673d1b55-7e61-4a3c-9d2d-edc4307f7a42___GHLB2 Leaf 121.1.JPG,late_blight,fallback:36657e6f581284a36bb9b15b,fallback_group,36657e6f581284a36bb9b15b,exclude_unresolved_component
cb4f76f1a500f94ba1ed4a06,late_blight/674b9176-bd0c-47be-94a3-7c973d2ecdab___GHLB_PS leaf 28.1 Day 12.jpg,late_blight,fallback:cb4f76f1a500f94ba1ed4a06,fallback_group,cb4f76f1a500f94ba1ed4a06,exclude_unresolved_component
2e882728b3235678adebecd2,late_blight/674de9c3-1e13-46e2-9d5d-f75f97cff552___GHLB_PS Leaf 1 Day 18.jpg,late_blight,fallback:2e882728b3235678adebecd2,fallback_group,2e882728b3235678adebecd2,exclude_unresolved_component
92769858cf7d19d7458f4fe3,late_blight/67a63018-22b8-45c5-8f71-90f7589a6ba5___GHLB2 Leaf 9032.JPG,late_blight,fallback:92769858cf7d19d7458f4fe3,fallback_group,92769858cf7d19d7458f4fe3,exclude_unresolved_component
0e739e90f1c0bd4f2c4b5536,late_blight/67b4c3a2-6d38-4db4-be3e-7655303ae13c___RS_Late.B 5051.JPG,late_blight,PlantVillage:Tomato___Late_blight:::42.0,verified_group,90335c2d175ccb7c77c63cc9,eligible_verified_subset
a059b71243337cfda8e95ec9,late_blight/67bb7136-ae93-4839-853b-26e6cbf868f6___GHLB2 Leaf 105.JPG,late_blight,fallback:a059b71243337cfda8e95ec9,fallback_group,a059b71243337cfda8e95ec9,exclude_unresolved_component
7dcce057d8fce3e2e24cc7f3,late_blight/6815e363-5221-44e2-a5a4-c1b82eb5a4aa___GHLB2 Leaf 9103.JPG,late_blight,fallback:7dcce057d8fce3e2e24cc7f3,fallback_group,7dcce057d8fce3e2e24cc7f3,exclude_unresolved_component
c110cd2183e126bee8c15c36,late_blight/688d69ca-59a6-4713-b18a-ce7c04ea001e___GHLB2 Leaf 8754.JPG,late_blight,fallback:c110cd2183e126bee8c15c36,fallback_group,c110cd2183e126bee8c15c36,exclude_unresolved_component
65831f6a5849f63d10e7918c,late_blight/695709e4-d869-4003-97eb-b2de21d5d1a5___GHLB2ES Leaf 62.1.JPG,late_blight,fallback:65831f6a5849f63d10e7918c,fallback_group,65831f6a5849f63d10e7918c,exclude_unresolved_component
a089bd00b851229db9264de7,late_blight/6965c48c-b329-4b37-9f7c-f09fb1a9b69d___RS_Late.B 7032.JPG,late_blight,PlantVillage:Tomato___Late_blight:::214.0,verified_group,a089bd00b851229db9264de7,eligible_verified_subset
4cd5a3b91f6c0ee05a0ae5aa,late_blight/697751e5-f4d4-448e-bf98-656ebfd01ba5___RS_Late.B 5180.JPG,late_blight,PlantVillage:Tomato___Late_blight:::66.0,verified_group,6012102bcd104b84d67e6fda,eligible_verified_subset
e90a401ed8627ed74cb9193e,late_blight/69a7bc98-0c0d-4391-ad2f-2fa91a5d51ac___RS_Late.B 6986.JPG,late_blight,PlantVillage:Tomato___Late_blight:::210.0,verified_group,d95ef9e4c08500c86d9052ed,eligible_verified_subset
04a9b378218f86294b42d6ee,late_blight/69c6df3c-ce76-4bac-a4be-d3efee364c10___GHLB2 Leaf 8929.JPG,late_blight,fallback:04a9b378218f86294b42d6ee,fallback_group,04a9b378218f86294b42d6ee,exclude_unresolved_component
180fda2f2a629a1b77150c97,late_blight/69fff432-3c80-4202-8e8a-7fed08ec0baa___RS_Late.B 6825.JPG,late_blight,PlantVillage:Tomato___Late_blight:::196.0,verified_group,8a2a4194463c0fb9cbaac3b6,eligible_verified_subset
06600b808b62ca850af54825,late_blight/6a8491a0-12a0-490e-9947-487a3c0b13fe___RS_Late.B 5349.JPG,late_blight,PlantVillage:Tomato___Late_blight:::83.0,verified_group,5bfa3ac14bd4502b1d5e350f,eligible_verified_subset
cf8350e3c340f1a596941a56,late_blight/6ad57808-1bf1-4273-a7a8-a85d4dabcdf1___RS_Late.B 6243.JPG,late_blight,PlantVillage:Tomato___Late_blight:::149.0,verified_group,cf8350e3c340f1a596941a56,eligible_verified_subset
b2f61b5959595991e26d7e50,late_blight/6b68a1c0-31aa-49f9-b69c-55e96bebcc8b___GHLB Leaf 8.2 Day 13.JPG,late_blight,fallback:b2f61b5959595991e26d7e50,fallback_group,b2f61b5959595991e26d7e50,exclude_unresolved_component
291392de5feb5767cbcbf713,late_blight/6b7f4762-88d6-4e85-8fad-57ca4083ec89___GHLB_PS Leaf 8.1 Day 9.jpg,late_blight,fallback:291392de5feb5767cbcbf713,fallback_group,291392de5feb5767cbcbf713,exclude_unresolved_component
13143c04d2ba06614dc4fece,late_blight/6bb72ae0-dc39-4098-bc4e-e09044990c5c___RS_Late.B 4868.JPG,late_blight,PlantVillage:Tomato___Late_blight:::9.0,verified_group,c0b3324aea77b9cba26eb745,eligible_verified_subset
b2fb52b5998698a104403d31,late_blight/6bc35871-5096-4405-8064-10e586175e9a___RS_Late.B 5584.JPG,late_blight,PlantVillage:Tomato___Late_blight:::113.0,verified_group,44480b76022af3f4a9078302,eligible_verified_subset
1515d827714f7c5f2840860b,late_blight/6bd357a5-df74-4a18-a0d5-a078aeca7377___RS_Late.B 5134.JPG,late_blight,PlantVillage:Tomato___Late_blight:::58.0,verified_group,e2b9cf342f85da83884f9bcb,eligible_verified_subset
1fbbfdfc903fe2c0e6bee1a0,late_blight/6c0403af-46da-424a-bb2e-98610e1b11b1___GHLB_PS Leaf 38 Day 16.jpg,late_blight,fallback:1fbbfdfc903fe2c0e6bee1a0,fallback_group,1fbbfdfc903fe2c0e6bee1a0,exclude_unresolved_component
11947c83c53003c2c3daf13a,late_blight/6c7243ea-1e4b-4166-ae4c-9f99bb84fe4d___GHLB2 Leaf 128.2.JPG,late_blight,fallback:11947c83c53003c2c3daf13a,fallback_group,11947c83c53003c2c3daf13a,exclude_unresolved_component
ef68733250553902f3a7b990,late_blight/6c9a2927-d29d-4cca-80d9-63ddb240ef70___RS_Late.B 5340.JPG,late_blight,PlantVillage:Tomato___Late_blight:::82.0,verified_group,4b9a7238b4669b9df5052199,eligible_verified_subset
31b6772f4442b03557743b91,late_blight/6c9c73fa-5c8d-40ce-9221-a600908bff33___RS_Late.B 4893.JPG,late_blight,PlantVillage:Tomato___Late_blight:::12.0,verified_group,31b6772f4442b03557743b91,eligible_verified_subset
e04ec99cdbc6644c89ee005b,late_blight/6cc5252d-0b5d-4f06-969d-8317150c355d___RS_Late.B 5012.JPG,late_blight,PlantVillage:Tomato___Late_blight:::34.0,verified_group,c7d2b41a49d3b5d8ef69820e,eligible_verified_subset
d4839bba5f27a51de600b191,late_blight/6cd183e0-9e97-4e80-a956-7c81bd06ab8b___RS_Late.B 6621.JPG,late_blight,PlantVillage:Tomato___Late_blight:::179.0,verified_group,b8c26fd78484710ca22c32e8,eligible_verified_subset
abd5666251059db0256b01dc,late_blight/6d010698-482e-4445-afd2-dc8dca53ed19___RS_Late.B 5493.JPG,late_blight,PlantVillage:Tomato___Late_blight:::102.0,verified_group,db89783a85c755ef007d8440,eligible_verified_subset
ca05ab6c97c6b61e9bf86a15,late_blight/6d746e99-e139-42e5-b0be-4c38c0efe6b2___RS_Late.B 5456.JPG,late_blight,PlantVillage:Tomato___Late_blight:::97.0,verified_group,cbf3acf0328d67d48292826f,eligible_verified_subset
72d05b1881759ece46706207,late_blight/6d8ee18d-8dcf-48b1-aec6-60752c839ee1___RS_Late.B 6887.JPG,late_blight,PlantVillage:Tomato___Late_blight:::201.0,verified_group,02d4bf879ab532e12cc6850c,eligible_verified_subset
93711131447b5863b720e3bd,late_blight/6dbef77b-50b6-4d0f-970a-d86f9df2254e___RS_Late.B 6936.JPG,late_blight,PlantVillage:Tomato___Late_blight:::206.0,verified_group,3d251ded37b16250fc580ad0,eligible_verified_subset
635d7616f693beff6fcb9bbf,late_blight/6dbfb834-5654-4526-8014-2b33ef976892___RS_Late.B 6172.JPG,late_blight,PlantVillage:Tomato___Late_blight:::141.0,verified_group,abac1c41425e16a914a33a2e,eligible_verified_subset
65a13da82732e9083c59e1b8,late_blight/6dbfc1ca-37e7-4768-8009-4394e97c6c03___GHLB2 Leaf 8838.JPG,late_blight,fallback:65a13da82732e9083c59e1b8,fallback_group,65a13da82732e9083c59e1b8,exclude_unresolved_component
96cab1ecb357721ff3e274b6,late_blight/6dcf84e4-bfbc-467d-83d8-546c22779f6d___GHLB2 Leaf 76.1.JPG,late_blight,fallback:96cab1ecb357721ff3e274b6,fallback_group,96cab1ecb357721ff3e274b6,exclude_unresolved_component
e04f84ba187a7fbc9f8bc20d,late_blight/6dd1bc0c-72c3-420c-aa48-c3bb4ca8dc7c___GHLB2 Leaf 83.1.JPG,late_blight,fallback:e04f84ba187a7fbc9f8bc20d,fallback_group,e04f84ba187a7fbc9f8bc20d,exclude_unresolved_component
bd2178c642775e8a63ed6ec3,late_blight/6e42a5dd-9354-454e-bca2-ea0cb4663de4___GHLB2 Leaf 8675.JPG,late_blight,fallback:bd2178c642775e8a63ed6ec3,fallback_group,bd2178c642775e8a63ed6ec3,exclude_unresolved_component
040d61d5eb495d1fc25c6f52,late_blight/6e45480a-127e-4173-9402-7b724728a139___RS_Late.B 4837.JPG,late_blight,PlantVillage:Tomato___Late_blight:::3.0,verified_group,bd31ab570fa80767285dc082,eligible_verified_subset
8c7082a02a637200e8befed7,late_blight/6e594cdd-0b3f-41d2-b056-f03819790e8c___RS_Late.B 5348.JPG,late_blight,PlantVillage:Tomato___Late_blight:::83.0,verified_group,5bfa3ac14bd4502b1d5e350f,eligible_verified_subset
dbd784d96058ebc0499c06f2,late_blight/6e93da35-363f-42f4-af65-e6eeb1217058___GHLB2 Leaf 8780.JPG,late_blight,fallback:dbd784d96058ebc0499c06f2,fallback_group,dbd784d96058ebc0499c06f2,exclude_unresolved_component
c58af7e639ccd689bc1eaec9,late_blight/6ed34168-5646-44ae-8279-1d9ae0f4e962___RS_Late.B 6633.JPG,late_blight,PlantVillage:Tomato___Late_blight:::180.0,verified_group,c58af7e639ccd689bc1eaec9,eligible_verified_subset
5c3ef5622398776e59c13b49,late_blight/6ed45835-4863-4d95-9d71-8ec0f1b26f27___GHLB2 Leaf 8834.JPG,late_blight,fallback:5c3ef5622398776e59c13b49,fallback_group,5c3ef5622398776e59c13b49,exclude_unresolved_component
9cefd0953b3287a917a5e765,late_blight/6edd59f3-d87c-4583-a931-0f32a2748a79___RS_Late.B 4922.JPG,late_blight,PlantVillage:Tomato___Late_blight:::18.0,verified_group,9cefd0953b3287a917a5e765,eligible_verified_subset
8088667a6e01c5a905e4d402,late_blight/6f52294c-e947-4fdc-b818-60b1d47beb06___RS_Late.B 6231.JPG,late_blight,PlantVillage:Tomato___Late_blight:::148.0,verified_group,cda882242e811b1557f8108f,eligible_verified_subset
d3c0dbdb17a2e59ee3a9a817,late_blight/6f631d1f-06c4-4314-95fd-f79d5344cfba___RS_Late.B 5027.JPG,late_blight,PlantVillage:Tomato___Late_blight:::37.0,verified_group,d3c0dbdb17a2e59ee3a9a817,eligible_verified_subset
f5031b2bc4d0e738f0696ec1,late_blight/6f6d2197-8756-4771-ac32-61bd0bc31aa0___GHLB2 Leaf 9074.JPG,late_blight,fallback:f5031b2bc4d0e738f0696ec1,fallback_group,f5031b2bc4d0e738f0696ec1,exclude_unresolved_component
14e39a77dc0baaf93cadba7d,late_blight/6f78a5ad-d4cf-4289-8369-29a69aa493b0___RS_Late.B 6129.JPG,late_blight,PlantVillage:Tomato___Late_blight:::135.0,verified_group,cae3edf1bb5c423e4c7ccb22,eligible_verified_subset
296965c2b004419701706854,late_blight/6f7a49a1-db0e-486f-b836-51827df940df___GHLB2 Leaf 8735.JPG,late_blight,fallback:296965c2b004419701706854,fallback_group,296965c2b004419701706854,exclude_unresolved_component
27cc46a3e361be33222ce1ef,late_blight/6fc04152-9f3d-46c0-93b9-a0d23edcd1e2___GHLB2 Leaf 84.4.JPG,late_blight,fallback:27cc46a3e361be33222ce1ef,fallback_group,27cc46a3e361be33222ce1ef,exclude_unresolved_component
5b8c47ca0a9d46843073680a,late_blight/6fcf86a2-e2fd-4a55-bdd4-216d58497f55___RS_Late.B 5064.JPG,late_blight,PlantVillage:Tomato___Late_blight:::44.0,verified_group,5b8c47ca0a9d46843073680a,eligible_verified_subset
76d1ead4c3596d7a66d876a0,late_blight/700fdedf-00ca-4fbc-9871-ad67425777db___GHLB2 Leaf 8777.JPG,late_blight,fallback:76d1ead4c3596d7a66d876a0,fallback_group,76d1ead4c3596d7a66d876a0,exclude_unresolved_component
5cfc5e94b229adcd3f059b72,late_blight/703b175a-b3e2-4629-9569-9b4caf185589___RS_Late.B 5098.JPG,late_blight,PlantVillage:Tomato___Late_blight:::51.0,verified_group,1645982c80dd7ebb91942b2e,eligible_verified_subset
6e1d7454f39cd2b4012519e6,late_blight/7048f52e-7b68-43d2-81d7-a146d5a73407___GHLB2 Leaf 8708.JPG,late_blight,fallback:6e1d7454f39cd2b4012519e6,fallback_group,6e1d7454f39cd2b4012519e6,exclude_unresolved_component
a3b1357cdc698e5b6f2cc557,late_blight/704b80c3-ffea-41c4-9f18-e07e56740279___RS_Late.B 6817.JPG,late_blight,PlantVillage:Tomato___Late_blight:::195.0,verified_group,2600cc5b9c5b45ba4bf31d77,eligible_verified_subset
db9fd987dc07c0bf2780d86e,late_blight/7076ebe9-be52-4b6e-a667-a3ce940a0cbc___RS_Late.B 5392.JPG,late_blight,PlantVillage:Tomato___Late_blight:::88.0,verified_group,5c2413e2ecf0f9964e9d1e75,eligible_verified_subset
25b069bb7ff47acf8f87583a,late_blight/70fa3718-7288-47cb-8e13-a16afbec4fe6___GHLB2 Leaf 127.JPG,late_blight,fallback:25b069bb7ff47acf8f87583a,fallback_group,25b069bb7ff47acf8f87583a,exclude_unresolved_component
31c9a2940cca59195c50219a,late_blight/712f0702-863c-487b-99b7-8e0c5284b91e___RS_Late.B 6363.JPG,late_blight,PlantVillage:Tomato___Late_blight:::161.0,verified_group,336f431d967a51f01db0f41a,eligible_verified_subset
7f5ae87264d3b4f837b5a2ec,late_blight/718abdbd-f884-4d86-aa62-96275f9b6241___RS_Late.B 6065.JPG,late_blight,PlantVillage:Tomato___Late_blight:::127.0,verified_group,63cca0008cd66b3e73c3446d,eligible_verified_subset
f63fa1446b9a228a3c6e2e33,late_blight/71a47848-146e-4cda-ae09-5ff0fe3a0540___GHLB2 Leaf 80.1.JPG,late_blight,fallback:f63fa1446b9a228a3c6e2e33,fallback_group,f63fa1446b9a228a3c6e2e33,exclude_unresolved_component
eea282770fa0da18bac8821f,late_blight/71dc2643-35ec-4660-99ba-e2dbb3b82229___GHLB2 Leaf 8983.JPG,late_blight,fallback:eea282770fa0da18bac8821f,fallback_group,eea282770fa0da18bac8821f,exclude_unresolved_component
bcfd070c392af6dc6268c1ad,late_blight/71fdeb76-d0e0-40a9-8a58-22d88a1c2b2b___GHLB_PS Leaf 34.1 Day 13.jpg,late_blight,fallback:bcfd070c392af6dc6268c1ad,fallback_group,bcfd070c392af6dc6268c1ad,exclude_unresolved_component
37cce841fe0ddc3fa76cb9d0,late_blight/72138adb-455c-4ddf-939e-00811e3fb6dd___GHLB2 Leaf 8750.JPG,late_blight,fallback:37cce841fe0ddc3fa76cb9d0,fallback_group,37cce841fe0ddc3fa76cb9d0,exclude_unresolved_component
630b8d35c0145efc5e80824b,late_blight/72644544-d9a0-442b-9992-e37ed7565d97___GHLB2 Leaf 8904.JPG,late_blight,fallback:630b8d35c0145efc5e80824b,fallback_group,630b8d35c0145efc5e80824b,exclude_unresolved_component
72cf8b0d50884f349da2afb7,late_blight/726a5ae7-e33b-4854-a872-71318ec3a493___RS_Late.B 5538.JPG,late_blight,PlantVillage:Tomato___Late_blight:::106.0,verified_group,83518d3c0b4008de5da17552,eligible_verified_subset
951b4840dfc04e37df131f4f,late_blight/728bec30-bf7b-40f0-abb5-cf6a78d018da___GHLB2 Leaf 8817.JPG,late_blight,fallback:951b4840dfc04e37df131f4f,fallback_group,951b4840dfc04e37df131f4f,exclude_unresolved_component
8c4fbaf3e73767efc2a69d50,late_blight/729bd3cf-64cc-40d3-9cec-5f52e3c3aeb3___RS_Late.B 5630.JPG,late_blight,PlantVillage:Tomato___Late_blight:::119.0,verified_group,3731d0c4a5e6b9cf2c7154fb,eligible_verified_subset
8218e6ce78b841a293fe65e7,late_blight/72b670f0-6553-41bd-a619-e4bead34917e___GHLB2 Leaf 109.JPG,late_blight,fallback:8218e6ce78b841a293fe65e7,fallback_group,8218e6ce78b841a293fe65e7,exclude_unresolved_component
a26e86fe90188e0fd2d6ddbe,late_blight/72e49321-5eeb-4669-9641-0e9146da9159___RS_Late.B 5102.JPG,late_blight,PlantVillage:Tomato___Late_blight:::52.0,verified_group,edaaccec585eb5e0e4e13d5d,eligible_verified_subset
90b153d186f38184229f2e72,late_blight/732a9df6-b5dd-493b-a7dc-3f3cd034e3c7___GHLB2 Leaf 8762.JPG,late_blight,fallback:90b153d186f38184229f2e72,fallback_group,90b153d186f38184229f2e72,exclude_unresolved_component
dc00c6f38ceb8c77f8637c84,late_blight/734daa60-b419-4736-ae19-c84fc2043d97___RS_Late.B 6758.JPG,late_blight,PlantVillage:Tomato___Late_blight:::189.0,verified_group,dc00c6f38ceb8c77f8637c84,eligible_verified_subset
2e8c3f54ff4bd2abe8c96168,late_blight/736c244e-cbeb-406a-bd0e-9a86675b99fc___RS_Late.B 4972.JPG,late_blight,PlantVillage:Tomato___Late_blight:::27.0,verified_group,ab8975656b53a5e0f7702166,eligible_verified_subset
c4529e2885a907baf725ce5d,late_blight/736cd652-e63d-4b01-a3c6-6859bc095fb9___GHLB_PS Leaf 39 Day 16.jpg,late_blight,fallback:c4529e2885a907baf725ce5d,fallback_group,c4529e2885a907baf725ce5d,exclude_unresolved_component
149a5dc448492a18f3d77cd7,late_blight/73901132-ade5-4705-9760-c2adcb396cda___RS_Late.B 7065.JPG,late_blight,PlantVillage:Tomato___Late_blight:::218.0,verified_group,f7d0b42cd53454fd9a11cf56,eligible_verified_subset
e070f357848184c8c217326a,late_blight/739d6880-fbff-462a-a06b-5a95b340f706___RS_Late.B 6101.JPG,late_blight,PlantVillage:Tomato___Late_blight:::132.0,verified_group,10750af775746d9cebdab5b4,eligible_verified_subset
e306fbcea26df92de9f84495,late_blight/73b30d1f-aa0b-47b0-8a4b-ee856be55431___GHLB2 Leaf 8672.JPG,late_blight,fallback:e306fbcea26df92de9f84495,fallback_group,e306fbcea26df92de9f84495,exclude_unresolved_component
e051ecf900c6c9b86d785115,late_blight/73c69b7e-604a-4014-a42d-ce4205b35c74___RS_Late.B 5131.JPG,late_blight,PlantVillage:Tomato___Late_blight:::58.0,verified_group,e2b9cf342f85da83884f9bcb,eligible_verified_subset
192107a488bd995a565b21a2,late_blight/73e493c6-3149-451d-b4e4-39aa10d02113___RS_Late.B 6642.JPG,late_blight,PlantVillage:Tomato___Late_blight:::181.0,verified_group,eebf4fff2489870903bd06a2,eligible_verified_subset
c195d8e678095cd45d217369,late_blight/73ef196e-eeb9-4fe6-93fe-d7c5d879c455___GHLB2 Leaf 9027.JPG,late_blight,fallback:c195d8e678095cd45d217369,fallback_group,c195d8e678095cd45d217369,exclude_unresolved_component
8be73981c72ae1ccea6fe5dd,late_blight/74219bb8-17cf-4bf5-9289-5a23151a317b___GHLB2 Leaf 8882.JPG,late_blight,fallback:8be73981c72ae1ccea6fe5dd,fallback_group,8be73981c72ae1ccea6fe5dd,exclude_unresolved_component
f50fd7cacf2b350dc2d169a2,late_blight/745086e9-2e07-48e3-809e-7448e14332ef___GHLB2 Leaf 134.2.JPG,late_blight,fallback:f50fd7cacf2b350dc2d169a2,fallback_group,f50fd7cacf2b350dc2d169a2,exclude_unresolved_component
f5273051fd1c98063c3557ee,late_blight/747a2385-2777-445a-b215-7a14a5c0135c___RS_Late.B 7111.JPG,late_blight,PlantVillage:Tomato___Late_blight:::224.0,verified_group,8f4c8193ef15808ce3628e85,eligible_verified_subset
a65ec1b9b34ecb932eb21347,late_blight/747bbf32-921a-4d75-af51-4aa544f70df8___RS_Late.B 5330.JPG,late_blight,PlantVillage:Tomato___Late_blight:::81.0,verified_group,b320f69168fa31acd7fc5209,eligible_verified_subset
0a75f3ce846dc9f9011d6da7,late_blight/74bfd410-bb0e-4cf1-8dfe-466385f6d522___RS_Late.B 5355.JPG,late_blight,PlantVillage:Tomato___Late_blight:::84.0,verified_group,8272a34962fe57e04a940543,eligible_verified_subset
99dc3fcf5959952850d778d8,late_blight/74e2dac2-ae38-4349-8d26-7e694fdad667___RS_Late.B 5185.JPG,late_blight,PlantVillage:Tomato___Late_blight:::66.0,verified_group,6012102bcd104b84d67e6fda,eligible_verified_subset
75c6f8588e8e3893c32d28e4,late_blight/74fd0cc8-43c7-4659-94ef-b4c55919f677___RS_Late.B 6052.JPG,late_blight,PlantVillage:Tomato___Late_blight:::126.0,verified_group,9d4b0f1e5aed5ccaab7e0d5e,eligible_verified_subset
41c886feb18d385060849013,late_blight/7525f169-671f-4ec6-95f2-5bb54b6fd14d___GHLB Leaf 2.4 Day 13.JPG,late_blight,fallback:41c886feb18d385060849013,fallback_group,41c886feb18d385060849013,exclude_unresolved_component
9ea06c53e7a5d057a6979cf0,late_blight/7538ba25-b6c3-4aca-a3d5-68ab173c93eb___RS_Late.B 5436.JPG,late_blight,PlantVillage:Tomato___Late_blight:::94.0,verified_group,2a0c3378d064c25e92c8d9dd,eligible_verified_subset
5ec2220d0d8fc224296dc27e,late_blight/75774583-0a9d-4eb0-8c31-9fe3ef6703f5___RS_Late.B 5569.JPG,late_blight,PlantVillage:Tomato___Late_blight:::110.0,verified_group,cfefa1113089dfd472300e07,eligible_verified_subset
8718b01c446844767d66dd93,late_blight/757868c3-554d-4d29-bec3-fee3d8200c38___GHLB2 Leaf 9080.JPG,late_blight,fallback:8718b01c446844767d66dd93,fallback_group,8718b01c446844767d66dd93,exclude_unresolved_component
18aeb05ebf0310b75de06fb2,late_blight/75894286-9ce2-448e-8148-0f7fc3442689___GHLB Leaf 2.2 Day 12.JPG,late_blight,fallback:18aeb05ebf0310b75de06fb2,fallback_group,18aeb05ebf0310b75de06fb2,exclude_unresolved_component
4634197999925faf893c9368,late_blight/75ab27f9-4a06-4ec8-a335-078802c71fe0___RS_Late.B 5384.JPG,late_blight,PlantVillage:Tomato___Late_blight:::86.0,verified_group,4634197999925faf893c9368,eligible_verified_subset
2bc95e238fdded152f6d2440,late_blight/75c6ecf4-8a75-4bc6-bfcb-2331f5c56b38___GHLB_PS Leaf 24.1 Day 13.jpg,late_blight,fallback:2bc95e238fdded152f6d2440,fallback_group,2bc95e238fdded152f6d2440,exclude_unresolved_component
bfaacc58bbd28af57cf9a1b9,late_blight/75d24a6f-1c28-4e42-a7e7-8f8c496c22ce___GHLB2 Leaf 8594.JPG,late_blight,fallback:bfaacc58bbd28af57cf9a1b9,fallback_group,bfaacc58bbd28af57cf9a1b9,exclude_unresolved_component
51224f8aaaa4978962074757,late_blight/7609a2a4-654e-4dad-b3e6-1cb4aab89420___RS_Late.B 5633.JPG,late_blight,PlantVillage:Tomato___Late_blight:::120.0,verified_group,976a71a5b72963ea8de13a9e,eligible_verified_subset
deaed6224967e442932c0c9b,late_blight/760a8072-2979-49aa-a6bf-e075151758d8___RS_Late.B 5089.JPG,late_blight,PlantVillage:Tomato___Late_blight:::49.0,verified_group,4c123ca914c202f78fc89a34,eligible_verified_subset
616a40929790250411093ff6,late_blight/7616d956-c144-4105-9972-5f747c5159a6___RS_Late.B 5600.JPG,late_blight,PlantVillage:Tomato___Late_blight:::116.0,verified_group,eab2517f4b14a3b704c9a19c,eligible_verified_subset
56940534724153c03ca061f6,late_blight/766771e1-8e8e-4ce4-9af6-b4ed91c9e80a___RS_Late.B 6881.JPG,late_blight,PlantVillage:Tomato___Late_blight:::200.0,verified_group,845d170452d6c9bd40754115,eligible_verified_subset
6078b7d182c73b20291e9213,late_blight/76b25fb0-e2fa-47ef-9b70-19efa3d65a9a___GHLB Leaf 1.4 Day 12.JPG,late_blight,fallback:6078b7d182c73b20291e9213,fallback_group,6078b7d182c73b20291e9213,exclude_unresolved_component
058d11e5be93219431c99e8f,late_blight/76ca83b8-0695-470d-a715-2fcb9efb4fc4___RS_Late.B 5062.JPG,late_blight,PlantVillage:Tomato___Late_blight:::44.0,verified_group,5b8c47ca0a9d46843073680a,eligible_verified_subset
bcca3099ee19da5d2dc8cf03,late_blight/76f42272-013f-4150-8c60-58a853336160___GHLB2 Leaf 82.JPG,late_blight,fallback:bcca3099ee19da5d2dc8cf03,fallback_group,bcca3099ee19da5d2dc8cf03,exclude_unresolved_component
2073a6904c8a3fe0f14a99a4,late_blight/7725973d-b1dd-4da4-abc9-2cc0cc247485___GHLB_PS Leaf 23.3 Day 9.jpg,late_blight,fallback:2073a6904c8a3fe0f14a99a4,fallback_group,2073a6904c8a3fe0f14a99a4,exclude_unresolved_component
94f4ad555773a179a7b5d88c,late_blight/772e3007-0263-45ec-b7f2-fd283d3fcd90___RS_Late.B 5578.JPG,late_blight,PlantVillage:Tomato___Late_blight:::112.0,verified_group,94f4ad555773a179a7b5d88c,eligible_verified_subset
4f2b7e79efefefabb3699523,late_blight/7733f764-a68f-4221-ae43-c096f03ce5d3___RS_Late.B 5985.JPG,late_blight,PlantVillage:Tomato___Late_blight:::121.0,verified_group,8f8c07f21ea09286f0a2e83b,eligible_verified_subset
36b4585ccb29dfb4d622e09d,late_blight/77730acc-705a-4b8f-8e3a-dc70bd348d40___GHLB_PS Leaf 32 Day 13.jpg,late_blight,fallback:36b4585ccb29dfb4d622e09d,fallback_group,36b4585ccb29dfb4d622e09d,exclude_unresolved_component
652bd1ddb521b1c290a00dc9,late_blight/77793164-1671-42f7-83a2-f13074ec4892___GHLB Leaf 2 Day 6.JPG,late_blight,fallback:652bd1ddb521b1c290a00dc9,fallback_group,652bd1ddb521b1c290a00dc9,exclude_unresolved_component
30471ced9760821a83ace9d2,late_blight/777d1460-e356-4b0a-9fb2-cd0931146c5b___RS_Late.B 5190.JPG,late_blight,PlantVillage:Tomato___Late_blight:::67.0,verified_group,2a0c3378d064c25e92c8d9dd,eligible_verified_subset
e424404203cef4ce9f9e3495,late_blight/77cd23c3-22fe-4d04-babe-89db464dbddd___GHLB Leaf 6 Day 6.JPG,late_blight,fallback:e424404203cef4ce9f9e3495,fallback_group,e424404203cef4ce9f9e3495,exclude_unresolved_component
aea2e7058dff09ff996961d7,late_blight/77e0bc13-fdcb-4fff-a3e9-17b5d88224a4___GHLB2 Leaf 59.JPG,late_blight,fallback:aea2e7058dff09ff996961d7,fallback_group,aea2e7058dff09ff996961d7,exclude_unresolved_component
c0b1c58a1d70363fe763b93d,late_blight/78122366-5c83-4d3f-97b0-b7135181738b___GHLB Leaf 1 Day 1.JPG,late_blight,fallback:c0b1c58a1d70363fe763b93d,fallback_group,c0b1c58a1d70363fe763b93d,exclude_unresolved_component
883764b285817f61b4dfa56b,late_blight/781582d3-8bad-4e20-9073-e1fa1b50abba___RS_Late.B 6269.JPG,late_blight,PlantVillage:Tomato___Late_blight:::152.0,verified_group,ab98c25ab09cf03317d4ea92,eligible_verified_subset
8bf27f98fbbbb7e44e793d2f,late_blight/781e93a9-2059-42de-8075-658033a6abf7___RS_Late.B 6075.JPG,late_blight,PlantVillage:Tomato___Late_blight:::129.0,verified_group,26ac517d0f72c862ac0c2403,eligible_verified_subset
0b39c3602aca1e01d19ee19f,late_blight/7847d3dd-66e7-470f-ab6e-5273c3ee8924___RS_Late.B 4905.JPG,late_blight,PlantVillage:Tomato___Late_blight:::14.0,verified_group,05a737f7d3c165a7f61c5f38,eligible_verified_subset
2250210ed6bfb150783ab0ce,late_blight/784f6313-1080-4bd1-a556-d4e14e6879d0___GHLB_PS Leaf 53.1 Day 18 .jpg,late_blight,fallback:2250210ed6bfb150783ab0ce,fallback_group,2250210ed6bfb150783ab0ce,exclude_unresolved_component
6e91ef0ad3f7ead23c1272aa,late_blight/7868d41c-77db-4a0e-90e3-b4a90a17bfdc___RS_Late.B 5401.JPG,late_blight,PlantVillage:Tomato___Late_blight:::89.0,verified_group,940f25ae2260cd234e1f466a,eligible_verified_subset
4b3757c331eadf8f8d9aebb3,late_blight/7872b2c5-2b59-4f28-aab0-f9346486c83a___RS_Late.B 5332.JPG,late_blight,PlantVillage:Tomato___Late_blight:::81.0,verified_group,b320f69168fa31acd7fc5209,eligible_verified_subset
1ae82dbf4acadcb54e05ae0f,late_blight/7879051c-bbca-4c32-946d-34cf2a02434d___GHLB2 Leaf 8851.JPG,late_blight,fallback:1ae82dbf4acadcb54e05ae0f,fallback_group,1ae82dbf4acadcb54e05ae0f,exclude_unresolved_component
c1de4ff5a84b7eb752f26fa3,late_blight/78863d29-72bb-494d-8f05-c5648130283f___GHLB2 Leaf 9112.JPG,late_blight,fallback:c1de4ff5a84b7eb752f26fa3,fallback_group,c1de4ff5a84b7eb752f26fa3,exclude_unresolved_component
66952b762d3070a833060dfb,late_blight/78a7b27e-8992-4a31-ad38-cd8ecee2e3d4___GHLB2 Leaf 58.1.JPG,late_blight,fallback:66952b762d3070a833060dfb,fallback_group,66952b762d3070a833060dfb,exclude_unresolved_component
b009b7e993c3ff599305814c,late_blight/78b86a00-59ee-4e29-865c-c7cbf42dd9dd___GHLB2 Leaf 8715.JPG,late_blight,fallback:b009b7e993c3ff599305814c,fallback_group,b009b7e993c3ff599305814c,exclude_unresolved_component
559b215935a677c1b3597dd3,late_blight/792a3e5e-d5f8-467d-a266-66834b4b7036___GHLB2 Leaf 129.1.JPG,late_blight,fallback:559b215935a677c1b3597dd3,fallback_group,559b215935a677c1b3597dd3,exclude_unresolved_component
2921f3e4207526d8a4cd10b7,late_blight/79619905-8b34-42a0-8176-17e28c200a5b___RS_Late.B 5090.JPG,late_blight,PlantVillage:Tomato___Late_blight:::50.0,verified_group,a19fb559cc785ce6109b1ca8,eligible_verified_subset
9d15ec5ef9f662effca48e1a,late_blight/7973db5e-9bc6-4573-9173-f0ef7f1d62d6___GHLB Leaf 23.4 Day 18.JPG,late_blight,fallback:9d15ec5ef9f662effca48e1a,fallback_group,9d15ec5ef9f662effca48e1a,exclude_unresolved_component
9c4b0bd6f2a7ac0f80d01aa4,late_blight/79bc9614-3dc9-49df-b4dd-8fc9a269a7c5___RS_Late.B 5314.JPG,late_blight,PlantVillage:Tomato___Late_blight:::78.0,verified_group,528803e6c9eb13b5c7de4c28,eligible_verified_subset
9f7bd12e00eb9f71fcf07785,late_blight/7a08fe4d-cb32-4a4e-861e-249e582fb8c8___GHLB2 Leaf 8820.JPG,late_blight,fallback:9f7bd12e00eb9f71fcf07785,fallback_group,9f7bd12e00eb9f71fcf07785,exclude_unresolved_component
6140fcfd654db5544d0d4bab,late_blight/7a163b85-1356-4b3e-98f2-2d24b3a1adaf___RS_Late.B 6802.JPG,late_blight,PlantVillage:Tomato___Late_blight:::194.0,verified_group,cda27aed2874b1981e1488d6,eligible_verified_subset
19a257da03d1a5431c3569e7,late_blight/7a31833f-807e-4c54-951f-3c8c1d5b78d7___GHLB2 Leaf 8939.JPG,late_blight,fallback:19a257da03d1a5431c3569e7,fallback_group,19a257da03d1a5431c3569e7,exclude_unresolved_component
3dad4f7947168bc47a89cebc,late_blight/7a48f790-80f5-4d75-bd49-3c42e8c92fb6___RS_Late.B 4844.JPG,late_blight,PlantVillage:Tomato___Late_blight:::4.0,verified_group,6b60dd1422922e244c2f2147,eligible_verified_subset
9266e164a99715a5dbb6493a,late_blight/7a711eda-02e6-49fa-9d2c-8463330fa797___RS_Late.B 5045.JPG,late_blight,PlantVillage:Tomato___Late_blight:::41.0,verified_group,02a2ab0b7f74b6b6bae5c815,eligible_verified_subset
6dce7e499a453a49352232ff,late_blight/7a72c715-f797-41d0-b8eb-7c02f9cd5086___GHLB Leaf 23.3 Day 12.JPG,late_blight,fallback:6dce7e499a453a49352232ff,fallback_group,6dce7e499a453a49352232ff,exclude_unresolved_component
979359d19fb5bb78529291e1,late_blight/7aa199e5-4228-409c-84c2-8cd070af2b87___GHLB Leaf 2.1 Day 12.JPG,late_blight,fallback:979359d19fb5bb78529291e1,fallback_group,979359d19fb5bb78529291e1,exclude_unresolved_component
e2691ea8ce2b223da13205b6,late_blight/7ae76b22-7563-4fd9-a859-50b7ad906f64___GHLB2 Leaf 86.1.JPG,late_blight,fallback:e2691ea8ce2b223da13205b6,fallback_group,e2691ea8ce2b223da13205b6,exclude_unresolved_component
4315359efb4272fefcdc5d8c,late_blight/7b343a4c-5fbc-40f6-83da-ccae49ebd5fb___GHLB_PS Leaf 35 Day 13.jpg,late_blight,fallback:4315359efb4272fefcdc5d8c,fallback_group,e735218c1243cadfb756194e,exclude_unresolved_component
83cd9530dcd0bbe6841f59e8,late_blight/7b8c983a-c159-4f79-86aa-13c8223155fd___RS_Late.B 5156.JPG,late_blight,PlantVillage:Tomato___Late_blight:::62.0,verified_group,681e7db498a48765ebcb5fc9,eligible_verified_subset
584c2eb857322435fc1a8067,late_blight/7bf1decf-376a-4ee7-836e-23f60aee5d46___RS_Late.B 6179.JPG,late_blight,PlantVillage:Tomato___Late_blight:::142.0,verified_group,e8c6ae1389bddc19c7793757,eligible_verified_subset
a4e22e57efd88e6572c5776f,late_blight/7c163fda-ae67-4733-8fe3-f59d8ab20a5a___GHLB2 Leaf 8805.JPG,late_blight,fallback:a4e22e57efd88e6572c5776f,fallback_group,a4e22e57efd88e6572c5776f,exclude_unresolved_component
3d26c4336e642eb23fad91a8,late_blight/7c367715-8147-42a2-803a-987828f88d76___GHLB2 Leaf 144.2.JPG,late_blight,fallback:3d26c4336e642eb23fad91a8,fallback_group,3d26c4336e642eb23fad91a8,exclude_unresolved_component
f58e7e3eca7ac193bded01bc,late_blight/7c8a16a8-97a1-4461-9f72-b36e6676fd99___RS_Late.B 4863.JPG,late_blight,PlantVillage:Tomato___Late_blight:::8.0,verified_group,3356d96b147079e0bb9fc283,eligible_verified_subset
bf7f483e34e7ebd9e871afe9,late_blight/7d0d5e78-87b9-4d47-9291-4a1e75fe9d97___GHLB2 Leaf 8693.JPG,late_blight,fallback:bf7f483e34e7ebd9e871afe9,fallback_group,bf7f483e34e7ebd9e871afe9,exclude_unresolved_component
25a0ca93ed57735c0d488169,late_blight/7d2ecdff-4eca-4f8e-b550-166d668498ba___GHLB2 Leaf 8602.JPG,late_blight,fallback:25a0ca93ed57735c0d488169,fallback_group,25a0ca93ed57735c0d488169,exclude_unresolved_component
b7b13da505242c1a0461c2d8,late_blight/7d4d00c0-1e72-427d-9f05-1f64f8051cb8___GHLB_PS Leaf 1 Day 7.jpg,late_blight,fallback:b7b13da505242c1a0461c2d8,fallback_group,b7b13da505242c1a0461c2d8,exclude_unresolved_component
eb3d7478248c17bbd1e42a15,late_blight/7d6954fd-a818-44e6-976e-8c817d729a86___RS_Late.B 4973.JPG,late_blight,PlantVillage:Tomato___Late_blight:::27.0,verified_group,ab8975656b53a5e0f7702166,eligible_verified_subset
c1a8d1070416f931d723a849,late_blight/7d8cbbfc-89e2-4fe5-9624-89b353d78832___RS_Late.B 5176.JPG,late_blight,PlantVillage:Tomato___Late_blight:::65.0,verified_group,c1a8d1070416f931d723a849,eligible_verified_subset
1f932ff8bebe9288f432467c,late_blight/7d8f07cb-cb5b-4c4a-97f9-224258af8343___GHLB2 Leaf 8791.JPG,late_blight,fallback:1f932ff8bebe9288f432467c,fallback_group,1f932ff8bebe9288f432467c,exclude_unresolved_component
f6f49b1ea4d2904c8e073e9b,late_blight/7d9f4bd8-6a41-4c5e-816e-175f88e0be41___RS_Late.B 5488.JPG,late_blight,PlantVillage:Tomato___Late_blight:::101.0,verified_group,14bff025c17911b94d3e5463,eligible_verified_subset
38ce04f489fea6ce10835966,late_blight/7da77ecf-90a8-4e8a-b84f-6e64f5f2a9f2___GHLB2 Leaf 115.1.JPG,late_blight,fallback:38ce04f489fea6ce10835966,fallback_group,38ce04f489fea6ce10835966,exclude_unresolved_component
73082ce2812185f98b65dc4b,late_blight/7da8f393-2df9-42cc-a864-bc8d7ead2fe4___GHLB2 Leaf 8619.JPG,late_blight,fallback:73082ce2812185f98b65dc4b,fallback_group,73082ce2812185f98b65dc4b,exclude_unresolved_component
5ae14be922de6a31a89243c9,late_blight/7dac72d7-cd87-4d92-8ee0-e6b52c115558___RS_Late.B 5053.JPG,late_blight,PlantVillage:Tomato___Late_blight:::42.0,verified_group,90335c2d175ccb7c77c63cc9,eligible_verified_subset
d2569ade63b0e9be67cdaa64,late_blight/7dbd4aab-b307-435c-90bb-7a358eba9814___RS_Late.B 6617.JPG,late_blight,PlantVillage:Tomato___Late_blight:::179.0,verified_group,b8c26fd78484710ca22c32e8,eligible_verified_subset
e27853ef0e24400499bede7e,late_blight/7e10e4ed-19e9-4e89-a936-4b2bb30d4e90___GHLB_PS Leaf 1 Day 13.jpg,late_blight,fallback:e27853ef0e24400499bede7e,fallback_group,e27853ef0e24400499bede7e,exclude_unresolved_component
6e32321a0647261f62f50f32,late_blight/7e322351-379f-4b07-8001-01baf6bf589c___RS_Late.B 7038.JPG,late_blight,PlantVillage:Tomato___Late_blight:::214.0,verified_group,a089bd00b851229db9264de7,eligible_verified_subset
3b1ffbed00abe16396d1972e,late_blight/7e409fcc-0ff7-4d05-9852-e0f4495db3e8___RS_Late.B 6195.JPG,late_blight,PlantVillage:Tomato___Late_blight:::143.0,verified_group,2ccb8074992ac59ace19a1c1,eligible_verified_subset
0fc6112895553ea0f11190ee,late_blight/7e4224e3-dd76-4041-8fe2-c9abf67d3a98___RS_Late.B 6630.JPG,late_blight,PlantVillage:Tomato___Late_blight:::180.0,verified_group,c58af7e639ccd689bc1eaec9,eligible_verified_subset
70422765a759b34c5ab1b423,late_blight/7e5386fc-de1d-4507-acb6-e0d0da3a35da___RS_Late.B 4900.JPG,late_blight,PlantVillage:Tomato___Late_blight:::13.0,verified_group,75f13f9616f910ff4ba43f7b,eligible_verified_subset
316f1fa4eec4ae1521a0774f,late_blight/7e77fde0-ab1b-4256-be51-0f6eecf85007___RS_Late.B 6995.JPG,late_blight,PlantVillage:Tomato___Late_blight:::211.0,verified_group,316f1fa4eec4ae1521a0774f,eligible_verified_subset
681c28ea4da328d59038cef9,late_blight/7e91b898-a643-43f9-bf06-34f364c7d501___GHLB2 Leaf 8632.JPG,late_blight,fallback:681c28ea4da328d59038cef9,fallback_group,681c28ea4da328d59038cef9,exclude_unresolved_component
35c60302f58ec2f6a04344b2,late_blight/7e92fb02-314e-4cad-a30d-e478b216bce4___RS_Late.B 6890.JPG,late_blight,PlantVillage:Tomato___Late_blight:::201.0,verified_group,02d4bf879ab532e12cc6850c,eligible_verified_subset
4101bbfe0190fdb2f6c03de7,late_blight/7eb30afe-7975-487a-8dd2-bf72634967a8___GHLB2ES Leaf 136.1.JPG,late_blight,fallback:4101bbfe0190fdb2f6c03de7,fallback_group,4101bbfe0190fdb2f6c03de7,exclude_unresolved_component
24fc0b7ba8d1660d5a377114,late_blight/7ec8c270-72a5-4c84-bfdb-400735f5b35c___GHLB_PS Leaf 46 Day 18.jpg,late_blight,fallback:24fc0b7ba8d1660d5a377114,fallback_group,24fc0b7ba8d1660d5a377114,exclude_unresolved_component
f387c7e181a4d8c6492be4cb,late_blight/7edf8e92-d212-46f4-843e-0c08bd263f73___GHLB2 Leaf 8944.JPG,late_blight,fallback:f387c7e181a4d8c6492be4cb,fallback_group,f387c7e181a4d8c6492be4cb,exclude_unresolved_component
561dc68184a999155da6cbaf,late_blight/7ee00267-be66-4b6a-a207-0bf0046d28b6___RS_Late.B 6909.JPG,late_blight,PlantVillage:Tomato___Late_blight:::203.0,verified_group,8270f2581f0653f23c8d99c0,eligible_verified_subset
f1def9a53716474215557ce9,late_blight/7efeb8b7-9416-4b2b-bf24-acaf62918008___GHLB2 Leaf 124.1.JPG,late_blight,fallback:f1def9a53716474215557ce9,fallback_group,f1def9a53716474215557ce9,exclude_unresolved_component
11447a2508df72782aa94abf,late_blight/7f2d44f1-7daa-4b13-9058-18da27dc883d___RS_Late.B 5439.JPG,late_blight,PlantVillage:Tomato___Late_blight:::95.0,verified_group,2a8bc560967a973d9571415b,eligible_verified_subset
2f2ab73c0228ac155bd1f1a1,late_blight/7f3884a8-82eb-4db8-b5c2-cc3f6dbe0cf9___RS_Late.B 6196.JPG,late_blight,PlantVillage:Tomato___Late_blight:::144.0,verified_group,05c2c23da8bd61615256e9de,eligible_verified_subset
fc6cd99d99d63fbf14daf2ac,late_blight/7f3e0b01-3bfc-44d2-b04d-b27032115a6c___GHLB2 Leaf 9106.JPG,late_blight,fallback:fc6cd99d99d63fbf14daf2ac,fallback_group,fc6cd99d99d63fbf14daf2ac,exclude_unresolved_component
88a36d17c08754731a78d7aa,late_blight/7f4621fe-72ce-4f4c-a20e-320250ec8a9d___RS_Late.B 5556.JPG,late_blight,PlantVillage:Tomato___Late_blight:::108.0,verified_group,674162824739ade8f84b2cdb,eligible_verified_subset
14bcdf7a4e75811714790213,late_blight/7f533ee8-1d72-486e-b2a6-b5ef2ac7cc88___GHLB2 Leaf 8837.JPG,late_blight,fallback:14bcdf7a4e75811714790213,fallback_group,359abb77316570db3d0cafc6,exclude_unresolved_component
2cb5f734c5b90353faee5c35,late_blight/7f790574-ac82-4a3e-9a4d-02cd7762dce2___GHLB2 Leaf 8948.JPG,late_blight,fallback:2cb5f734c5b90353faee5c35,fallback_group,2cb5f734c5b90353faee5c35,exclude_unresolved_component
0ce5a02ac57ee1f0f77dd2d6,late_blight/7f847477-1111-4f20-9de5-56153bee415b___RS_Late.B 5049.JPG,late_blight,PlantVillage:Tomato___Late_blight:::41.0,verified_group,02a2ab0b7f74b6b6bae5c815,eligible_verified_subset
a7313cac9cd325ff1ea07edc,late_blight/7f8eaaf9-901f-4628-b706-7257b3e67303___RS_Late.B 6025.JPG,late_blight,PlantVillage:Tomato___Late_blight:::122.0,verified_group,a7313cac9cd325ff1ea07edc,eligible_verified_subset
80c6e064d75906281f02836c,late_blight/7f8ee689-9c51-4f8b-baa2-3ce1125b765e___GHLB2 Leaf 8569.JPG,late_blight,fallback:80c6e064d75906281f02836c,fallback_group,80c6e064d75906281f02836c,exclude_unresolved_component
b73ff44beeb5c54c260f1113,late_blight/7f8ff945-6a8a-470b-aa5f-0b3f5ce87c01___GHLB Leaf 1.2 Day 13.JPG,late_blight,fallback:b73ff44beeb5c54c260f1113,fallback_group,b73ff44beeb5c54c260f1113,exclude_unresolved_component
4f067bd299427b112335ffaf,late_blight/7fa16659-42cf-4bac-b0fc-41162212f6a9___GHLB2 Leaf 8620.JPG,late_blight,fallback:4f067bd299427b112335ffaf,fallback_group,4f067bd299427b112335ffaf,exclude_unresolved_component
199fcd11966f36595f9884e5,late_blight/7fc8f2f2-874c-49d1-935b-06f2d044db8f___RS_Late.B 6451.JPG,late_blight,PlantVillage:Tomato___Late_blight:::167.0,verified_group,e7303a2ddafc21cb77dffe60,eligible_verified_subset
50fe3bc6f9ce2a7c0570056b,late_blight/7fc96574-d320-4622-9695-1478156c6b76___GHLB2 Leaf 164.2.JPG,late_blight,fallback:50fe3bc6f9ce2a7c0570056b,fallback_group,50fe3bc6f9ce2a7c0570056b,exclude_unresolved_component
e158640061eb4ca5bada40e5,late_blight/7fe35989-ae3c-4652-931f-820e2cdb7c96___RS_Late.B 6876.JPG,late_blight,PlantVillage:Tomato___Late_blight:::199.0,verified_group,965b3b6dcda1d1a2730627eb,eligible_verified_subset
2e9917b5bfd7b1fc28bd2488,late_blight/7fe41e8b-a062-4403-97b1-0415e2cf8fc5___RS_Late.B 7055.JPG,late_blight,PlantVillage:Tomato___Late_blight:::216.0,verified_group,1422d02b742fd6aab8258dd7,eligible_verified_subset
7ee6cf643428a8029161071b,late_blight/80143d7f-db3e-4ed8-8a20-647dc0caa908___GHLB2 Leaf 78.JPG,late_blight,fallback:7ee6cf643428a8029161071b,fallback_group,7ee6cf643428a8029161071b,exclude_unresolved_component
511341f60707435c062dcdc0,late_blight/80310e71-b197-444f-a31f-5f2e431c68bb___GHLB2 Leaf 8897.JPG,late_blight,fallback:511341f60707435c062dcdc0,fallback_group,511341f60707435c062dcdc0,exclude_unresolved_component
6727d09abbfcb05351a9fd63,late_blight/80380588-3ae5-43e3-8acf-541b53e5d44b___RS_Late.B 6542.JPG,late_blight,PlantVillage:Tomato___Late_blight:::173.0,verified_group,3f2db58c562bd5e6264ab342,eligible_verified_subset
307456562d503b9eb6afb097,late_blight/8047006e-1d4a-43cb-9637-037ca85855ba___RS_Late.B 7132.JPG,late_blight,PlantVillage:Tomato___Late_blight:::226.0,verified_group,4b4e4131da30ac1e3eff52de,eligible_verified_subset
3719fc561e4520a7f70d3f40,late_blight/804a100c-1ef1-4178-9c2f-7468bcb484f3___GHLB2 Leaf 88.JPG,late_blight,fallback:3719fc561e4520a7f70d3f40,fallback_group,3719fc561e4520a7f70d3f40,exclude_unresolved_component
c6bfdce6d2453100dc548acd,late_blight/804affe6-213e-4bcc-8736-e5034a31e454___GHLB2 Leaf 8659.JPG,late_blight,fallback:c6bfdce6d2453100dc548acd,fallback_group,c6bfdce6d2453100dc548acd,exclude_unresolved_component
6f6fd7db6d386e725400d8dc,late_blight/8061d6e6-8237-4ad3-9270-b6711e3819dd___GHLB2 Leaf 8539.JPG,late_blight,fallback:6f6fd7db6d386e725400d8dc,fallback_group,6f6fd7db6d386e725400d8dc,exclude_unresolved_component
46e204362031301252d04d6a,late_blight/8072e43a-7636-4c22-8641-672077964083___RS_Late.B 6464.JPG,late_blight,PlantVillage:Tomato___Late_blight:::169.0,verified_group,5ed1c2ae332b0db32730ab23,eligible_verified_subset
d55703060f98e4ea9871218a,late_blight/8080a99f-e35d-4a1f-b26e-e2df8cf79408___RS_Late.B 6183.JPG,late_blight,PlantVillage:Tomato___Late_blight:::142.0,verified_group,e8c6ae1389bddc19c7793757,eligible_verified_subset
9ca5f48cfd38772ee1036063,late_blight/80817b48-d9dc-4b29-b6ac-1f7bb58e3d00___RS_Late.B 4833.JPG,late_blight,PlantVillage:Tomato___Late_blight:::2.0,verified_group,a1879aff7465a1c3b9b09150,eligible_verified_subset
0ffa42cdc0a43afd4946ede6,late_blight/80b1ebb9-e5e0-48cd-a68a-d43ed57633dd___GHLB2 Leaf 9050.JPG,late_blight,fallback:0ffa42cdc0a43afd4946ede6,fallback_group,0ffa42cdc0a43afd4946ede6,exclude_unresolved_component
69da4535fac03bbb4701df40,late_blight/80fc88e3-e4b6-49be-9f10-a364dbf88767___GHLB2ES Leaf 137.jpg,late_blight,fallback:69da4535fac03bbb4701df40,fallback_group,69da4535fac03bbb4701df40,exclude_unresolved_component
167c6bf80ca3eb2974b18520,late_blight/812654c4-843c-42b1-a026-ab3ee7c9f837___RS_Late.B 7061.JPG,late_blight,PlantVillage:Tomato___Late_blight:::217.0,verified_group,ab14f9508103499c709c36d8,eligible_verified_subset
14d7e82ee0438ba2af0b6256,late_blight/8130621c-8ff8-4fd9-bd54-765491adc31f___GHLB2 Leaf 8822.JPG,late_blight,fallback:14d7e82ee0438ba2af0b6256,fallback_group,14d7e82ee0438ba2af0b6256,exclude_unresolved_component
9a33acfdd2e44b3d57545f11,late_blight/81425428-d995-492c-80ba-c28564d8f317___RS_Late.B 6265.JPG,late_blight,PlantVillage:Tomato___Late_blight:::151.0,verified_group,226ac9c768fc65dd77f829b6,eligible_verified_subset
990084d96a3c626442bf128d,late_blight/814df7b9-2950-4628-a03c-bfae17a4f0a8___GHLB2 Leaf 146.1.JPG,late_blight,fallback:990084d96a3c626442bf128d,fallback_group,990084d96a3c626442bf128d,exclude_unresolved_component
0ceebb8b49a73b30acb7a020,late_blight/8168a850-1360-49cf-8ecc-77730cc24ac5___RS_Late.B 4979.JPG,late_blight,PlantVillage:Tomato___Late_blight:::28.0,verified_group,b6b7f0f012c5d55b0826b503,eligible_verified_subset
01ddb8b74279a0468fdbfe02,late_blight/8183f4e9-fa24-4e80-be93-42983b086b7d___GHLB2 Leaf 8782.JPG,late_blight,fallback:01ddb8b74279a0468fdbfe02,fallback_group,01ddb8b74279a0468fdbfe02,exclude_unresolved_component
9abc0729739bf6225d5752e1,late_blight/81b4d72b-4124-45d4-b96a-0ec13ca7f376___GHLB2 Leaf 8989.JPG,late_blight,fallback:9abc0729739bf6225d5752e1,fallback_group,9abc0729739bf6225d5752e1,exclude_unresolved_component
ae53a84119b7d0ed42b5a339,late_blight/81baeedf-b56b-49b4-a7ff-131083f12ba1___GHLB2 Leaf 8710.JPG,late_blight,fallback:ae53a84119b7d0ed42b5a339,fallback_group,ae53a84119b7d0ed42b5a339,exclude_unresolved_component
5da96bd4701959b8ca033f78,late_blight/81cb76c4-86f6-4af3-a11a-ad827fff857c___RS_Late.B 5074.JPG,late_blight,PlantVillage:Tomato___Late_blight:::46.0,verified_group,5da96bd4701959b8ca033f78,eligible_verified_subset
f908fda8332386871a37f606,late_blight/81dc45ec-9ce3-4887-90b5-b091276a9245___RS_Late.B 4957.JPG,late_blight,PlantVillage:Tomato___Late_blight:::24.0,verified_group,f908fda8332386871a37f606,eligible_verified_subset
7f993b4a774228bb10443082,late_blight/82090f30-20fa-4c5e-9bcc-9cfe7d64b56a___RS_Late.B 5395.JPG,late_blight,PlantVillage:Tomato___Late_blight:::88.0,verified_group,5c2413e2ecf0f9964e9d1e75,eligible_verified_subset
02fd3a94d4509563940cbd7a,late_blight/8217ab61-6b5f-4874-8046-d801d40cff3d___RS_Late.B 6089.JPG,late_blight,PlantVillage:Tomato___Late_blight:::131.0,verified_group,0999aa3a625a98037e33515a,eligible_verified_subset
e7ef07679ac69beb41cba531,late_blight/8224fe93-c0bc-47e1-8ef4-3572667de662___GHLB2 Leaf 8694.JPG,late_blight,fallback:e7ef07679ac69beb41cba531,fallback_group,e7ef07679ac69beb41cba531,exclude_unresolved_component
d31c19c415f7d58f6420ffea,late_blight/8243854c-24f1-49e5-b568-819ae3867a8c___RS_Late.B 7143.JPG,late_blight,PlantVillage:Tomato___Late_blight:::228.0,verified_group,d31c19c415f7d58f6420ffea,eligible_verified_subset
dfd628535e1b7c4bc1b701ee,late_blight/8275c408-1ce2-4b4b-a6de-b7a0b373ad05___GHLB2 Leaf 8741.JPG,late_blight,fallback:dfd628535e1b7c4bc1b701ee,fallback_group,dfd628535e1b7c4bc1b701ee,exclude_unresolved_component
46d7c6a603970f5a57513922,late_blight/82dc2c64-2489-49d7-b199-f8c6a04c1649___RS_Late.B 6282.JPG,late_blight,PlantVillage:Tomato___Late_blight:::154.0,verified_group,46d7c6a603970f5a57513922,eligible_verified_subset
e6f9deaa9bbab4de44227c7e,late_blight/82e462d5-14fb-4530-a8b8-c844d1cc5f43___GHLB2 Leaf 8701.JPG,late_blight,fallback:e6f9deaa9bbab4de44227c7e,fallback_group,e6f9deaa9bbab4de44227c7e,exclude_unresolved_component
d90e9b28b5683fc65bab682b,late_blight/830c33b8-d419-4fb7-98f8-08387e726648___GHLB_PS Leaf 1.5 Day 16.jpg,late_blight,fallback:d90e9b28b5683fc65bab682b,fallback_group,d90e9b28b5683fc65bab682b,exclude_unresolved_component
0f55f376c762ec94ba04979f,late_blight/830fab73-df27-4430-ba0a-2b638be3b6b4___GHLB2 Leaf 8946.JPG,late_blight,fallback:0f55f376c762ec94ba04979f,fallback_group,0f55f376c762ec94ba04979f,exclude_unresolved_component
977eb12b52dcc750bbe13abd,late_blight/8342c931-3c80-48ce-9757-f497c36cf44e___RS_Late.B 6125.JPG,late_blight,PlantVillage:Tomato___Late_blight:::135.0,verified_group,cae3edf1bb5c423e4c7ccb22,eligible_verified_subset
45fcb5683e7642b4829802a5,late_blight/835b856f-9f36-474c-b5e9-2961a7fb97c5___RS_Late.B 5187.JPG,late_blight,PlantVillage:Tomato___Late_blight:::67.0,verified_group,2a0c3378d064c25e92c8d9dd,eligible_verified_subset
ed911f2b572fab2b194e85c5,late_blight/838c4952-8d91-44b9-905d-96b065683f21___RS_Late.B 6038.JPG,late_blight,PlantVillage:Tomato___Late_blight:::124.0,verified_group,d09903d70110092d63cec3cd,eligible_verified_subset
d2ad1c2d6fb1e2a091b9b9fd,late_blight/83abc50b-0705-4165-a9f3-e67b7ad93bf0___RS_Late.B 6170.JPG,late_blight,PlantVillage:Tomato___Late_blight:::140.0,verified_group,005eff43d5f02508a9b1ee59,eligible_verified_subset
a189a375b88f0ba907a609c7,late_blight/843d28c8-6dc1-4048-94fc-8064ee8ff394___RS_Late.B 6746.JPG,late_blight,PlantVillage:Tomato___Late_blight:::188.0,verified_group,a272ddcda9b2545905cbea02,eligible_verified_subset
52b66675ea163f0d1b5b3aec,late_blight/845735fd-cca2-4d7b-ace8-292ca8f5f940___GHLB2 Leaf 8771.JPG,late_blight,fallback:52b66675ea163f0d1b5b3aec,fallback_group,52b66675ea163f0d1b5b3aec,exclude_unresolved_component
67f2b51ca2adf7b8a6186e29,late_blight/846005e7-d4ad-49e4-bfce-3aefe50b44e0___RS_Late.B 5158.JPG,late_blight,PlantVillage:Tomato___Late_blight:::62.0,verified_group,681e7db498a48765ebcb5fc9,eligible_verified_subset
ac68265f9df55554630eadda,late_blight/84b7d3ab-56ae-4eef-a852-7b32f3ef0160___GHLB2 Leaf 150.JPG,late_blight,fallback:ac68265f9df55554630eadda,fallback_group,ac68265f9df55554630eadda,exclude_unresolved_component
29c40ffab41fe71670088703,late_blight/851d91ae-4a1f-448e-afdc-09a961345353___RS_Late.B 5466.JPG,late_blight,PlantVillage:Tomato___Late_blight:::99.0,verified_group,d77b109a73ac32fbdc71d765,eligible_verified_subset
a907c7c1bd2ff1278465426e,late_blight/853e9c8a-d5b3-4fff-a9a3-f047812aa4a3___RS_Late.B 5240.JPG,late_blight,PlantVillage:Tomato___Late_blight:::74.0,verified_group,5542b8da527e0f76a869d8a2,eligible_verified_subset
744ef8d3d70f1fe47107cecc,late_blight/854f717b-5d27-4d21-be89-29bf935b069a___GHLB2 Leaf 8650.JPG,late_blight,fallback:744ef8d3d70f1fe47107cecc,fallback_group,744ef8d3d70f1fe47107cecc,exclude_unresolved_component
a76b55e43a08acc42885cfa8,late_blight/8553094b-3e19-4e4c-8ba1-49e98ff135e9___RS_Late.B 4869.JPG,late_blight,PlantVillage:Tomato___Late_blight:::9.0,verified_group,c0b3324aea77b9cba26eb745,eligible_verified_subset
af9d8e8542d5deb2f288e23b,late_blight/85550b3b-28a6-4489-ae91-63ea771622ae___RS_Late.B 5539.JPG,late_blight,PlantVillage:Tomato___Late_blight:::106.0,verified_group,83518d3c0b4008de5da17552,eligible_verified_subset
768a3ddf9dda036c6d80e830,late_blight/85a581dc-108b-4ca0-9f34-f8b2baeccbe6___GHLB2 Leaf 8788.JPG,late_blight,fallback:768a3ddf9dda036c6d80e830,fallback_group,768a3ddf9dda036c6d80e830,exclude_unresolved_component
5a6ac000f924ca84e59df8f8,late_blight/85d80245-6c80-4bb7-9497-c8612903b535___RS_Late.B 5576.JPG,late_blight,PlantVillage:Tomato___Late_blight:::111.0,verified_group,e7f3b7f0cc1b075dfdaa12f0,eligible_verified_subset
40b18c74c98138e58b038e9f,late_blight/860b6c56-686a-4f21-8ae3-d7e45acd760b___GHLB_PS Leaf 25 Day 16.jpg,late_blight,fallback:40b18c74c98138e58b038e9f,fallback_group,40b18c74c98138e58b038e9f,exclude_unresolved_component
7cf5d4e797517d18825dfc6d,late_blight/861d8b00-57a4-46b0-b51a-09d102dbe119___GHLB_PS Leaf 24 Day 13.jpg,late_blight,fallback:7cf5d4e797517d18825dfc6d,fallback_group,7cf5d4e797517d18825dfc6d,exclude_unresolved_component
70e70e6290a97084a1ae91ad,late_blight/8634f13d-ee5a-442e-8b58-6b667c91379c___GHLB2 Leaf 8968.JPG,late_blight,fallback:70e70e6290a97084a1ae91ad,fallback_group,70e70e6290a97084a1ae91ad,exclude_unresolved_component
725b6c9688a0f8de4dd0e8b2,late_blight/8662590c-1a1e-450e-97fa-07fb26faf0c1___GHLB2 Leaf 8919.JPG,late_blight,fallback:725b6c9688a0f8de4dd0e8b2,fallback_group,725b6c9688a0f8de4dd0e8b2,exclude_unresolved_component
56807409ac783b67174f5b83,late_blight/867d2544-e985-4d01-ae0c-9e8d053f6c61___GHLB2 Leaf 9071.JPG,late_blight,fallback:56807409ac783b67174f5b83,fallback_group,56807409ac783b67174f5b83,exclude_unresolved_component
daeba07aa5982290c1201903,late_blight/869168d7-a45c-40e6-888b-ad5ba94a657e___RS_Late.B 6193.JPG,late_blight,PlantVillage:Tomato___Late_blight:::143.0,verified_group,2ccb8074992ac59ace19a1c1,eligible_verified_subset
d066831fcbc821eda60017ab,late_blight/86992828-48ea-428c-bb7d-0c89365314b9___GHLB_PS Leaf 18.2 Day 8.jpg,late_blight,fallback:d066831fcbc821eda60017ab,fallback_group,d066831fcbc821eda60017ab,exclude_unresolved_component
8cf03dea1509719f5b9766c8,late_blight/86a3f3b6-660b-4711-b509-4654d0b5c2fa___RS_Late.B 5007.JPG,late_blight,PlantVillage:Tomato___Late_blight:::33.0,verified_group,d43339de13f5bb133e3d9bff,eligible_verified_subset
3556e432681048f408a46f93,late_blight/86a7b7d2-8783-4622-84d7-a4a420ee10ba___RS_Late.B 6546.JPG,late_blight,PlantVillage:Tomato___Late_blight:::174.0,verified_group,ac927e67a4bd148377a48791,eligible_verified_subset
39562f3f90cee509415e2879,late_blight/86a83826-1cb7-458c-8999-91455fb9b4b0___GHLB2 Leaf 96.1.JPG,late_blight,fallback:39562f3f90cee509415e2879,fallback_group,39562f3f90cee509415e2879,exclude_unresolved_component
2861fcf4f97dfa83f8dc9518,late_blight/8733e226-a046-4532-b2fd-e2774a319bde___RS_Late.B 5139.JPG,late_blight,PlantVillage:Tomato___Late_blight:::59.0,verified_group,efb8a849e9d578991a679253,eligible_verified_subset
8f62efabf57c167ea5d2a0cd,late_blight/873aa4b3-61f8-473a-8fd3-b39ede9376c4___RS_Late.B 4829.JPG,late_blight,PlantVillage:Tomato___Late_blight:::1.0,verified_group,8b40b205260efaf627bb4306,eligible_verified_subset
076c8ec335ff4ba615d30a1f,late_blight/87815762-3104-4c15-96c5-238ecda66998___GHLB2 Leaf 124.2.JPG,late_blight,fallback:076c8ec335ff4ba615d30a1f,fallback_group,6f048fb29e99e710363aa316,exclude_unresolved_component
ba5afdf34e19e00c4d711bc3,late_blight/87f47869-cd63-494b-813d-4355a11c01d5___RS_Late.B 6629.JPG,late_blight,PlantVillage:Tomato___Late_blight:::180.0,verified_group,c58af7e639ccd689bc1eaec9,eligible_verified_subset
f0c8cda3010623721770af3f,late_blight/8826e278-b47e-4d1a-b7af-3dc1b77ef445___GHLB2 Leaf 8924.JPG,late_blight,fallback:f0c8cda3010623721770af3f,fallback_group,f0c8cda3010623721770af3f,exclude_unresolved_component
29f33a820f83014e21d448cd,late_blight/886f77f1-c04e-404d-9b63-6a99a9e17f4c___GHLB2 Leaf 84.1.JPG,late_blight,fallback:29f33a820f83014e21d448cd,fallback_group,29f33a820f83014e21d448cd,exclude_unresolved_component
08a2ea349d5bcdd929ea90c7,late_blight/88a90e6d-c7d6-4ecb-a52f-c9ac596e39ee___GHLB2 Leaf 8648.JPG,late_blight,fallback:08a2ea349d5bcdd929ea90c7,fallback_group,08a2ea349d5bcdd929ea90c7,exclude_unresolved_component
4f53db7fe1c7ddfcc1de1012,late_blight/88d1ecf3-e03e-4ddf-9aa4-d9558f1ec2e2___RS_Late.B 7140.JPG,late_blight,PlantVillage:Tomato___Late_blight:::227.0,verified_group,1d041595fee7c39eaac11a31,eligible_verified_subset
cba05adeb83e28d98262e37d,late_blight/88e11fb2-9752-4c08-97d6-7392fbcf8a95___RS_Late.B 6176.JPG,late_blight,PlantVillage:Tomato___Late_blight:::141.0,verified_group,abac1c41425e16a914a33a2e,eligible_verified_subset
8fcd3b56205823fea92ba7d8,late_blight/88e2e3f1-defc-4d08-951a-ea6ed654dfe0___GHLB_PS Leaf 8 Day 8.jpg,late_blight,fallback:8fcd3b56205823fea92ba7d8,fallback_group,8fcd3b56205823fea92ba7d8,exclude_unresolved_component
d91fb5ece1137b1f3411888a,late_blight/88e31b4e-77e8-46ed-8e90-e48e6ec4e8eb___RS_Late.B 7077.JPG,late_blight,PlantVillage:Tomato___Late_blight:::219.0,verified_group,d91fb5ece1137b1f3411888a,eligible_verified_subset
b1cc858f02d9a77a47a7ab62,late_blight/89226dd4-357b-4532-82d6-adeb7724e5e8___RS_Late.B 5387.JPG,late_blight,PlantVillage:Tomato___Late_blight:::87.0,verified_group,2ed6a93331aa7457b32468a0,eligible_verified_subset
9a482cd01ae366d4bd5b7967,late_blight/8938dd69-1d88-4885-8a20-b0db3ab84817___RS_Late.B 5417.JPG,late_blight,PlantVillage:Tomato___Late_blight:::92.0,verified_group,c7599d4430763b4386daf925,eligible_verified_subset
dd433ab4d3ecb834fb7c1eae,late_blight/89454f79-f848-435c-aac6-d492da7051e5___GHLB2 Leaf 8996.JPG,late_blight,fallback:dd433ab4d3ecb834fb7c1eae,fallback_group,dd433ab4d3ecb834fb7c1eae,exclude_unresolved_component
0bbe0c399b9eaae26b94f610,late_blight/898fbe14-3442-44ae-9638-471ce8efcc2f___GHLB2 Leaf 117.1.JPG,late_blight,fallback:0bbe0c399b9eaae26b94f610,fallback_group,0bbe0c399b9eaae26b94f610,exclude_unresolved_component
4713ace64497e3bcd22526c0,late_blight/89996998-a74f-46f5-8e5f-790a66dbd652___GHLB2 Leaf 8826.JPG,late_blight,fallback:4713ace64497e3bcd22526c0,fallback_group,4713ace64497e3bcd22526c0,exclude_unresolved_component
6f429fb2c5ec28dd98e935c5,late_blight/89a3122f-8ff0-453f-8677-b713ea76dddd___RS_Late.B 5284.JPG,late_blight,PlantVillage:Tomato___Late_blight:::75.0,verified_group,8c1ca0dda4c7b5942018ae6c,eligible_verified_subset
3bc09f767c9f2102a89d39d7,late_blight/89c134ee-41f7-46b7-b4dc-4229b3b3ca08___GHLB2 Leaf 8952.JPG,late_blight,fallback:3bc09f767c9f2102a89d39d7,fallback_group,3bc09f767c9f2102a89d39d7,exclude_unresolved_component
b4ce0dc5fbd1e6ae60b0ae7b,late_blight/89d2801e-6359-4079-a4c2-0df4718d7800___GHLB_PS Leaf 1 Day 8.jpg,late_blight,fallback:b4ce0dc5fbd1e6ae60b0ae7b,fallback_group,b4ce0dc5fbd1e6ae60b0ae7b,exclude_unresolved_component
c9fef2f0f9f3f657417f42e4,late_blight/8a2f5ea2-51e1-493d-93ff-61faa8221754___RS_Late.B 7069.JPG,late_blight,PlantVillage:Tomato___Late_blight:::218.0,verified_group,f7d0b42cd53454fd9a11cf56,eligible_verified_subset
8f97ef67159963ec12d456d1,late_blight/8ad4d607-b0e5-4151-9455-66e8ece55ff7___GHLB2 Leaf 8774.JPG,late_blight,fallback:8f97ef67159963ec12d456d1,fallback_group,8f97ef67159963ec12d456d1,exclude_unresolved_component
d3021cca87860f1c4ee2e19c,late_blight/8afb4f4f-cc42-45fb-b3bb-6d6a4b358d8b___GHLB2 Leaf 8574.JPG,late_blight,fallback:d3021cca87860f1c4ee2e19c,fallback_group,d3021cca87860f1c4ee2e19c,exclude_unresolved_component
b2671d0eab038e9e061042a3,late_blight/8b08d651-0fcc-43da-8aec-34389f834d63___GHLB2 Leaf 8644.JPG,late_blight,fallback:b2671d0eab038e9e061042a3,fallback_group,b2671d0eab038e9e061042a3,exclude_unresolved_component
9444d1dcd410f8a582584c5f,late_blight/8b2bb3d4-b5db-4772-8151-2689b7d52846___GHLB_PS Leaf 19.1 Day 8.jpg,late_blight,fallback:9444d1dcd410f8a582584c5f,fallback_group,9444d1dcd410f8a582584c5f,exclude_unresolved_component
7ab2197e941dec6e5bfa94b6,late_blight/8b37de5f-4c98-4880-b1a8-a921178959a9___RS_Late.B 6248.JPG,late_blight,PlantVillage:Tomato___Late_blight:::149.0,verified_group,cf8350e3c340f1a596941a56,eligible_verified_subset
10e7a355ad32132398ab1925,late_blight/8b3de207-e6ff-4ac5-8480-f6230bd6b385___RS_Late.B 6506.JPG,late_blight,PlantVillage:Tomato___Late_blight:::172.0,verified_group,4309bde211173be9f16fc340,eligible_verified_subset
f1d6c61f8bb17fd55804b22f,late_blight/8b58a065-ad58-4f19-b621-5e6eb2d77993___RS_Late.B 7131.JPG,late_blight,PlantVillage:Tomato___Late_blight:::226.0,verified_group,4b4e4131da30ac1e3eff52de,eligible_verified_subset
ed76e01af7f98a19cc73f5f7,late_blight/8bae80d9-576c-4930-8c75-f6df2be339de___RS_Late.B 4912.JPG,late_blight,PlantVillage:Tomato___Late_blight:::16.0,verified_group,f793ec922d6cc21f1a3e9648,eligible_verified_subset
e7e5921e4d56a334b65e0217,late_blight/8c13a3dc-b380-4a2f-b468-660212d8dbf0___RS_Late.B 5405.JPG,late_blight,PlantVillage:Tomato___Late_blight:::90.0,verified_group,172a46126780c2704f5af17a,eligible_verified_subset
9dab9a2e87bc72c2b9c9da20,late_blight/8c36f3d7-3aee-4341-8319-449e3f5e6f79___RS_Late.B 5596.JPG,late_blight,PlantVillage:Tomato___Late_blight:::115.0,verified_group,bdf9cb9ff6bb0440c6197dfc,eligible_verified_subset
a219e9e01ff670d0d490e04a,late_blight/8c428644-bfe0-4f8c-944a-a8de1f318602___GHLB2 Leaf 8705.JPG,late_blight,fallback:a219e9e01ff670d0d490e04a,fallback_group,a219e9e01ff670d0d490e04a,exclude_unresolved_component
ccd8b1f4359edf811d3cf8d1,late_blight/8c7b818d-de11-4989-8991-48e4234e2ab4___GHLB2 Leaf 116.2.JPG,late_blight,fallback:ccd8b1f4359edf811d3cf8d1,fallback_group,ccd8b1f4359edf811d3cf8d1,exclude_unresolved_component
be48b5d93d18bdb3e609db34,late_blight/8cb8fc56-d6b5-4032-b5f4-aebe52af18a3___GHLB2 Leaf 8945.JPG,late_blight,fallback:be48b5d93d18bdb3e609db34,fallback_group,be48b5d93d18bdb3e609db34,exclude_unresolved_component
c9ae34a89c1ae9c1a7a96ade,late_blight/8cf817c6-56f4-42b3-93b7-222d88b63b2d___RS_Late.B 4827.JPG,late_blight,PlantVillage:Tomato___Late_blight:::1.0,verified_group,8b40b205260efaf627bb4306,eligible_verified_subset
651790c61a4d8bf30406d586,late_blight/8d025d16-0058-42b5-82b5-4cd88dd6f110___GHLB2 Leaf 8785.JPG,late_blight,fallback:651790c61a4d8bf30406d586,fallback_group,651790c61a4d8bf30406d586,exclude_unresolved_component
daea563b4021a1f4fa88ebe3,late_blight/8d39e8b3-90d8-4533-93a8-fb797fa27a1b___GHLB2 Leaf 8645.JPG,late_blight,fallback:daea563b4021a1f4fa88ebe3,fallback_group,daea563b4021a1f4fa88ebe3,exclude_unresolved_component
2c0408c566a04ec69f7975c9,late_blight/8d58aa38-714a-45b6-b36d-fe52ab36aae8___GHLB Leaf 24.1 Day 12.JPG,late_blight,fallback:2c0408c566a04ec69f7975c9,fallback_group,2c0408c566a04ec69f7975c9,exclude_unresolved_component
682ef3c94e0e3c825b21d0cf,late_blight/8d5ef81f-1b09-4221-abaa-990bfb2180b9___RS_Late.B 6745.JPG,late_blight,PlantVillage:Tomato___Late_blight:::188.0,verified_group,a272ddcda9b2545905cbea02,eligible_verified_subset
7723a9eb48dd63129b0d016a,late_blight/8d611dca-11e1-4970-9806-599173ed158d___RS_Late.B 5181.JPG,late_blight,PlantVillage:Tomato___Late_blight:::66.0,verified_group,6012102bcd104b84d67e6fda,eligible_verified_subset
b119110230f2ab9677ab0ba1,late_blight/8d786c11-5426-4af6-96a0-0c0d9ec804d7___RS_Late.B 5009.JPG,late_blight,PlantVillage:Tomato___Late_blight:::33.0,verified_group,d43339de13f5bb133e3d9bff,eligible_verified_subset
557b8cecf327272e2c77aef1,late_blight/8da9d06c-bc6c-45d1-abd5-e864a8293aae___RS_Late.B 4934.JPG,late_blight,PlantVillage:Tomato___Late_blight:::20.0,verified_group,971f5807b860dc798a1406b9,eligible_verified_subset
6b6c89a37ddc1b39a399e010,late_blight/8daa8725-05a2-4802-a524-9eba96fa89bc___RS_Late.B 6488.JPG,late_blight,PlantVillage:Tomato___Late_blight:::170.0,verified_group,a91d9f9c4c60cb0799553a1e,eligible_verified_subset
fef08d05ffcd52ad9e5a681b,late_blight/8db4bafa-489e-42ff-ad14-98cb9af8e733___RS_Late.B 5397.JPG,late_blight,PlantVillage:Tomato___Late_blight:::89.0,verified_group,940f25ae2260cd234e1f466a,eligible_verified_subset
edd7686ba28808ada6bdd127,late_blight/8dbcc7c8-5845-43e4-867f-b9f7da8a53c3___GHLB2 Leaf 8786.JPG,late_blight,fallback:edd7686ba28808ada6bdd127,fallback_group,edd7686ba28808ada6bdd127,exclude_unresolved_component
3cf2602384ae6286b47afef2,late_blight/8dff4125-96c2-44fc-bd3f-734fa57621ba___RS_Late.B 5025.JPG,late_blight,PlantVillage:Tomato___Late_blight:::37.0,verified_group,d3c0dbdb17a2e59ee3a9a817,eligible_verified_subset
e3b7e2a4723dd993dc5fbb7e,late_blight/8e06d830-df85-4b76-be46-c7814bedcd51___GHLB2 Leaf 8907.JPG,late_blight,fallback:e3b7e2a4723dd993dc5fbb7e,fallback_group,e3b7e2a4723dd993dc5fbb7e,exclude_unresolved_component
b9476cc23eb4f9fdf17af732,late_blight/8e89b070-c8f0-47f5-a7c4-e28a92e0454b___GHLB2 Leaf 9097.JPG,late_blight,fallback:b9476cc23eb4f9fdf17af732,fallback_group,b9476cc23eb4f9fdf17af732,exclude_unresolved_component
3710af7ce388482259ec9f4d,late_blight/8ea73da6-e94c-42bf-8b9c-c8d0a58338c7___RS_Late.B 6724.JPG,late_blight,PlantVillage:Tomato___Late_blight:::187.0,verified_group,b7052b4a326c6daab903e6d6,eligible_verified_subset
e1f4903f6825514039ff0b38,late_blight/8ebbd6ea-f580-492d-a01d-7f00a3e788fb___RS_Late.B 6603.JPG,late_blight,PlantVillage:Tomato___Late_blight:::178.0,verified_group,3fd6e67f7d18cc2ca4fb998e,eligible_verified_subset
428be2f3cdce7ff61fd01606,late_blight/8edb3824-bc6b-48a6-b659-ae29c9754274___GHLB2 Leaf 103.JPG,late_blight,fallback:428be2f3cdce7ff61fd01606,fallback_group,428be2f3cdce7ff61fd01606,exclude_unresolved_component
d368500c090a1fefd7cbf8a1,late_blight/8f0a83b5-357c-4fc3-ba27-58303fa29bde___GHLB2 Leaf 8875.JPG,late_blight,fallback:d368500c090a1fefd7cbf8a1,fallback_group,d368500c090a1fefd7cbf8a1,exclude_unresolved_component
2668841d941eafda34e8589c,late_blight/8f1b814d-d9c9-4093-8b6e-6d3a58133d55___RS_Late.B 6771.JPG,late_blight,PlantVillage:Tomato___Late_blight:::190.0,verified_group,2668841d941eafda34e8589c,eligible_verified_subset
a1304f7593ca21b62ffd1825,late_blight/8f268f79-0230-4dfb-a7e9-e68bb506798e___GHLB2 Leaf 8739.JPG,late_blight,fallback:a1304f7593ca21b62ffd1825,fallback_group,a1304f7593ca21b62ffd1825,exclude_unresolved_component
5c3dbc2e15318f09023e28d9,late_blight/8f27364b-aafa-49a8-b288-e442cb8bde11___RS_Late.B 6285.JPG,late_blight,PlantVillage:Tomato___Late_blight:::155.0,verified_group,ce7b2c763e30ca11d6d70c52,eligible_verified_subset
09f506965363b37f83b62721,late_blight/8f652c9e-134b-4b9f-bdca-15ad4f6a87ba___GHLB2 Leaf 8808.JPG,late_blight,fallback:09f506965363b37f83b62721,fallback_group,09f506965363b37f83b62721,exclude_unresolved_component
85602012bd9d375cbf163fb3,late_blight/8f6e4229-2e6c-409c-8e9b-e3573a478b8a___RS_Late.B 5044.JPG,late_blight,PlantVillage:Tomato___Late_blight:::40.0,verified_group,5596079b9bca769994a688b2,eligible_verified_subset
1213e4f54b7c26f85bb45be5,late_blight/8f96e29c-d210-47a7-bdcb-e87821bb66c8___RS_Late.B 6872.JPG,late_blight,PlantVillage:Tomato___Late_blight:::198.0,verified_group,a181bc121420f49d074596b4,eligible_verified_subset
2f7a48fcfbbbe47c869222ca,late_blight/8fa2b785-6eba-47c3-aeb3-139ebe284185___RS_Late.B 4954.JPG,late_blight,PlantVillage:Tomato___Late_blight:::23.0,verified_group,2f7a48fcfbbbe47c869222ca,eligible_verified_subset
21ab0e658db854860ef6b6c8,late_blight/8fa3a59d-3e37-4b30-bdf7-35979c324626___RS_Late.B 4907.JPG,late_blight,PlantVillage:Tomato___Late_blight:::15.0,verified_group,0bb2d1409f3b7de2737d07ad,eligible_verified_subset
ec4cbb23447d47c3544a3916,late_blight/8faf866d-77a2-4876-983f-42389db476dc___RS_Late.B 7003.JPG,late_blight,PlantVillage:Tomato___Late_blight:::212.0,verified_group,ec4cbb23447d47c3544a3916,eligible_verified_subset
a1621bb5fdc811e977274acb,late_blight/8fb5837a-daa2-49c9-8e6e-eeca83e1e764___GHLB_PS Leaf 26.1 Day 13.jpg,late_blight,fallback:a1621bb5fdc811e977274acb,fallback_group,a1621bb5fdc811e977274acb,exclude_unresolved_component
22b1b6a125d8972e35cbfea5,late_blight/8fb69288-9a9a-429d-96ff-a425e9753cef___RS_Late.B 6913.JPG,late_blight,PlantVillage:Tomato___Late_blight:::204.0,verified_group,22b1b6a125d8972e35cbfea5,eligible_verified_subset
09bed2619badbd3c4385ec3f,late_blight/90131e4c-2ff6-4be3-86cf-252847cce3fa___RS_Late.B 6933.JPG,late_blight,PlantVillage:Tomato___Late_blight:::205.0,verified_group,432faf84683e66f8f548ac7b,eligible_verified_subset
2b047a02a64b434b617c6b33,late_blight/9029b453-c7c1-4c80-9033-72b650866290___GHLB2 Leaf 160.1.JPG,late_blight,fallback:2b047a02a64b434b617c6b33,fallback_group,2b047a02a64b434b617c6b33,exclude_unresolved_component
04d268169ccabda586a0a9a2,late_blight/902aed86-4d96-4a9b-9742-f01ae845c22c___GHLB2 Leaf 9037.JPG,late_blight,fallback:04d268169ccabda586a0a9a2,fallback_group,04d268169ccabda586a0a9a2,exclude_unresolved_component
5d1ec043b371a8d49f0a0dea,late_blight/903f6204-3857-495a-9cf3-8e3fbc930115___RS_Late.B 5496.JPG,late_blight,PlantVillage:Tomato___Late_blight:::103.0,verified_group,adb2a9e135be4dea79d604ef,eligible_verified_subset
a997dcf4fabaa757082c8525,late_blight/909832a0-b9f8-4624-894f-16b200489acb___GHLB2 Leaf 161.JPG,late_blight,fallback:a997dcf4fabaa757082c8525,fallback_group,a997dcf4fabaa757082c8525,exclude_unresolved_component
0d304a57e829037984a5f571,late_blight/90b4fa52-1f63-466f-ab26-e2b180935c94___RS_Late.B 6323.JPG,late_blight,PlantVillage:Tomato___Late_blight:::158.0,verified_group,cfbd035740a8a7bbb15f114d,eligible_verified_subset
e484323e72571dfb286645eb,late_blight/90b93808-6b41-4539-9a76-ebe75ba61202___GHLB2 Leaf 155.JPG,late_blight,fallback:e484323e72571dfb286645eb,fallback_group,e484323e72571dfb286645eb,exclude_unresolved_component
2bbc496a42c3f0504a94bcaa,late_blight/90e52dd6-f8ef-407f-a854-04200696dfe2___RS_Late.B 5375.JPG,late_blight,PlantVillage:Tomato___Late_blight:::85.0,verified_group,2bbc496a42c3f0504a94bcaa,eligible_verified_subset
a2b1761309498da440c6d21e,late_blight/90eb1ec4-efb0-426e-b84a-1ad097741da9___GHLB Leaf 23 Day 13.JPG,late_blight,fallback:a2b1761309498da440c6d21e,fallback_group,a2b1761309498da440c6d21e,exclude_unresolved_component
dc096155846c465139c686e5,late_blight/910c7947-dc38-4cb3-8df5-69bee6796afa___RS_Late.B 6968.JPG,late_blight,PlantVillage:Tomato___Late_blight:::208.0,verified_group,c9ae74bb72dd1da19f48dcf5,eligible_verified_subset
7b2f36ab27fc50f3572fdb4f,late_blight/9125266c-1269-43ff-b813-2052f3d16a9d___GHLB2 Leaf 8536.JPG,late_blight,fallback:7b2f36ab27fc50f3572fdb4f,fallback_group,7b2f36ab27fc50f3572fdb4f,exclude_unresolved_component
8efd146b0df510848bec51c4,late_blight/913a9ecb-2dad-4a37-8e5e-e97a1aa2b8a1___RS_Late.B 5327.JPG,late_blight,PlantVillage:Tomato___Late_blight:::80.0,verified_group,4b62e8f1137b7930187228ce,eligible_verified_subset
d330509c5c5ada3b648ff956,late_blight/914b2040-5c4b-4943-be32-1c565d9c49ec___GHLB2 Leaf 72.1.JPG,late_blight,fallback:d330509c5c5ada3b648ff956,fallback_group,d330509c5c5ada3b648ff956,exclude_unresolved_component
37aba9f339745f8b1112fa2b,late_blight/914e1c39-d7e1-4b6e-83be-254ab705746b___GHLB2 Leaf 101.3.JPG,late_blight,fallback:37aba9f339745f8b1112fa2b,fallback_group,37aba9f339745f8b1112fa2b,exclude_unresolved_component
6d1b29370fa069674db42e98,late_blight/9176c69b-991a-4cd0-bfad-9742ad81a8b4___RS_Late.B 4989.JPG,late_blight,PlantVillage:Tomato___Late_blight:::30.0,verified_group,b7e5aa94c2198859b11e226a,eligible_verified_subset
f05e3bb9e60710d8572a5495,late_blight/918d106d-a453-4c44-80b4-601be91a0896___GHLB2 Leaf 159.1.JPG,late_blight,fallback:f05e3bb9e60710d8572a5495,fallback_group,f05e3bb9e60710d8572a5495,exclude_unresolved_component
7d8852931d2cd66ea46902f4,late_blight/9191536b-0dd5-4c85-935a-37fdab6e4fab___RS_Late.B 6042.JPG,late_blight,PlantVillage:Tomato___Late_blight:::125.0,verified_group,72e861e91d6ee172fc84a02f,eligible_verified_subset
6b7f2dea51a12ec38214bf99,late_blight/91b7a899-ee48-4bc2-98a9-f6a5fbf01a1d___RS_Late.B 5084.JPG,late_blight,PlantVillage:Tomato___Late_blight:::48.0,verified_group,3dce901e3229f5fefbe60bb7,eligible_verified_subset
759b0dc66e75e30d3057b584,late_blight/91b7baba-9b15-4f24-9db7-86ca95ac884c___GHLB2 Leaf 9087.JPG,late_blight,fallback:759b0dc66e75e30d3057b584,fallback_group,37fd7911d5f82d27732ce445,exclude_unresolved_component
3fa3c55337111e8f9d192cd3,late_blight/91cb766d-bbfe-405b-8211-8dbfb6888c12___GHLB2 Leaf 8963.JPG,late_blight,fallback:3fa3c55337111e8f9d192cd3,fallback_group,3fa3c55337111e8f9d192cd3,exclude_unresolved_component
0f91dc8364cad93394c40ba6,late_blight/91de14a9-7d76-4975-ad9a-d1f06c99f786___RS_Late.B 6144.JPG,late_blight,PlantVillage:Tomato___Late_blight:::138.0,verified_group,91d5f324a2aedb2ccf0f5c37,eligible_verified_subset
72c4064966d2ff16470e7b10,late_blight/91f4f56a-b0c8-469f-88a7-47908efa5842___RS_Late.B 5437.JPG,late_blight,PlantVillage:Tomato___Late_blight:::94.0,verified_group,2a0c3378d064c25e92c8d9dd,eligible_verified_subset
23983c9134c0e8ba21612fb6,late_blight/920f60f5-6435-427f-a855-5e66552dd8b9___GHLB2 Leaf 9020.JPG,late_blight,fallback:23983c9134c0e8ba21612fb6,fallback_group,23983c9134c0e8ba21612fb6,exclude_unresolved_component
029ac7dd5f6d304916edfe8b,late_blight/92286a65-7836-4a51-9e6a-ada347bd2cbf___RS_Late.B 5398.JPG,late_blight,PlantVillage:Tomato___Late_blight:::89.0,verified_group,940f25ae2260cd234e1f466a,eligible_verified_subset
50db84a1ddf378ed6f65df85,late_blight/92487391-6fdf-47bb-ae35-b0a48bed62fd___GHLB2 Leaf 9095.JPG,late_blight,fallback:50db84a1ddf378ed6f65df85,fallback_group,50db84a1ddf378ed6f65df85,exclude_unresolved_component
d5c492848e69cec57b2bf8e7,late_blight/92508617-1037-4d3f-b2c2-c9f0c15c3263___RS_Late.B 5286.JPG,late_blight,PlantVillage:Tomato___Late_blight:::75.0,verified_group,8c1ca0dda4c7b5942018ae6c,eligible_verified_subset
0b25db435148ff1459f4a967,late_blight/928b2917-6b5b-4752-859f-61d6ca57f976___GHLB2 Leaf 9070.JPG,late_blight,fallback:0b25db435148ff1459f4a967,fallback_group,0b25db435148ff1459f4a967,exclude_unresolved_component
110fb5d9f2d8d07a154fd71f,late_blight/92a458d9-e19a-4080-a7fe-ec6c83af7c0c___GHLB2 Leaf 8730.JPG,late_blight,fallback:110fb5d9f2d8d07a154fd71f,fallback_group,110fb5d9f2d8d07a154fd71f,exclude_unresolved_component
975f1ebe18214639f527a0f5,late_blight/92abb825-be04-4ddd-a5d6-68b5c3900ba6___RS_Late.B 7128.JPG,late_blight,PlantVillage:Tomato___Late_blight:::225.0,verified_group,ba73a847a3c1c25d6a75308d,eligible_verified_subset
62a37575b480ec386ba4183e,late_blight/92abc2a8-b18b-45f9-bf9a-c774cc040ac7___GHLB2 Leaf 149.2.JPG,late_blight,fallback:62a37575b480ec386ba4183e,fallback_group,62a37575b480ec386ba4183e,exclude_unresolved_component
2d26369a821c38aadaa110b6,late_blight/9309c2d7-07ea-4dfb-a79e-2e9128d38a75___GHLB2 Leaf 107.3.JPG,late_blight,fallback:2d26369a821c38aadaa110b6,fallback_group,2d26369a821c38aadaa110b6,exclude_unresolved_component
9073a0a1f05fb424277a639e,late_blight/933211e0-2013-485a-8a05-25f4dc78c41c___RS_Late.B 6281.JPG,late_blight,PlantVillage:Tomato___Late_blight:::154.0,verified_group,46d7c6a603970f5a57513922,eligible_verified_subset
7a413c26f1035124a47cfee5,late_blight/934cc025-d086-441c-8d0d-71050ab956aa___RS_Late.B 6740.JPG,late_blight,PlantVillage:Tomato___Late_blight:::188.0,verified_group,a272ddcda9b2545905cbea02,eligible_verified_subset
1e462de1a2c7b6e6700e4e1c,late_blight/938a5ed3-127f-4e05-8e96-9d2225d094c7___GHLB2 Leaf 8784.JPG,late_blight,fallback:1e462de1a2c7b6e6700e4e1c,fallback_group,1e462de1a2c7b6e6700e4e1c,exclude_unresolved_component
f9b3ae1a71dae8219cefea8a,late_blight/93ac9f1d-6694-44db-ad77-b9b8470cab1b___GHLB2 Leaf 8796.JPG,late_blight,fallback:f9b3ae1a71dae8219cefea8a,fallback_group,f9b3ae1a71dae8219cefea8a,exclude_unresolved_component
fd7af59f88d8d43ea5e4d1f6,late_blight/93c6117b-d192-4934-be00-8a6870704c78___RS_Late.B 6774.JPG,late_blight,PlantVillage:Tomato___Late_blight:::190.0,verified_group,2668841d941eafda34e8589c,eligible_verified_subset
371dc01ebeeaba636cb13b75,late_blight/93c80433-e24f-4b39-9f44-10141243b588___GHLB2 Leaf 8940.JPG,late_blight,fallback:371dc01ebeeaba636cb13b75,fallback_group,371dc01ebeeaba636cb13b75,exclude_unresolved_component
00827ddd0551134622cf4da1,late_blight/93cfbf22-96aa-4d97-ae92-9117209d23c0___RS_Late.B 6192.JPG,late_blight,PlantVillage:Tomato___Late_blight:::143.0,verified_group,2ccb8074992ac59ace19a1c1,eligible_verified_subset
25d1708953ce1499c0c9b6a5,late_blight/93fe4f89-d9a8-4a78-ad48-9a622916cc69___RS_Late.B 6416.JPG,late_blight,PlantVillage:Tomato___Late_blight:::164.0,verified_group,8041ef86dbc63ddccf2c7ed8,eligible_verified_subset
c6fce038a0323bf1a2d8f4e4,late_blight/942e670b-9e1b-4c27-a2d7-287ad07fd986___RS_Late.B 4977.JPG,late_blight,PlantVillage:Tomato___Late_blight:::28.0,verified_group,b6b7f0f012c5d55b0826b503,eligible_verified_subset
7249dd77490c781cd368c603,late_blight/943a9a43-f61d-44f5-88c0-455d5d6c4746___GHLB Leaf 14 Day 7.JPG,late_blight,fallback:7249dd77490c781cd368c603,fallback_group,7249dd77490c781cd368c603,exclude_unresolved_component
8cddb54b155e78e03f31e7bb,late_blight/94531b7b-15e2-4cd3-b6c2-cb3df21c9848___GHLB2 Leaf 8559.JPG,late_blight,fallback:8cddb54b155e78e03f31e7bb,fallback_group,8cddb54b155e78e03f31e7bb,exclude_unresolved_component
db52c7bf2e1f5419a8c3f955,late_blight/94610792-2d20-4889-9d10-f513c061a88d___RS_Late.B 5317.JPG,late_blight,PlantVillage:Tomato___Late_blight:::79.0,verified_group,661df630a47125e130ea4912,eligible_verified_subset
31dfd724116943404499d02b,late_blight/948465b0-be59-406c-a547-94647d4aaae8___RS_Late.B 6167.JPG,late_blight,PlantVillage:Tomato___Late_blight:::140.0,verified_group,005eff43d5f02508a9b1ee59,eligible_verified_subset
4d634c3aa26a6c0481b9b48b,late_blight/948bd29b-11cf-4100-8e94-bae0a34def22___RS_Late.B 6781.JPG,late_blight,PlantVillage:Tomato___Late_blight:::191.0,verified_group,4d634c3aa26a6c0481b9b48b,eligible_verified_subset
cafc373f04ada453fa15e7ab,late_blight/94b06669-5f80-4a76-9eae-8d34f6489f15___GHLB2 Leaf 8839.JPG,late_blight,fallback:cafc373f04ada453fa15e7ab,fallback_group,cafc373f04ada453fa15e7ab,exclude_unresolved_component
01b7a311065c336481315e2b,late_blight/94c26dee-30cd-4033-9009-4851daa1e00b___RS_Late.B 5068.JPG,late_blight,PlantVillage:Tomato___Late_blight:::45.0,verified_group,893de513c4ccc36919f91356,eligible_verified_subset
f132f633456979c8c0140567,late_blight/94cc1863-a527-4f26-9b08-2f3bc17ff93f___GHLB Leaf 23.3 Day 13.JPG,late_blight,fallback:f132f633456979c8c0140567,fallback_group,f132f633456979c8c0140567,exclude_unresolved_component
afb023fb8882d8679c828dda,late_blight/94f53287-b156-4ece-94a2-3c12783e4fbb___RS_Late.B 5409.JPG,late_blight,PlantVillage:Tomato___Late_blight:::91.0,verified_group,99aa2fe8087018353316641a,eligible_verified_subset
c4272b8a66c7232ed7a536b7,late_blight/952aafef-3bea-457b-aebb-1c66af1f5eb0___RS_Late.B 5020.JPG,late_blight,PlantVillage:Tomato___Late_blight:::36.0,verified_group,f7388082429a5e41ccfa7665,eligible_verified_subset
51d81e3dea9d90ab36e79246,late_blight/953f355a-fd2c-433e-8292-a8c1908e000e___GHLB2 Leaf 8853.JPG,late_blight,fallback:51d81e3dea9d90ab36e79246,fallback_group,51d81e3dea9d90ab36e79246,exclude_unresolved_component
6c2215088da95c27202a49fc,late_blight/955e9314-b03b-4f51-afdf-9b5f44e2edce___GHLB2 Leaf 9043.JPG,late_blight,fallback:6c2215088da95c27202a49fc,fallback_group,6c2215088da95c27202a49fc,exclude_unresolved_component
bdd6a64e281f1b669a620313,late_blight/956e56f5-7dcf-49be-8283-e560d7368c9a___RS_Late.B 6487.JPG,late_blight,PlantVillage:Tomato___Late_blight:::170.0,verified_group,a91d9f9c4c60cb0799553a1e,eligible_verified_subset
96612b562e330e608d8caffc,late_blight/95ced5b1-cefb-4f18-ba79-d7e2cc32c3a3___RS_Late.B 4901.JPG,late_blight,PlantVillage:Tomato___Late_blight:::13.0,verified_group,75f13f9616f910ff4ba43f7b,eligible_verified_subset
70ee4b6b09e01767150831ec,late_blight/960137a5-2b52-4349-8c33-cb8b7afed9eb___GHLB2 Leaf 8765.JPG,late_blight,fallback:70ee4b6b09e01767150831ec,fallback_group,70ee4b6b09e01767150831ec,exclude_unresolved_component
716afb89eb4b79c544e1be69,late_blight/96231bbd-d315-48e1-8631-f318b29cb60d___RS_Late.B 7080.JPG,late_blight,PlantVillage:Tomato___Late_blight:::220.0,verified_group,1c839f0b2a498bc289c7c8ed,eligible_verified_subset
28b16711b63a5f80f9bb8744,late_blight/967a0ddf-f5c4-4116-bc2b-18e1032cd8db___GHLB2 Leaf 9094.JPG,late_blight,fallback:28b16711b63a5f80f9bb8744,fallback_group,28b16711b63a5f80f9bb8744,exclude_unresolved_component
7c76ee6970cd79f9a08f204d,late_blight/96ce8f49-e1e7-4264-9a3a-4c5075f8561d___GHLB2 Leaf 8622.JPG,late_blight,fallback:7c76ee6970cd79f9a08f204d,fallback_group,7c76ee6970cd79f9a08f204d,exclude_unresolved_component
98be2252ae37de7cfa3eddae,late_blight/9718ddc7-7afb-40e4-b94a-bf86c9e0beea___GHLB2 Leaf 8642.JPG,late_blight,fallback:98be2252ae37de7cfa3eddae,fallback_group,98be2252ae37de7cfa3eddae,exclude_unresolved_component
10eb5bfe1103a7326c1fb5fd,late_blight/973b8b82-cccd-433c-a868-5dee559b2dce___GHLB Leaf 2.6 Day 12.JPG,late_blight,fallback:10eb5bfe1103a7326c1fb5fd,fallback_group,10eb5bfe1103a7326c1fb5fd,exclude_unresolved_component
6d65ad2ff2bda3fce8111113,late_blight/974a15f0-913a-41ab-b5a4-30015f159902___GHLB2 Leaf 8792.JPG,late_blight,fallback:6d65ad2ff2bda3fce8111113,fallback_group,6d65ad2ff2bda3fce8111113,exclude_unresolved_component
c68c0d5cad8698a45068e980,late_blight/9751ae34-d376-465d-9fce-ddb75caf98d2___GHLB2 Leaf 8781.JPG,late_blight,fallback:c68c0d5cad8698a45068e980,fallback_group,c68c0d5cad8698a45068e980,exclude_unresolved_component
5a8c582ca50da1b422d7a749,late_blight/975cefdc-29dc-4355-b9bb-5abd4a910654___GHLB2 Leaf 8657.JPG,late_blight,fallback:5a8c582ca50da1b422d7a749,fallback_group,5a8c582ca50da1b422d7a749,exclude_unresolved_component
274eb887877047e9dd1b052b,late_blight/9768e99b-26dd-4295-bac6-a374dc1360be___RS_Late.B 6569.JPG,late_blight,PlantVillage:Tomato___Late_blight:::175.0,verified_group,6e5296cb27eda4b2c50ae050,eligible_verified_subset
2f3c2017e9b2e20607dd8ca9,late_blight/9781d9ef-a5b7-46e9-a763-a2b03b4d703f___RS_Late.B 6885.JPG,late_blight,PlantVillage:Tomato___Late_blight:::200.0,verified_group,845d170452d6c9bd40754115,eligible_verified_subset
3dd86a015b020ada61baea5e,late_blight/97968e5a-b1d0-428c-842a-f77308212339___GHLB_PS Leaf 46.2 Day 18.jpg,late_blight,fallback:3dd86a015b020ada61baea5e,fallback_group,3dd86a015b020ada61baea5e,exclude_unresolved_component
eba31f526f2d03bca7cad4e6,late_blight/979c7630-3f70-4b8e-80eb-cbcc479e8220___RS_Late.B 5019.JPG,late_blight,PlantVillage:Tomato___Late_blight:::35.0,verified_group,1d96668c84018c31a3f3322c,eligible_verified_subset
6eeb62cf21b19bc014029539,late_blight/97cb14c0-e0e6-4acb-b387-583e12cdc859___RS_Late.B 4860.JPG,late_blight,PlantVillage:Tomato___Late_blight:::7.0,verified_group,6eeb62cf21b19bc014029539,eligible_verified_subset
16f04a2615a8c3e6fbb40f79,late_blight/97e49ab1-3159-4659-9954-518c94690a9e___RS_Late.B 5534.JPG,late_blight,PlantVillage:Tomato___Late_blight:::105.0,verified_group,aab10fbacb700124efe5607c,eligible_verified_subset
6191062bfabf89304a951997,late_blight/97f6b5cb-a2aa-4846-a306-decda7f1ad73___RS_Late.B 6127.JPG,late_blight,PlantVillage:Tomato___Late_blight:::135.0,verified_group,cae3edf1bb5c423e4c7ccb22,eligible_verified_subset
015ba044c187c68d75aa077f,late_blight/98191f19-1c33-45bd-bfe6-b768174460ef___GHLB2 Leaf 8794.JPG,late_blight,fallback:015ba044c187c68d75aa077f,fallback_group,015ba044c187c68d75aa077f,exclude_unresolved_component
e823649bed8bf9fe953ef782,late_blight/9823fb17-3426-48be-a3de-ed8a3d742674___RS_Late.B 6320.JPG,late_blight,PlantVillage:Tomato___Late_blight:::158.0,verified_group,cfbd035740a8a7bbb15f114d,eligible_verified_subset
b8d5c8340fa498b77da34e81,late_blight/98288f42-3067-4117-9e1d-d4a6b88f16eb___RS_Late.B 5545.JPG,late_blight,PlantVillage:Tomato___Late_blight:::107.0,verified_group,b8d5c8340fa498b77da34e81,eligible_verified_subset
3e5c309f6a2cbd9d4c112e38,late_blight/98586693-fe1f-4ea0-8e27-4501b61cf09b___GHLB_PS Leaf 23.5 Day 13.jpg,late_blight,fallback:3e5c309f6a2cbd9d4c112e38,fallback_group,3e5c309f6a2cbd9d4c112e38,exclude_unresolved_component
8136393a40a9a1d23820a4d7,late_blight/989d984b-eaef-4ae1-a850-c2ae65961bdf___GHLB2 Leaf 9026.JPG,late_blight,fallback:8136393a40a9a1d23820a4d7,fallback_group,8136393a40a9a1d23820a4d7,exclude_unresolved_component
18768172fee6de88bcb195c9,late_blight/98a95140-e62b-4234-b435-914d67d0afb1___RS_Late.B 6027.JPG,late_blight,PlantVillage:Tomato___Late_blight:::122.0,verified_group,a7313cac9cd325ff1ea07edc,eligible_verified_subset
928cac949fd2fa28eca522c1,late_blight/98ae3801-450e-493f-aca0-014520cfaf6e___GHLB_PS Leaf 29.1 Day 12.jpg,late_blight,fallback:928cac949fd2fa28eca522c1,fallback_group,928cac949fd2fa28eca522c1,exclude_unresolved_component
c1b2de958a905518e0c54dfe,late_blight/98c02c7b-95b3-4714-8837-0df2d929a39e___GHLB2 Leaf 8700.JPG,late_blight,fallback:c1b2de958a905518e0c54dfe,fallback_group,c1b2de958a905518e0c54dfe,exclude_unresolved_component
a1a899fb354200a2763a5c18,late_blight/98d99dcc-6922-4b11-9b64-7e75440da1a8___RS_Late.B 5095.JPG,late_blight,PlantVillage:Tomato___Late_blight:::51.0,verified_group,1645982c80dd7ebb91942b2e,eligible_verified_subset
ed77ad9bce5f8b45ccdb719e,late_blight/98e780fb-2eab-49ab-89c0-6e2b3516a461___GHLB2 Leaf 8610.JPG,late_blight,fallback:ed77ad9bce5f8b45ccdb719e,fallback_group,ed77ad9bce5f8b45ccdb719e,exclude_unresolved_component
ea894c5b6bb63379fedaa29b,late_blight/98f98ff0-04fc-4c8d-ae01-baf0e9a25572___GHLB Leaf 8.1 Day 6.JPG,late_blight,fallback:ea894c5b6bb63379fedaa29b,fallback_group,ea894c5b6bb63379fedaa29b,exclude_unresolved_component
b87f1dd2dba58dc8f0044019,late_blight/993825d6-dbbd-41b8-9993-c68c3504eff8___GHLB_PS Leaf 36 Day 13.jpg,late_blight,fallback:b87f1dd2dba58dc8f0044019,fallback_group,b87f1dd2dba58dc8f0044019,exclude_unresolved_component
b76e47a737370aa692fda5bc,late_blight/993a04d9-3bfe-4cd2-8f89-981a0bb2405c___RS_Late.B 4956.JPG,late_blight,PlantVillage:Tomato___Late_blight:::23.0,verified_group,2f7a48fcfbbbe47c869222ca,eligible_verified_subset
e915220b7e5e6f0fab967150,late_blight/993ba935-925c-411c-887f-b06670d884c6___GHLB2 Leaf 100.1.JPG,late_blight,fallback:e915220b7e5e6f0fab967150,fallback_group,1c6d84f8fa11ef387f5fa4b5,exclude_unresolved_component
e560be3b87f526834381ee88,late_blight/994043ad-6d4c-4ab8-b825-45e61317bce8___GHLB2 Leaf 8829.JPG,late_blight,fallback:e560be3b87f526834381ee88,fallback_group,e560be3b87f526834381ee88,exclude_unresolved_component
1c826f91c70932d7b713922e,late_blight/997f68ef-5b78-40e8-a2d2-a91f304cd9c5___RS_Late.B 4944.JPG,late_blight,PlantVillage:Tomato___Late_blight:::21.0,verified_group,b2ac6ef2dc08a64e717d1210,eligible_verified_subset
fd3e00571659ce1cf41edb97,late_blight/998dafd6-dac5-41f7-84d9-f96c9593dda3___RS_Late.B 7075.JPG,late_blight,PlantVillage:Tomato___Late_blight:::219.0,verified_group,d91fb5ece1137b1f3411888a,eligible_verified_subset
8f9511ba364f74bc293d9ea2,late_blight/99c51d74-a688-4723-bab4-b9b0dba2ad3c___GHLB2 Leaf 145.1.JPG,late_blight,fallback:8f9511ba364f74bc293d9ea2,fallback_group,8f9511ba364f74bc293d9ea2,exclude_unresolved_component
bfff6dab627f06df854a1ab8,late_blight/9a1a1ad7-f715-40a5-b136-0e0d1618ef60___RS_Late.B 6120.JPG,late_blight,PlantVillage:Tomato___Late_blight:::134.0,verified_group,a8cee74c1833d3b3d40ce3a8,eligible_verified_subset
9332a95404b427591de3860e,late_blight/9a298d6c-723d-483c-bec6-c64f99065677___RS_Late.B 6956.JPG,late_blight,PlantVillage:Tomato___Late_blight:::207.0,verified_group,f3e4bb528ff6cc10e66dce6e,eligible_verified_subset
a8e6997b5824ece23641f456,late_blight/9a4627a2-053d-443b-9135-7c1a913b63c4___GHLB Leaf 25.1 Day 12.JPG,late_blight,fallback:a8e6997b5824ece23641f456,fallback_group,a8e6997b5824ece23641f456,exclude_unresolved_component
ce4a29f1a9f5ebd0d09ff9ff,late_blight/9aaf4a7d-12ac-457a-a18c-1f7ea13065de___RS_Late.B 5179.JPG,late_blight,PlantVillage:Tomato___Late_blight:::65.0,verified_group,c1a8d1070416f931d723a849,eligible_verified_subset
acb9e1268dfcc5a93ce1cd3a,late_blight/9adeaa24-183e-4403-b899-6fdce79ed524___RS_Late.B 6023.JPG,late_blight,PlantVillage:Tomato___Late_blight:::122.0,verified_group,a7313cac9cd325ff1ea07edc,eligible_verified_subset
d8e2f1b0dfff46d48387d498,late_blight/9afc2537-1b13-4c25-b5ed-5b8de511b0ab___GHLB2 Leaf 9033.JPG,late_blight,fallback:d8e2f1b0dfff46d48387d498,fallback_group,d8e2f1b0dfff46d48387d498,exclude_unresolved_component
a15edf3b6154271f57dac531,late_blight/9b0836db-9e56-4dc2-ba79-2d02907eaee1___GHLB2 Leaf 9048.JPG,late_blight,fallback:a15edf3b6154271f57dac531,fallback_group,a15edf3b6154271f57dac531,exclude_unresolved_component
7d201ef09630468fce7bb6d9,late_blight/9b4df340-b1bf-4294-a275-1bc0d9b64ff6___GHLB2ES Leaf 138.1.JPG,late_blight,fallback:7d201ef09630468fce7bb6d9,fallback_group,7d201ef09630468fce7bb6d9,exclude_unresolved_component
1284ca565f076696f505c891,late_blight/9b75e0b6-342b-4409-a02d-598e661160a6___GHLB2 Leaf 75.JPG,late_blight,fallback:1284ca565f076696f505c891,fallback_group,1284ca565f076696f505c891,exclude_unresolved_component
a84e754280f3f24d3ff7058f,late_blight/9bb49d22-976d-40c3-bc9a-bff5cbbd8e28___RS_Late.B 5057.JPG,late_blight,PlantVillage:Tomato___Late_blight:::43.0,verified_group,e91028a59cc133e07aa2eea9,eligible_verified_subset
e1e57741d19e4f717ab76610,late_blight/9bd2db81-5615-49e0-8697-e38d34b5a2ca___GHLB_PS Leaf 24.2 Day 13.jpg,late_blight,fallback:e1e57741d19e4f717ab76610,fallback_group,e1e57741d19e4f717ab76610,exclude_unresolved_component
a3bb9e6caa4473854070048f,late_blight/9bf7479a-5809-48ad-90f7-f4dd4cb9a82b___RS_Late.B 6902.JPG,late_blight,PlantVillage:Tomato___Late_blight:::202.0,verified_group,2d8bddc6c5caa1fd5a91811a,eligible_verified_subset
8d8f970e6c7914d202190946,late_blight/9c02c389-6bdc-45d6-96ca-bce46283d2ab___GHLB2 Leaf 8660.JPG,late_blight,fallback:8d8f970e6c7914d202190946,fallback_group,8d8f970e6c7914d202190946,exclude_unresolved_component
12b251dc734c3adaae2d3b4e,late_blight/9c0d321d-1b14-40df-a9fe-1c6b8e10f13b___GHLB2 Leaf 8770.JPG,late_blight,fallback:12b251dc734c3adaae2d3b4e,fallback_group,12b251dc734c3adaae2d3b4e,exclude_unresolved_component
21b4cec9310990be1c8087b5,late_blight/9c274db5-2f89-4f3c-b9e2-4d5ebc54ddad___GHLB2 Leaf 9096.JPG,late_blight,fallback:21b4cec9310990be1c8087b5,fallback_group,21b4cec9310990be1c8087b5,exclude_unresolved_component
4fe33490505a94df7e08a53a,late_blight/9c27b4ce-ee62-4251-b5c8-93b499d73811___RS_Late.B 6723.JPG,late_blight,PlantVillage:Tomato___Late_blight:::187.0,verified_group,b7052b4a326c6daab903e6d6,eligible_verified_subset
ffa42a721a744c4c99af4ed2,late_blight/9c2ddeef-9d65-4b77-9b1d-3031d49791db___RS_Late.B 5309.JPG,late_blight,PlantVillage:Tomato___Late_blight:::77.0,verified_group,699c2b6c0b824345deb53c1c,eligible_verified_subset
a70eefcc007e2f96be726f62,late_blight/9c6ebcdb-460b-431d-88d7-56beddc7a490___RS_Late.B 7002.JPG,late_blight,PlantVillage:Tomato___Late_blight:::212.0,verified_group,ec4cbb23447d47c3544a3916,eligible_verified_subset
ccb635b21b03e4760da801a9,late_blight/9c726f4e-045b-4080-b53d-d7e66d45bcb1___RS_Late.B 4876.JPG,late_blight,PlantVillage:Tomato___Late_blight:::10.0,verified_group,66dcba2e4169220e0831f11c,eligible_verified_subset
13df868b0519b9f8c89c1b50,late_blight/9c749114-89e9-49ee-a549-5b8bbf8da543___GHLB2 Leaf 119.JPG,late_blight,fallback:13df868b0519b9f8c89c1b50,fallback_group,13df868b0519b9f8c89c1b50,exclude_unresolved_component
49eab1e46395f9bf32fcbdde,late_blight/9c8ae903-054b-4c55-bce9-5a1752771123___GHLB2 Leaf 8855.JPG,late_blight,fallback:49eab1e46395f9bf32fcbdde,fallback_group,49eab1e46395f9bf32fcbdde,exclude_unresolved_component
fd7b8539d30f3e7f56a5fef6,late_blight/9cb4cbdd-147f-4cfe-a30a-dd003520f0dc___GHLB2 Leaf 8988.JPG,late_blight,fallback:fd7b8539d30f3e7f56a5fef6,fallback_group,fd7b8539d30f3e7f56a5fef6,exclude_unresolved_component
7e611996c9a05b259f73318b,late_blight/9ce46f18-eccc-4dc4-aa01-f41ad7e6e7fb___GHLB2 Leaf 8544.JPG,late_blight,fallback:7e611996c9a05b259f73318b,fallback_group,7e611996c9a05b259f73318b,exclude_unresolved_component
84c82846a95e0604462abf60,late_blight/9cea37cf-f81c-464d-9379-13026d428cc9___RS_Late.B 5344.JPG,late_blight,PlantVillage:Tomato___Late_blight:::82.0,verified_group,4b9a7238b4669b9df5052199,eligible_verified_subset
d8fcb3db3ba76a54567ad973,late_blight/9cfd45ac-fe8d-4962-90e8-b78a85908892___RS_Late.B 6221.JPG,late_blight,PlantVillage:Tomato___Late_blight:::146.0,verified_group,cf2a0bedfe4d885e68ba9616,eligible_verified_subset
ea3b9e198bec0b45338e72c5,late_blight/9d2ecf1a-640b-4427-9092-0ce7c08cb6d0___GHLB2 Leaf 8611.JPG,late_blight,fallback:ea3b9e198bec0b45338e72c5,fallback_group,ea3b9e198bec0b45338e72c5,exclude_unresolved_component
4f4296ac4766c589abb67049,late_blight/9d71e1ca-5f24-4932-8b15-e280f6582c95___GHLB2 Leaf 94.1.JPG,late_blight,fallback:4f4296ac4766c589abb67049,fallback_group,4f4296ac4766c589abb67049,exclude_unresolved_component
a5de5d6dff8723ef1fd9e224,late_blight/9d849fe1-407c-44dc-9f48-92fd23d0887d___GHLB2 Leaf 8624.JPG,late_blight,fallback:a5de5d6dff8723ef1fd9e224,fallback_group,a5de5d6dff8723ef1fd9e224,exclude_unresolved_component
b933846ab48e50b8ae562fd2,late_blight/9d933bc8-f52e-4000-9ecb-d0d465c5c3ee___RS_Late.B 6660.JPG,late_blight,PlantVillage:Tomato___Late_blight:::182.0,verified_group,84a4dfdb14e1062e839f93b6,eligible_verified_subset
611c864f50f257d72060d4ef,late_blight/9e5dd34f-124c-4a64-ba9f-77c8d05faa9c___GHLB2 Leaf 8749.JPG,late_blight,fallback:611c864f50f257d72060d4ef,fallback_group,611c864f50f257d72060d4ef,exclude_unresolved_component
9bb66836e9450e933c649842,late_blight/9e633823-3dde-450c-8172-733021e4dff0___RS_Late.B 6414.JPG,late_blight,PlantVillage:Tomato___Late_blight:::164.0,verified_group,8041ef86dbc63ddccf2c7ed8,eligible_verified_subset
07e7f8b20757285f19e97b87,late_blight/9eb4d497-0c22-4f14-b779-4d2df664f25a___RS_Late.B 7158.JPG,late_blight,PlantVillage:Tomato___Late_blight:::229.0,verified_group,70208b11c112ff318ddc768f,eligible_verified_subset
31c31a9674b5799c489e475c,late_blight/9ec534c9-70e3-43de-876e-3bfd87ef324c___RS_Late.B 5163.JPG,late_blight,PlantVillage:Tomato___Late_blight:::63.0,verified_group,c611c867e9b102595c60cbc0,eligible_verified_subset
ae7db6b1dce9ce9ed70affb7,late_blight/9ec6c8fd-4dfe-4dc6-bc1f-72488053da67___GHLB Leaf 2.4 Day 12.JPG,late_blight,fallback:ae7db6b1dce9ce9ed70affb7,fallback_group,ae7db6b1dce9ce9ed70affb7,exclude_unresolved_component
79cdbf305b6cfd3669eb9a7b,late_blight/9ecb8001-2f48-4487-b287-535dbcfb5c2f___RS_Late.B 6206.JPG,late_blight,PlantVillage:Tomato___Late_blight:::145.0,verified_group,b2c0f6efc52e40338ca3752e,eligible_verified_subset
139118d6183ad94825af3753,late_blight/9ed7a670-72d9-4bb7-adcb-6aeb2eecb5db___GHLB Leaf 23.5 Day 12.JPG,late_blight,fallback:139118d6183ad94825af3753,fallback_group,139118d6183ad94825af3753,exclude_unresolved_component
1c0f5941971d7d6389e96b64,late_blight/9ed83599-49d6-479c-a69b-a133d9aee606___GHLB_PS Leaf 1.3 Day 13.jpg,late_blight,fallback:1c0f5941971d7d6389e96b64,fallback_group,1c0f5941971d7d6389e96b64,exclude_unresolved_component
b154074f22162031fde9197b,late_blight/9f28c915-c41b-41d7-a9d4-f3620cd9360f___GHLB2 Leaf 8728.JPG,late_blight,fallback:b154074f22162031fde9197b,fallback_group,b154074f22162031fde9197b,exclude_unresolved_component
e3601fe7eaf8c054c6079eef,late_blight/9f53a994-d5a5-4b15-82ae-a66c893b5e83___RS_Late.B 4865.JPG,late_blight,PlantVillage:Tomato___Late_blight:::8.0,verified_group,3356d96b147079e0bb9fc283,eligible_verified_subset
d53cf097ea099cdebae1a8d5,late_blight/9f79bf03-7797-491c-98c8-e7fd2c49f435___RS_Late.B 5520.JPG,late_blight,PlantVillage:Tomato___Late_blight:::104.0,verified_group,6de15803551dc102d4872fda,eligible_verified_subset
97861c90f2bf5532d92bd93c,late_blight/9f7dcd60-e691-4c1e-830e-7495f7cc123d___RS_Late.B 6166.JPG,late_blight,PlantVillage:Tomato___Late_blight:::140.0,verified_group,005eff43d5f02508a9b1ee59,eligible_verified_subset
365ecabd83656fe9a9c69afe,late_blight/9f824326-5b34-4f6d-b500-a184cc984d0a___RS_Late.B 5382.JPG,late_blight,PlantVillage:Tomato___Late_blight:::86.0,verified_group,4634197999925faf893c9368,eligible_verified_subset
327dcb8e1b787f64099767c8,late_blight/9f946f43-424a-41be-9f91-b14fa3f2b37a___GHLB2 Leaf 8892.JPG,late_blight,fallback:327dcb8e1b787f64099767c8,fallback_group,327dcb8e1b787f64099767c8,exclude_unresolved_component
a905b03a2421c7f8b06d27a6,late_blight/a01034d4-69a1-4a6f-b05a-9561acba2ff2___GHLB2 Leaf 9057.JPG,late_blight,fallback:a905b03a2421c7f8b06d27a6,fallback_group,a905b03a2421c7f8b06d27a6,exclude_unresolved_component
08d5000ca4ef870a6f46c54a,late_blight/a02557d9-976b-4b21-8318-aecef263f90c___GHLB2 Leaf 8649.JPG,late_blight,fallback:08d5000ca4ef870a6f46c54a,fallback_group,08d5000ca4ef870a6f46c54a,exclude_unresolved_component
a58b3608cf8f5dca7baa8b0f,late_blight/a03417ff-445e-429e-aa3e-d90c23886f6e___RS_Late.B 6356.JPG,late_blight,PlantVillage:Tomato___Late_blight:::160.0,verified_group,028294c6038ba5f944edbd25,eligible_verified_subset
2e9f8ca67bb71d8dccb68eda,late_blight/a0616fa9-80fb-497d-8791-a9689aecb27f___GHLB2 Leaf 150.2.JPG,late_blight,fallback:2e9f8ca67bb71d8dccb68eda,fallback_group,2e9f8ca67bb71d8dccb68eda,exclude_unresolved_component
38f5f94e3b08ce7dde963e5e,late_blight/a06cd325-69d3-476c-a515-7e836bb39f3a___RS_Late.B 7126.JPG,late_blight,PlantVillage:Tomato___Late_blight:::225.0,verified_group,ba73a847a3c1c25d6a75308d,eligible_verified_subset
03e5a448430ebbf734210b8f,late_blight/a06d18d4-0c8d-4ebc-ba9b-19f004a67eea___GHLB2ES Leaf 63.JPG,late_blight,fallback:03e5a448430ebbf734210b8f,fallback_group,03e5a448430ebbf734210b8f,exclude_unresolved_component
13b1ee01aea9e24ad425a58b,late_blight/a07a8ed5-dbed-4299-96ef-18bc1ffcab3b___GHLB2 Leaf 68.JPG,late_blight,fallback:13b1ee01aea9e24ad425a58b,fallback_group,13b1ee01aea9e24ad425a58b,exclude_unresolved_component
80b0d93ad5747c9e59f54ce0,late_blight/a07f7609-5248-4cbc-a277-5d962e1d0dd1___GHLB2 Leaf 148.4.JPG,late_blight,fallback:80b0d93ad5747c9e59f54ce0,fallback_group,80b0d93ad5747c9e59f54ce0,exclude_unresolved_component
e295d05ac5a1d3e3276927a9,late_blight/a0cdaa93-f328-466d-9722-57a29c53e18b___RS_Late.B 7006.JPG,late_blight,PlantVillage:Tomato___Late_blight:::213.0,verified_group,f7ea33fa99809422e390fcb8,eligible_verified_subset
fc4d9b76eb3aaf50aabc2de4,late_blight/a0f74b23-b001-4cb9-8a79-f80bda4cc8e8___GHLB2 Leaf 9018.JPG,late_blight,fallback:fc4d9b76eb3aaf50aabc2de4,fallback_group,fc4d9b76eb3aaf50aabc2de4,exclude_unresolved_component
3dea61983bfd017e68594005,late_blight/a0fe466c-9953-4458-9621-65377e474227___RS_Late.B 6973.JPG,late_blight,PlantVillage:Tomato___Late_blight:::209.0,verified_group,2e6e70c5d138b8b67477e899,eligible_verified_subset
9d7e8c65f83e22ebc30a433e,late_blight/a131e222-7e0f-4cb8-8527-4742e446372e___GHLB2 Leaf 8811.JPG,late_blight,fallback:9d7e8c65f83e22ebc30a433e,fallback_group,9d7e8c65f83e22ebc30a433e,exclude_unresolved_component
b9f875e2653db955807f3d04,late_blight/a1df42a3-9ea0-491b-a075-14b6ae8068dd___GHLB2 Leaf 8664.JPG,late_blight,fallback:b9f875e2653db955807f3d04,fallback_group,b9f875e2653db955807f3d04,exclude_unresolved_component
e7f45fc0ac9d5448bb1dc160,late_blight/a1f1f31f-36ab-49a9-bfb4-aa21ed90dfbc___RS_Late.B 4874.JPG,late_blight,PlantVillage:Tomato___Late_blight:::10.0,verified_group,66dcba2e4169220e0831f11c,eligible_verified_subset
fc03c810c6c2d10ff936f586,late_blight/a1f7a744-1d30-4343-992c-b1521d924094___GHLB2 Leaf 8563.JPG,late_blight,fallback:fc03c810c6c2d10ff936f586,fallback_group,fc03c810c6c2d10ff936f586,exclude_unresolved_component
f6dab3567be640ea2f6fe4c7,late_blight/a202fc9d-50ed-43eb-9a75-348348549924___GHLB2 Leaf 8736.JPG,late_blight,fallback:f6dab3567be640ea2f6fe4c7,fallback_group,f6dab3567be640ea2f6fe4c7,exclude_unresolved_component
1f9194967d01786e8d8ded28,late_blight/a20b95be-e0c6-4cd4-b8ec-fa955d9eb01d___GHLB2 Leaf 9045.JPG,late_blight,fallback:1f9194967d01786e8d8ded28,fallback_group,1f9194967d01786e8d8ded28,exclude_unresolved_component
eeb538d0fcb6d7463db8cfde,late_blight/a2405206-ef97-4d3c-b143-ec07ac51f89e___GHLB2 Leaf 8555.JPG,late_blight,fallback:eeb538d0fcb6d7463db8cfde,fallback_group,eeb538d0fcb6d7463db8cfde,exclude_unresolved_component
72e4f788ff5bb71b53ed7213,late_blight/a38d671f-4582-4ee9-b994-63f2343821e8___GHLB2 Leaf 8592.JPG,late_blight,fallback:72e4f788ff5bb71b53ed7213,fallback_group,72e4f788ff5bb71b53ed7213,exclude_unresolved_component
11ca79269a6a52eb5f5c2adf,late_blight/a3bc64bb-72e4-421b-8233-04ca788f6fe3___RS_Late.B 5450.JPG,late_blight,PlantVillage:Tomato___Late_blight:::96.0,verified_group,536ff2a87eadac8a52afeead,eligible_verified_subset
70acb0d03ca2c05a225de43b,late_blight/a3deb552-d098-4b15-992a-d6f2fc49ae4c___GHLB2 Leaf 109.1.JPG,late_blight,fallback:70acb0d03ca2c05a225de43b,fallback_group,8218e6ce78b841a293fe65e7,exclude_unresolved_component
5af37eb82d16892a8016746b,late_blight/a4008f85-d333-4ca8-87c2-e8c9c68ed19a___RS_Late.B 6461.JPG,late_blight,PlantVillage:Tomato___Late_blight:::168.0,verified_group,5af37eb82d16892a8016746b,eligible_verified_subset
97057b56fc1687efc9116bf3,late_blight/a41982b4-98ca-40de-a386-96e865a3dd21___RS_Late.B 6138.JPG,late_blight,PlantVillage:Tomato___Late_blight:::137.0,verified_group,5d2de855641764e72048baf0,eligible_verified_subset
dc3e7ba9a1dedd2db668df84,late_blight/a4547675-5ca9-48de-a334-deb20db0808c___GHLB_PS Leaf 34 Day 13.jpg,late_blight,fallback:dc3e7ba9a1dedd2db668df84,fallback_group,dc3e7ba9a1dedd2db668df84,exclude_unresolved_component
10d178fb74c5d90f6feadbf1,late_blight/a46c23d8-f06e-4abd-9ab8-fb75540fa820___GHLB2 Leaf 8615.JPG,late_blight,fallback:10d178fb74c5d90f6feadbf1,fallback_group,10d178fb74c5d90f6feadbf1,exclude_unresolved_component
6c9b429acc3f36ecf9246bbb,late_blight/a4a85f99-e178-4f06-83ba-230048d3446e___GHLB2 Leaf 162.2.JPG,late_blight,fallback:6c9b429acc3f36ecf9246bbb,fallback_group,6c9b429acc3f36ecf9246bbb,exclude_unresolved_component
23f657787b620f58a96a40f1,late_blight/a4c94aed-b771-4e61-bbd6-dab1e94a3a47___GHLB2 Leaf 8928.JPG,late_blight,fallback:23f657787b620f58a96a40f1,fallback_group,23f657787b620f58a96a40f1,exclude_unresolved_component
da23a44b709fd6645b9aa4f9,late_blight/a4cdb993-ba37-45c5-b845-ed5650516b39___GHLB2 Leaf 8878.JPG,late_blight,fallback:da23a44b709fd6645b9aa4f9,fallback_group,da23a44b709fd6645b9aa4f9,exclude_unresolved_component
4724c2eec09e8becf2267368,late_blight/a4dd9b8a-c4bc-40c2-87f2-686a36789b2c___RS_Late.B 5500.JPG,late_blight,PlantVillage:Tomato___Late_blight:::103.0,verified_group,adb2a9e135be4dea79d604ef,eligible_verified_subset
74ad553ac07a1dce737ada9d,late_blight/a4e72582-b214-412a-a3ae-5a75da76973f___RS_Late.B 6884.JPG,late_blight,PlantVillage:Tomato___Late_blight:::200.0,verified_group,845d170452d6c9bd40754115,eligible_verified_subset
8934ff64275fe776513e9ff1,late_blight/a5278b93-6815-488a-b359-27edb3ff7220___RS_Late.B 5381.JPG,late_blight,PlantVillage:Tomato___Late_blight:::86.0,verified_group,4634197999925faf893c9368,eligible_verified_subset
db3769cca010fcb0c6f66cf6,late_blight/a54133fc-459a-4e56-88e3-51ca0aeffadd___RS_Late.B 6258.JPG,late_blight,PlantVillage:Tomato___Late_blight:::150.0,verified_group,60544535ed572e0b08f51051,eligible_verified_subset
40e9892ce37f4bb5503158d2,late_blight/a58b9916-46bd-49c2-b26e-de46080fdeee___GHLB2 Leaf 8879.JPG,late_blight,fallback:40e9892ce37f4bb5503158d2,fallback_group,40e9892ce37f4bb5503158d2,exclude_unresolved_component
027677f21a5a218be99606f9,late_blight/a58d9924-0f70-44f3-ac76-1c2d7fc238e1___RS_Late.B 5086.JPG,late_blight,PlantVillage:Tomato___Late_blight:::49.0,verified_group,4c123ca914c202f78fc89a34,eligible_verified_subset
a5cec69509d9cf6745397fe3,late_blight/a59f35a2-f548-4e6f-8784-c106af003c33___GHLB_PS Leaf 25.1 Day 16.jpg,late_blight,fallback:a5cec69509d9cf6745397fe3,fallback_group,a5cec69509d9cf6745397fe3,exclude_unresolved_component
f6c8ac26b00d4e474a6e86ab,late_blight/a5a9303d-5e02-4fcb-89be-86c5466d8a04___RS_Late.B 6084.JPG,late_blight,PlantVillage:Tomato___Late_blight:::130.0,verified_group,d6ab58b31709916f4ef7cb76,eligible_verified_subset
77fe230d32f5843431a0a08d,late_blight/a5af0d83-aba8-4353-bfa4-ea4f959d9787___GHLB2 Leaf 9052.JPG,late_blight,fallback:77fe230d32f5843431a0a08d,fallback_group,77fe230d32f5843431a0a08d,exclude_unresolved_component
29c58efea4987e4a30e9cb0c,late_blight/a5d04e98-7eb0-487a-a000-34455226557f___RS_Late.B 6800.JPG,late_blight,PlantVillage:Tomato___Late_blight:::193.0,verified_group,ceb571dab10a7a9f5e89a769,eligible_verified_subset
7651c11f28cb2a5d87a55a99,late_blight/a5d564de-39c2-4f69-935f-3f1036dfd2db___GHLB2 Leaf 8806.JPG,late_blight,fallback:7651c11f28cb2a5d87a55a99,fallback_group,7651c11f28cb2a5d87a55a99,exclude_unresolved_component
c4dd7efc2b3844353eda2af9,late_blight/a5d9410b-4ca9-494f-ba13-c7a01c48fa49___RS_Late.B 7147.JPG,late_blight,PlantVillage:Tomato___Late_blight:::228.0,verified_group,d31c19c415f7d58f6420ffea,eligible_verified_subset
626093d7b1fb843f6774288c,late_blight/a5e71962-bf6d-486d-ab54-14004feb76da___RS_Late.B 6088.JPG,late_blight,PlantVillage:Tomato___Late_blight:::131.0,verified_group,0999aa3a625a98037e33515a,eligible_verified_subset
902f805b6b1fd60940a564b8,late_blight/a5ef7726-d20f-4109-985f-7fc8989e4aa5___GHLB_PS Leaf 2.2 Day 8.jpg,late_blight,fallback:902f805b6b1fd60940a564b8,fallback_group,902f805b6b1fd60940a564b8,exclude_unresolved_component
d61d8a61428955777f8fe1e8,late_blight/a5f089d1-5a8e-4c1f-bcc2-c1154c28e824___GHLB2 Leaf 8926.JPG,late_blight,fallback:d61d8a61428955777f8fe1e8,fallback_group,d61d8a61428955777f8fe1e8,exclude_unresolved_component
dd1b4d5cf77fdda59069f12d,late_blight/a5fbcb1e-c1f2-4cc9-b69b-24ce89f7ec7a___RS_Late.B 5585.JPG,late_blight,PlantVillage:Tomato___Late_blight:::113.0,verified_group,44480b76022af3f4a9078302,eligible_verified_subset
9eecb448429d84d08ccec860,late_blight/a5fe1111-38b0-4206-9ac7-3eec701beb79___GHLB2 Leaf 8868.JPG,late_blight,fallback:9eecb448429d84d08ccec860,fallback_group,9eecb448429d84d08ccec860,exclude_unresolved_component
3a15160dc17f48caa153196d,late_blight/a6007dbc-3a2f-4c1e-9ec6-28d7d3a17f28___GHLB_PS Leaf 13 Day 8.jpg,late_blight,fallback:3a15160dc17f48caa153196d,fallback_group,3a15160dc17f48caa153196d,exclude_unresolved_component
41e7cf4d1e76f1278df82563,late_blight/a6154a52-2013-4b02-9682-f8c5b0b6c17a___GHLB2 Leaf 64.JPG,late_blight,fallback:41e7cf4d1e76f1278df82563,fallback_group,41e7cf4d1e76f1278df82563,exclude_unresolved_component
f4ee23bef5a83362f39478fd,late_blight/a617c469-1174-43ab-910f-0c31a09dd0be___RS_Late.B 6085.JPG,late_blight,PlantVillage:Tomato___Late_blight:::131.0,verified_group,0999aa3a625a98037e33515a,eligible_verified_subset
7c76f2266e6466e9e4664e74,late_blight/a63289bd-bdf3-4092-a460-2fa5138379be___RS_Late.B 7049.JPG,late_blight,PlantVillage:Tomato___Late_blight:::216.0,verified_group,1422d02b742fd6aab8258dd7,eligible_verified_subset
4d04211198ed2a8f68ba1bde,late_blight/a63362e0-5e9f-4056-b66b-2f3fc23ea932___GHLB2 Leaf 111.2.JPG,late_blight,fallback:4d04211198ed2a8f68ba1bde,fallback_group,4d04211198ed2a8f68ba1bde,exclude_unresolved_component
a0aad6282e9f5c8aa843af3d,late_blight/a647b254-deb0-427d-89e4-05eedfeeffea___RS_Late.B 5106.JPG,late_blight,PlantVillage:Tomato___Late_blight:::53.0,verified_group,637df8a8511338a3e36156bb,eligible_verified_subset
ada779c20ce605278fa879a3,late_blight/a65ce89e-dc42-4ef6-ae82-68017cec5884___GHLB2 Leaf 8653.JPG,late_blight,fallback:ada779c20ce605278fa879a3,fallback_group,ada779c20ce605278fa879a3,exclude_unresolved_component
3efeb3b7d89a2a9d01de2ad2,late_blight/a67418bb-f556-4b1d-ac63-839c4ea89b43___RS_Late.B 6914.JPG,late_blight,PlantVillage:Tomato___Late_blight:::204.0,verified_group,22b1b6a125d8972e35cbfea5,eligible_verified_subset
89d5423d097f99cee321f976,late_blight/a67ce05c-3102-4dd9-ac63-872a526f5ae8___RS_Late.B 6124.JPG,late_blight,PlantVillage:Tomato___Late_blight:::134.0,verified_group,a8cee74c1833d3b3d40ce3a8,eligible_verified_subset
373f9f1309db69446f49aea9,late_blight/a6876e29-dc0f-4716-bd3c-eedc9f45cf70___GHLB_PS Leaf 41 Day 18.jpg,late_blight,fallback:373f9f1309db69446f49aea9,fallback_group,373f9f1309db69446f49aea9,exclude_unresolved_component
78615661bf415e62a74218eb,late_blight/a6a07e9c-1300-48df-bd43-6c0631bb3ced___RS_Late.B 4958.JPG,late_blight,PlantVillage:Tomato___Late_blight:::24.0,verified_group,f908fda8332386871a37f606,eligible_verified_subset
dfa0e3f52a21f4343084092c,late_blight/a6b6fba1-bd00-4934-9029-ed51c46ed962___RS_Late.B 4894.JPG,late_blight,PlantVillage:Tomato___Late_blight:::12.0,verified_group,31b6772f4442b03557743b91,eligible_verified_subset
b36a857de60a361f44aa9dbb,late_blight/a6b94272-9bb5-495e-bce4-2622d2ea34f5___GHLB Leaf 25.2 Day 12.JPG,late_blight,fallback:b36a857de60a361f44aa9dbb,fallback_group,b36a857de60a361f44aa9dbb,exclude_unresolved_component
18160f280f6a1338333878fc,late_blight/a6c7381f-fcfb-484b-a2f5-a435b66f5ea2___GHLB2 Leaf 112.JPG,late_blight,fallback:18160f280f6a1338333878fc,fallback_group,18160f280f6a1338333878fc,exclude_unresolved_component
a9e02e83d010b970a75084ed,late_blight/a7049041-4ef3-4c55-b4bf-7721ca5630f4___RS_Late.B 5142.JPG,late_blight,PlantVillage:Tomato___Late_blight:::60.0,verified_group,6efc3f19b8bcb76f4282b429,eligible_verified_subset
fca9a1d0613451af64da12b1,late_blight/a7064909-ea8b-4775-8323-f76c774fa5b5___GHLB2 Leaf 85.1.JPG,late_blight,fallback:fca9a1d0613451af64da12b1,fallback_group,fca9a1d0613451af64da12b1,exclude_unresolved_component
48c6dc52ac736a10bac3a27e,late_blight/a710379a-3b85-435c-8b46-7a177b42ff52___GHLB2 Leaf 8906.JPG,late_blight,fallback:48c6dc52ac736a10bac3a27e,fallback_group,48c6dc52ac736a10bac3a27e,exclude_unresolved_component
37fa1b5466a721731a7bccdd,late_blight/a72398fc-23d1-4cb5-9331-d06fb7a13c7f___GHLB2 Leaf 8978.JPG,late_blight,fallback:37fa1b5466a721731a7bccdd,fallback_group,37fa1b5466a721731a7bccdd,exclude_unresolved_component
993520373798260940654c30,late_blight/a757db7b-6d0e-4be8-ab0c-5a851b6879ea___RS_Late.B 6498.JPG,late_blight,PlantVillage:Tomato___Late_blight:::172.0,verified_group,4309bde211173be9f16fc340,eligible_verified_subset
0d8f26b75df1cc639f5218ae,late_blight/a78725bd-f2c9-405e-8591-c8b009f43ea7___RS_Late.B 4918.JPG,late_blight,PlantVillage:Tomato___Late_blight:::17.0,verified_group,80c3bc125b81a11a3336e79b,eligible_verified_subset
161fc59795ae8b6bc07fedfb,late_blight/a7c97904-d28e-4dd3-93d1-0758a44bba96___RS_Late.B 7089.JPG,late_blight,PlantVillage:Tomato___Late_blight:::221.0,verified_group,68a200cbb40382678ae79e1c,eligible_verified_subset
3d32b137dbe77e6c87bfc5de,late_blight/a7cee503-4a3e-42dc-963c-2ae166064f6a___RS_Late.B 5602.JPG,late_blight,PlantVillage:Tomato___Late_blight:::116.0,verified_group,eab2517f4b14a3b704c9a19c,eligible_verified_subset
54c2bd4531e063dcdf6553d2,late_blight/a7f4ecd0-7040-4a9f-830e-7b4572277d2d___GHLB2 Leaf 8937.JPG,late_blight,fallback:54c2bd4531e063dcdf6553d2,fallback_group,54c2bd4531e063dcdf6553d2,exclude_unresolved_component
250a27e140a4eb0fdc09b73b,late_blight/a849a1cf-b06a-4900-bf59-417da8b1d860___GHLB2 Leaf 56.JPG,late_blight,fallback:250a27e140a4eb0fdc09b73b,fallback_group,250a27e140a4eb0fdc09b73b,exclude_unresolved_component
1b12e55556133a24d8ca8ff8,late_blight/a86b02a2-3f97-4ce9-a9ff-1a77c36f9e4d___GHLB2 Leaf 8903.JPG,late_blight,fallback:1b12e55556133a24d8ca8ff8,fallback_group,1b12e55556133a24d8ca8ff8,exclude_unresolved_component
c4287017588a421cbafc22f1,late_blight/a86c0d90-358b-46b2-8652-c6f60d948e8a___RS_Late.B 6207.JPG,late_blight,PlantVillage:Tomato___Late_blight:::145.0,verified_group,b2c0f6efc52e40338ca3752e,eligible_verified_subset
c3ebd4aa5158bd88be1a1a3c,late_blight/a87b8e0c-2279-4cf7-85a4-0fba63130902___RS_Late.B 5323.JPG,late_blight,PlantVillage:Tomato___Late_blight:::80.0,verified_group,4b62e8f1137b7930187228ce,eligible_verified_subset
23c3f4a08f419f894b8a8340,late_blight/a8e0a1e2-02c7-4177-8ee6-e0c80743d6a8___GHLB2 Leaf 113.1.JPG,late_blight,fallback:23c3f4a08f419f894b8a8340,fallback_group,23c3f4a08f419f894b8a8340,exclude_unresolved_component
df838be69ddb20bfd601062c,late_blight/a8fc49cf-c74f-40a6-a53b-3dddd42bb8bd___GHLB2 Leaf 9040.JPG,late_blight,fallback:df838be69ddb20bfd601062c,fallback_group,df838be69ddb20bfd601062c,exclude_unresolved_component
7c101bd269dd3e19e06662f3,late_blight/a922e2df-e521-466a-8ef9-7f88aa062ac6___GHLB2ES Leaf 119.JPG,late_blight,fallback:7c101bd269dd3e19e06662f3,fallback_group,7c101bd269dd3e19e06662f3,exclude_unresolved_component
f0d543ef69562c5a256cc0ec,late_blight/a93a7ca0-3ed4-4d86-9441-49a6d605c26d___GHLB_PS Leaf 26 Day 9.jpg,late_blight,fallback:f0d543ef69562c5a256cc0ec,fallback_group,f0d543ef69562c5a256cc0ec,exclude_unresolved_component
d27d23374b12fa65290e545b,late_blight/a93d975c-6992-4f12-b454-5b3268961e20___RS_Late.B 4892.JPG,late_blight,PlantVillage:Tomato___Late_blight:::12.0,verified_group,31b6772f4442b03557743b91,eligible_verified_subset
32ffe2a385d7a75496cf0491,late_blight/a93e7941-b915-4e05-a3b8-7dd4176e6eaa___GHLB2 Leaf 85.JPG,late_blight,fallback:32ffe2a385d7a75496cf0491,fallback_group,32ffe2a385d7a75496cf0491,exclude_unresolved_component
f1f28b195de8819d8d235729,late_blight/a94e64ec-e8fa-4814-a8d9-3a45c769a462___GHLB2 Leaf 8543.JPG,late_blight,fallback:f1f28b195de8819d8d235729,fallback_group,f1f28b195de8819d8d235729,exclude_unresolved_component
251047df7ecc429711785bda,late_blight/a98fa7c9-5ed7-4232-8ea8-28cf75c7869e___RS_Late.B 6888.JPG,late_blight,PlantVillage:Tomato___Late_blight:::201.0,verified_group,02d4bf879ab532e12cc6850c,eligible_verified_subset
259ddffdf0fb70ac494d88dd,late_blight/a9b6997c-b2bd-4938-aa5f-492ae0cc8431___RS_Late.B 5063.JPG,late_blight,PlantVillage:Tomato___Late_blight:::44.0,verified_group,5b8c47ca0a9d46843073680a,eligible_verified_subset
ca17d8e253dcaa9c12826835,late_blight/a9d292cb-2aaf-44cd-a1ef-bec9b05308b9___RS_Late.B 7005.JPG,late_blight,PlantVillage:Tomato___Late_blight:::213.0,verified_group,f7ea33fa99809422e390fcb8,eligible_verified_subset
318db6be26f42dbc7ff54013,late_blight/a9d3ba5a-2d13-4e86-9813-fc6f05f6c598___GHLB2 Leaf 8994.JPG,late_blight,fallback:318db6be26f42dbc7ff54013,fallback_group,318db6be26f42dbc7ff54013,exclude_unresolved_component
153a099184d7d2a959501ffd,late_blight/a9e5eb70-1dc4-44ec-927a-4ac745c1ff31___RS_Late.B 5035.JPG,late_blight,PlantVillage:Tomato___Late_blight:::39.0,verified_group,1aa03432c05f39ebc35eeff8,eligible_verified_subset
ef5da22d4f69ff526cf842dd,late_blight/aa1945c1-9d44-4e84-a18c-e5d78e3f4c37___RS_Late.B 5601.JPG,late_blight,PlantVillage:Tomato___Late_blight:::116.0,verified_group,eab2517f4b14a3b704c9a19c,eligible_verified_subset
a5f7b8585d433ecbf8d1cf34,late_blight/aa25e72b-b191-4fa8-99d6-6a8cbefbcaf4___RS_Late.B 6277.JPG,late_blight,PlantVillage:Tomato___Late_blight:::153.0,verified_group,c6094996a05a2a397caee125,eligible_verified_subset
46417c0e7114601d76bc04aa,late_blight/aa2b76f2-a7e8-443c-81eb-20c00c0fd488___GHLB_PS Leaf 39.1 Day 16.jpg,late_blight,fallback:46417c0e7114601d76bc04aa,fallback_group,46417c0e7114601d76bc04aa,exclude_unresolved_component
b54b22d622303656c450d8ef,late_blight/aa32ce1a-27a6-4371-b119-ff5ea6e34a3d___GHLB_PS Leaf 24 Day 9.jpg,late_blight,fallback:b54b22d622303656c450d8ef,fallback_group,b54b22d622303656c450d8ef,exclude_unresolved_component
44343a56dfdd131b1735ea83,late_blight/aa358a07-3140-4f44-861b-dcd99f943b09___RS_Late.B 5542.JPG,late_blight,PlantVillage:Tomato___Late_blight:::107.0,verified_group,b8d5c8340fa498b77da34e81,eligible_verified_subset
3ea85446fe47d6e19677bea6,late_blight/aa48f118-9636-4320-99d5-a2a668038683___GHLB2 Leaf 8601.JPG,late_blight,fallback:3ea85446fe47d6e19677bea6,fallback_group,3ea85446fe47d6e19677bea6,exclude_unresolved_component
fcb34f1430d3a15a11e079e9,late_blight/aa5594a4-0679-4f85-bc2e-ff65342aaca1___GHLB2 Leaf 71.JPG,late_blight,fallback:fcb34f1430d3a15a11e079e9,fallback_group,fcb34f1430d3a15a11e079e9,exclude_unresolved_component
8b9752ccca4e05ebd2b24db2,late_blight/aa5e6a40-afc1-47e5-80a3-e41fb9e5a40b___GHLB2 Leaf 9085.JPG,late_blight,fallback:8b9752ccca4e05ebd2b24db2,fallback_group,8b9752ccca4e05ebd2b24db2,exclude_unresolved_component
72f968fff9bb2dbf88bca349,late_blight/aae679f7-4b9b-400a-8d5d-02f1c5f7a050___GHLB2 Leaf 8669.JPG,late_blight,fallback:72f968fff9bb2dbf88bca349,fallback_group,72f968fff9bb2dbf88bca349,exclude_unresolved_component
ff7507b42aa17cc7a2ee4050,late_blight/aae99313-6183-4d7d-832f-f5af6d1522fc___GHLB2 Leaf 8950.JPG,late_blight,fallback:ff7507b42aa17cc7a2ee4050,fallback_group,ff7507b42aa17cc7a2ee4050,exclude_unresolved_component
3b2efa94b27b1f63e3246ce8,late_blight/aaf3ef60-bfd0-4a42-b558-7aef535db7fb___GHLB Leaf 2.5 Day 13.JPG,late_blight,fallback:3b2efa94b27b1f63e3246ce8,fallback_group,3b2efa94b27b1f63e3246ce8,exclude_unresolved_component
93c5a9bb63643ee525bff304,late_blight/ab4a4903-8395-481b-8f97-ee6837f5c094___GHLB_PS Leaf 30 Day 12.jpg,late_blight,fallback:93c5a9bb63643ee525bff304,fallback_group,93c5a9bb63643ee525bff304,exclude_unresolved_component
7f8ccf5bac6bb3f216b5595d,late_blight/ab503aa2-fb87-44a5-97f9-f2dd80c1697d___GHLB2 Leaf 8647.JPG,late_blight,fallback:7f8ccf5bac6bb3f216b5595d,fallback_group,7f8ccf5bac6bb3f216b5595d,exclude_unresolved_component
ba2c12a744102971b8209943,late_blight/ab542ed7-985c-4d7c-a2ad-a5ba19b9496e___RS_Late.B 6454.JPG,late_blight,PlantVillage:Tomato___Late_blight:::168.0,verified_group,5af37eb82d16892a8016746b,eligible_verified_subset
750d0686d3332b7c46c84fd3,late_blight/aba6fc41-d333-40a8-b3d4-1d72ac2067fe___GHLB2 Leaf 8691.JPG,late_blight,fallback:750d0686d3332b7c46c84fd3,fallback_group,750d0686d3332b7c46c84fd3,exclude_unresolved_component
abd052b2b60157c23eaddbef,late_blight/abc618dc-e185-4866-a09c-6073404cac76___GHLB2 Leaf 153.1.JPG,late_blight,fallback:abd052b2b60157c23eaddbef,fallback_group,abd052b2b60157c23eaddbef,exclude_unresolved_component
bd22e1c5fd00ac37e4f76562,late_blight/ac1fbb8a-2a44-4d70-8c93-fc3cc13a876d___GHLB_PS Leaf 17 Day 8.jpg,late_blight,fallback:bd22e1c5fd00ac37e4f76562,fallback_group,bd22e1c5fd00ac37e4f76562,exclude_unresolved_component
b4fc98bd4f87b4a772368df1,late_blight/ac205c4a-58c5-430f-8b4c-f853652df749___GHLB_PS Leaf 30 Day 13.jpg,late_blight,fallback:b4fc98bd4f87b4a772368df1,fallback_group,b4fc98bd4f87b4a772368df1,exclude_unresolved_component
e08e9c65e0d8925463c8cc01,late_blight/ac89de10-2de8-40a4-8f6e-f0a37e97cd57___RS_Late.B 5126.JPG,late_blight,PlantVillage:Tomato___Late_blight:::57.0,verified_group,a7d95a09101bcc0a255832fc,eligible_verified_subset
97d2b2413d697b3fad6ff66c,late_blight/ace982f8-596c-48e2-8c95-4292a5cbdae8___GHLB2 Leaf 8721.JPG,late_blight,fallback:97d2b2413d697b3fad6ff66c,fallback_group,97d2b2413d697b3fad6ff66c,exclude_unresolved_component
45dc8b2299c47f39cae7b14b,late_blight/ad21ff2c-af70-45c3-9971-c52283394742___GHLB2 Leaf 8596.JPG,late_blight,fallback:45dc8b2299c47f39cae7b14b,fallback_group,45dc8b2299c47f39cae7b14b,exclude_unresolved_component
ba2a296c8d01ae7ef81f2094,late_blight/ad294462-aa5f-4e50-b05f-89e460f9a38a___GHLB2 Leaf 8804.JPG,late_blight,fallback:ba2a296c8d01ae7ef81f2094,fallback_group,ba2a296c8d01ae7ef81f2094,exclude_unresolved_component
a32bdae253753fe788acec45,late_blight/ad3a71e8-63e0-4de4-ad26-6965c8a1d27e___RS_Late.B 6670.JPG,late_blight,PlantVillage:Tomato___Late_blight:::183.0,verified_group,93baf33ae82f0eb4aa5e7676,eligible_verified_subset
3e363371ca485d62fb25966b,late_blight/ad58f6d7-db62-4701-a734-85c0d0fd0007___GHLB2 Leaf 8548.JPG,late_blight,fallback:3e363371ca485d62fb25966b,fallback_group,3e363371ca485d62fb25966b,exclude_unresolved_component
f2662087b2d6abfa67f30b41,late_blight/ad81f722-e61f-49a8-aa2d-d3e95fff0aea___GHLB2 Leaf 8717.JPG,late_blight,fallback:f2662087b2d6abfa67f30b41,fallback_group,f2662087b2d6abfa67f30b41,exclude_unresolved_component
bde0331787234415ad1a8ede,late_blight/ad90bf43-648e-479e-8256-5e4d628cfa36___RS_Late.B 7134.JPG,late_blight,PlantVillage:Tomato___Late_blight:::226.0,verified_group,4b4e4131da30ac1e3eff52de,eligible_verified_subset
61bc03415ec7a8a0c9ecd6a2,late_blight/ada20abd-9779-4e32-b331-1ba7b490b36e___GHLB2 Leaf 92.JPG,late_blight,fallback:61bc03415ec7a8a0c9ecd6a2,fallback_group,61bc03415ec7a8a0c9ecd6a2,exclude_unresolved_component
f9ec926df5385ce37b5b33f7,late_blight/addfb0ca-2f18-4ed6-94e9-192ea15bf9e8___RS_Late.B 5616.JPG,late_blight,PlantVillage:Tomato___Late_blight:::118.0,verified_group,f1991284fabc7b57e623240a,eligible_verified_subset
57610ee40914ec989717994c,late_blight/adf760b7-e95e-4c27-a829-a1105bc53ed4___RS_Late.B 7004.JPG,late_blight,PlantVillage:Tomato___Late_blight:::212.0,verified_group,ec4cbb23447d47c3544a3916,eligible_verified_subset
a77c585f7de15400dcdba438,late_blight/ae581c9f-2be2-4ca8-b27d-5a333d15012c___RS_Late.B 5170.JPG,late_blight,PlantVillage:Tomato___Late_blight:::64.0,verified_group,2adfa133cd039b1f00998ace,eligible_verified_subset
ac6b959151c478482e19047e,late_blight/ae8063cf-9ed2-43f6-a5ce-5c497d555f13___RS_Late.B 7146.JPG,late_blight,PlantVillage:Tomato___Late_blight:::228.0,verified_group,d31c19c415f7d58f6420ffea,eligible_verified_subset
72611af83ec56557b789a3e0,late_blight/ae811562-9670-4094-a791-41c848b909c4___GHLB2 Leaf 8982.JPG,late_blight,fallback:72611af83ec56557b789a3e0,fallback_group,72611af83ec56557b789a3e0,exclude_unresolved_component
f71da1b3cd1e3d223c10aed5,late_blight/aee192d9-666e-4ef8-aa5e-86d09d14216c___GHLB2 Leaf 8582.JPG,late_blight,fallback:f71da1b3cd1e3d223c10aed5,fallback_group,f71da1b3cd1e3d223c10aed5,exclude_unresolved_component
d97c6b67f3602f01defb4f74,late_blight/aefc20fb-6226-4bb9-90e7-6619219ec15a___GHLB Leaf 23.2 Day 12.JPG,late_blight,fallback:d97c6b67f3602f01defb4f74,fallback_group,d97c6b67f3602f01defb4f74,exclude_unresolved_component
c1dbaeda85397c7ab8902ed6,late_blight/af0ded43-0d73-4d40-bd97-2597806aa707___GHLB_PS Leaf 37 Day 13.jpg,late_blight,fallback:c1dbaeda85397c7ab8902ed6,fallback_group,c1dbaeda85397c7ab8902ed6,exclude_unresolved_component
a44514acf533fbb12ef1ef6f,late_blight/af7021ea-5138-4b6f-9ee5-c05daf993791___GHLB2 Leaf 77.1.JPG,late_blight,fallback:a44514acf533fbb12ef1ef6f,fallback_group,a44514acf533fbb12ef1ef6f,exclude_unresolved_component
35f96b15b4c06b9612280996,late_blight/afa8f963-b75c-4582-922b-c01f78d7d112___GHLB_PS Leaf 50 Day 18.jpg,late_blight,fallback:35f96b15b4c06b9612280996,fallback_group,35f96b15b4c06b9612280996,exclude_unresolved_component
a1a35d45a3a8f60d5984aeb8,late_blight/afaca2fc-774c-4401-9915-e7493f89a72a___GHLB2 Leaf 114.1.JPG,late_blight,fallback:a1a35d45a3a8f60d5984aeb8,fallback_group,a1a35d45a3a8f60d5984aeb8,exclude_unresolved_component
b34a1c848b3fc80c204db5b9,late_blight/afb626cf-c9bf-498f-bdf2-c0286d96f681___GHLB2 Leaf 147.1.JPG,late_blight,fallback:b34a1c848b3fc80c204db5b9,fallback_group,b34a1c848b3fc80c204db5b9,exclude_unresolved_component
b1ac2e333417d6e2d69054ab,late_blight/afb65a40-7512-4d2c-884e-56e6c5010511___RS_Late.B 5380.JPG,late_blight,PlantVillage:Tomato___Late_blight:::85.0,verified_group,2bbc496a42c3f0504a94bcaa,eligible_verified_subset
ce86c44f12152d79448c689c,late_blight/aff90d5c-a3f2-445a-b125-717a00b21fb8___RS_Late.B 6624.JPG,late_blight,PlantVillage:Tomato___Late_blight:::179.0,verified_group,b8c26fd78484710ca22c32e8,eligible_verified_subset
70886cba073c9e10ef15f21d,late_blight/b07f5c6e-2e85-4b45-a166-522cc484619c___RS_Late.B 6276.JPG,late_blight,PlantVillage:Tomato___Late_blight:::153.0,verified_group,c6094996a05a2a397caee125,eligible_verified_subset
fd76a4b5557ef8582e5fece1,late_blight/b09b2807-58ca-4708-904e-05de3032ef92___RS_Late.B 6345.JPG,late_blight,PlantVillage:Tomato___Late_blight:::159.0,verified_group,fd76a4b5557ef8582e5fece1,eligible_verified_subset
a2b76e5ba217d1846e71ac27,late_blight/b0a1ada0-f496-46a3-827e-2d721dabee59___GHLB2 Leaf 9086.JPG,late_blight,fallback:a2b76e5ba217d1846e71ac27,fallback_group,a2b76e5ba217d1846e71ac27,exclude_unresolved_component
96cbbf0ee4b9af4266b1a8c7,late_blight/b0e6fd13-ea0c-4e04-bdd3-70878b71f353___GHLB2 Leaf 106.1.JPG,late_blight,fallback:96cbbf0ee4b9af4266b1a8c7,fallback_group,96cbbf0ee4b9af4266b1a8c7,exclude_unresolved_component
e8a6c360d08461e5c16975a9,late_blight/b0fbd7bd-f906-489b-96ff-a2683eb76dd3___RS_Late.B 6173.JPG,late_blight,PlantVillage:Tomato___Late_blight:::141.0,verified_group,abac1c41425e16a914a33a2e,eligible_verified_subset
8a509c7010c42ba93e930ede,late_blight/b15c92e9-6973-415c-80fe-82703ff722f7___RS_Late.B 4994.JPG,late_blight,PlantVillage:Tomato___Late_blight:::31.0,verified_group,f4e9e2c0b16990f2021e1cc7,eligible_verified_subset
2fff8d4ccb7b01989a8e77b1,late_blight/b17fad17-1d16-4a55-9b4e-d1a35ddbb611___GHLB2 Leaf 8933.JPG,late_blight,fallback:2fff8d4ccb7b01989a8e77b1,fallback_group,2fff8d4ccb7b01989a8e77b1,exclude_unresolved_component
a53bfccd74276934ff2297bf,late_blight/b19055d9-6a5d-4b73-90a5-3b3685ac344a___GHLB2 Leaf 8729.JPG,late_blight,fallback:a53bfccd74276934ff2297bf,fallback_group,a53bfccd74276934ff2297bf,exclude_unresolved_component
117ee18663d63a1489a2996a,late_blight/b1f047e9-a4c2-45c1-8861-d52828c1444d___GHLB2 Leaf 106.JPG,late_blight,fallback:117ee18663d63a1489a2996a,fallback_group,117ee18663d63a1489a2996a,exclude_unresolved_component
c1c610f0a22d01545a39f302,late_blight/b25eff13-2674-4954-a6b8-bbd05ebbe154___GHLB2 Leaf 114.3.JPG,late_blight,fallback:c1c610f0a22d01545a39f302,fallback_group,c1c610f0a22d01545a39f302,exclude_unresolved_component
84999b18bf421cc651261a9e,late_blight/b27c48d1-189e-4187-9535-78dc1c8a803e___RS_Late.B 6789.JPG,late_blight,PlantVillage:Tomato___Late_blight:::192.0,verified_group,be659f4ceb39bc86edf19ff4,eligible_verified_subset
c1b645a62adca0a777ec91e8,late_blight/b28716e5-d883-4e52-a8cd-514b38be258a___RS_Late.B 6349.JPG,late_blight,PlantVillage:Tomato___Late_blight:::159.0,verified_group,fd76a4b5557ef8582e5fece1,eligible_verified_subset
e76e90e7db3974008ec97648,late_blight/b2a9abfe-731d-4143-a534-158a4aea4dd1___GHLB_PS Leaf 1.5 Day 13.jpg,late_blight,fallback:e76e90e7db3974008ec97648,fallback_group,e76e90e7db3974008ec97648,exclude_unresolved_component
b244c6f5967ecd0e9f83e767,late_blight/b2b78605-d686-49ad-b312-ff96c1d7acf1___RS_Late.B 6177.JPG,late_blight,PlantVillage:Tomato___Late_blight:::142.0,verified_group,e8c6ae1389bddc19c7793757,eligible_verified_subset
ed1af8cb49e665a2d4693ccc,late_blight/b2ecc0ad-1b95-4555-8c8e-ac38f0944c5f___RS_Late.B 4871.JPG,late_blight,PlantVillage:Tomato___Late_blight:::9.0,verified_group,c0b3324aea77b9cba26eb745,eligible_verified_subset
ad4dd574bc60fccd032dde56,late_blight/b2f89c9a-820c-4a8b-a6dd-bb0adab42757___GHLB_PS Leaf 44.1 Day 18.jpg,late_blight,fallback:ad4dd574bc60fccd032dde56,fallback_group,ad4dd574bc60fccd032dde56,exclude_unresolved_component
84ec62ee758c7bb5c688e791,late_blight/b2fb784b-5601-4b75-93b0-8dcaa7eaca6e___RS_Late.B 6419.JPG,late_blight,PlantVillage:Tomato___Late_blight:::164.0,verified_group,8041ef86dbc63ddccf2c7ed8,eligible_verified_subset
5d1e32fa609cf35baae8f672,late_blight/b3094af3-490b-4cbe-806e-dc793a94a4fd___RS_Late.B 6490.JPG,late_blight,PlantVillage:Tomato___Late_blight:::171.0,verified_group,6a6cfdb8f98cfcc2fce9ff8a,eligible_verified_subset
2c85e686e84128608e58a1b6,late_blight/b3971b7c-ae24-4f4f-b426-3368096afeab___RS_Late.B 7079.JPG,late_blight,PlantVillage:Tomato___Late_blight:::219.0,verified_group,d91fb5ece1137b1f3411888a,eligible_verified_subset
de707ab26c7919893c5e1dfe,late_blight/b3cc95da-557b-456d-9c5d-2ba5d9eb0e98___RS_Late.B 4930.JPG,late_blight,PlantVillage:Tomato___Late_blight:::19.0,verified_group,c9be0abb7e46c5ad9f0e007e,eligible_verified_subset
80da3927cdbde91fa5072a84,late_blight/b3e8d2db-5531-41cc-86ce-d4ac76c5be56___RS_Late.B 7070.JPG,late_blight,PlantVillage:Tomato___Late_blight:::219.0,verified_group,d91fb5ece1137b1f3411888a,eligible_verified_subset
ffd29f196a361e05e8000e67,late_blight/b41152cc-6662-42cf-80d4-e6e6ce6d8b9d___RS_Late.B 6828.JPG,late_blight,PlantVillage:Tomato___Late_blight:::196.0,verified_group,8a2a4194463c0fb9cbaac3b6,eligible_verified_subset
83c565503d80fa64ac139822,late_blight/b45f36d3-b367-4c96-9e4d-a8da7c8c584d___RS_Late.B 5195.JPG,late_blight,PlantVillage:Tomato___Late_blight:::68.0,verified_group,b9961f05fa299c0d938c2688,eligible_verified_subset
d038603c4c218a4b430d053c,late_blight/b461fd42-7a0c-4b61-adb5-278f77dbc61a___RS_Late.B 5404.JPG,late_blight,PlantVillage:Tomato___Late_blight:::90.0,verified_group,172a46126780c2704f5af17a,eligible_verified_subset
84120ef4468a72aca30022c4,late_blight/b47f267d-7a17-4e4e-935e-4e6c0d7fd4f9___RS_Late.B 6146.JPG,late_blight,PlantVillage:Tomato___Late_blight:::138.0,verified_group,91d5f324a2aedb2ccf0f5c37,eligible_verified_subset
67d3b374b64ecb560fae6fb1,late_blight/b4a271bd-619a-4735-8fd5-28124c4f4508___GHLB2 Leaf 8949.JPG,late_blight,fallback:67d3b374b64ecb560fae6fb1,fallback_group,67d3b374b64ecb560fae6fb1,exclude_unresolved_component
dd36b710380b49d2bf102f5f,late_blight/b4aa6858-29d7-4ff7-9225-e5f003ce8566___GHLB2 Leaf 8856.JPG,late_blight,fallback:dd36b710380b49d2bf102f5f,fallback_group,dd36b710380b49d2bf102f5f,exclude_unresolved_component
6db5bb58c3dfd0deb46681f1,late_blight/b4c4e221-ab02-4e57-a82c-5f2dfd431675___RS_Late.B 5029.JPG,late_blight,PlantVillage:Tomato___Late_blight:::37.0,verified_group,d3c0dbdb17a2e59ee3a9a817,eligible_verified_subset
f618172dfb8c94a56bc8bf37,late_blight/b5397b14-c009-41b4-b828-45203ffa2d22___GHLB2 Leaf 8986.JPG,late_blight,fallback:f618172dfb8c94a56bc8bf37,fallback_group,f618172dfb8c94a56bc8bf37,exclude_unresolved_component
b12ee37600cc47e6a5ecd974,late_blight/b58ce413-a81c-488f-9207-bab53d34d1c4___GHLB2 Leaf 8744.JPG,late_blight,fallback:b12ee37600cc47e6a5ecd974,fallback_group,b12ee37600cc47e6a5ecd974,exclude_unresolved_component
b6cea23bc29517d6593c25e2,late_blight/b58ed525-764b-471e-adc6-c9986674a812___GHLB2 Leaf 101.1.JPG,late_blight,fallback:b6cea23bc29517d6593c25e2,fallback_group,b6cea23bc29517d6593c25e2,exclude_unresolved_component
1fc05483ee83ecf73cc2ef4d,late_blight/b5e5a3bd-a8c8-46fc-928f-f0bb083b9a4e___GHLB2 Leaf 8550.JPG,late_blight,fallback:1fc05483ee83ecf73cc2ef4d,fallback_group,1fc05483ee83ecf73cc2ef4d,exclude_unresolved_component
77f6ea2f4a020d44ad35df9f,late_blight/b5f3f7a5-26ab-4696-b94e-9f2d7c472254___RS_Late.B 6074.JPG,late_blight,PlantVillage:Tomato___Late_blight:::129.0,verified_group,26ac517d0f72c862ac0c2403,eligible_verified_subset
851e6a560a33c952563e97bf,late_blight/b6142592-6a73-4a6d-9320-7a69ecd7fee2___RS_Late.B 6162.JPG,late_blight,PlantVillage:Tomato___Late_blight:::139.0,verified_group,fb9ec3a43f852108209a79d5,eligible_verified_subset
7f9334b1535c710396223da1,late_blight/b61b92f6-9991-4f85-a9a6-c3993720d842___GHLB2 Leaf 9067.JPG,late_blight,fallback:7f9334b1535c710396223da1,fallback_group,7f9334b1535c710396223da1,exclude_unresolved_component
5296668e574334724db10560,late_blight/b62c8328-7089-4b43-b77e-20511356d04b___RS_Late.B 5490.JPG,late_blight,PlantVillage:Tomato___Late_blight:::102.0,verified_group,db89783a85c755ef007d8440,eligible_verified_subset
5f8850a835afec2315304eee,late_blight/b636dc09-ae98-4907-bc0e-3f1e8c444b50___GHLB2 Leaf 9115.JPG,late_blight,fallback:5f8850a835afec2315304eee,fallback_group,5f8850a835afec2315304eee,exclude_unresolved_component
a56648bc13fcc6150aff0d87,late_blight/b6457b32-7732-4caf-a316-74021b265359___GHLB2 Leaf 9054.JPG,late_blight,fallback:a56648bc13fcc6150aff0d87,fallback_group,a56648bc13fcc6150aff0d87,exclude_unresolved_component
aaa3c8d13d74a676fff24fd0,late_blight/b657dc7a-df76-40e1-bc87-2d61b81040a8___GHLB Leaf 27.1 Day 12.JPG,late_blight,fallback:aaa3c8d13d74a676fff24fd0,fallback_group,aaa3c8d13d74a676fff24fd0,exclude_unresolved_component
bd54148691197fda5a89c58a,late_blight/b67ed405-b86b-4a5b-a403-d5fd87202e92___RS_Late.B 5006.JPG,late_blight,PlantVillage:Tomato___Late_blight:::33.0,verified_group,d43339de13f5bb133e3d9bff,eligible_verified_subset
5fb4ee1ecc75c7b79c164742,late_blight/b687c1bd-478f-45ea-a69d-d66f980dea08___GHLB Leaf 7 Day 6.JPG,late_blight,fallback:5fb4ee1ecc75c7b79c164742,fallback_group,5fb4ee1ecc75c7b79c164742,exclude_unresolved_component
4c23bba59cd4fbd1c100251a,late_blight/b68b50e0-52b1-4ba0-98df-8080ffaf3a70___GHLB_PS Leaf 26 Day 16.jpg,late_blight,fallback:4c23bba59cd4fbd1c100251a,fallback_group,4c23bba59cd4fbd1c100251a,exclude_unresolved_component
c6abc0434ecbf3ed1b1d9132,late_blight/b694de0e-542c-4b7a-b322-30cea130719d___GHLB2 Leaf 8720.JPG,late_blight,fallback:c6abc0434ecbf3ed1b1d9132,fallback_group,c6abc0434ecbf3ed1b1d9132,exclude_unresolved_component
2233e53f2a3f13a48ae4a029,late_blight/b6a42b14-eb81-4e7b-9ca7-be9bed86c3b8___GHLB Leaf 1.5 Day 12.JPG,late_blight,fallback:2233e53f2a3f13a48ae4a029,fallback_group,2233e53f2a3f13a48ae4a029,exclude_unresolved_component
f3c213d4b6be07f9e97759ee,late_blight/b6b9bd13-78ec-4e89-bbd7-a45d6a8ff3fb___RS_Late.B 6590.JPG,late_blight,PlantVillage:Tomato___Late_blight:::177.0,verified_group,16601424dfe33ec6849b6468,eligible_verified_subset
ddbae29a049c1428c2017483,late_blight/b6c7fcf9-6f88-4814-9620-04ae2c23cbad___RS_Late.B 5234.JPG,late_blight,PlantVillage:Tomato___Late_blight:::73.0,verified_group,40fb83b0d96f570dabca20c8,eligible_verified_subset
3b942d9b5267af82707b0d5b,late_blight/b6f177f7-4475-4ee6-98cd-4123d7d6ac33___GHLB2ES Leaf 138.JPG,late_blight,fallback:3b942d9b5267af82707b0d5b,fallback_group,3b942d9b5267af82707b0d5b,exclude_unresolved_component
f78024c12711e39a22a4dea2,late_blight/b7c56bb2-80c1-4ffb-9be5-f8bf669ce6d8___GHLB2 Leaf 9025.JPG,late_blight,fallback:f78024c12711e39a22a4dea2,fallback_group,f78024c12711e39a22a4dea2,exclude_unresolved_component
bb34357143999a0aa11c3170,late_blight/b7f7a13f-b7c0-4923-aaba-c270ce583b66___RS_Late.B 6686.JPG,late_blight,PlantVillage:Tomato___Late_blight:::184.0,verified_group,e59d6491e54547ec714b28ad,eligible_verified_subset
f54b608b3b66b3fd2f799370,late_blight/b7f7e1e7-f535-4428-8f00-74b8fecb3740___RS_Late.B 6779.JPG,late_blight,PlantVillage:Tomato___Late_blight:::191.0,verified_group,4d634c3aa26a6c0481b9b48b,eligible_verified_subset
22a90ffaec4db9df5a069419,late_blight/b883a992-1177-473a-8c0e-c08ebf9ac743___RS_Late.B 5537.JPG,late_blight,PlantVillage:Tomato___Late_blight:::106.0,verified_group,83518d3c0b4008de5da17552,eligible_verified_subset
8393cf3ed7c246be053912d3,late_blight/b88f6060-ca8b-4c4d-bd4c-1ec1ae186b71___GHLB2 Leaf 8711.JPG,late_blight,fallback:8393cf3ed7c246be053912d3,fallback_group,8393cf3ed7c246be053912d3,exclude_unresolved_component
744425f3b122b5e0a24c4e3a,late_blight/b8995533-058e-49fb-94ae-30b2d9cff3cc___GHLB2 Leaf 8646.JPG,late_blight,fallback:744425f3b122b5e0a24c4e3a,fallback_group,744425f3b122b5e0a24c4e3a,exclude_unresolved_component
18289a8ce831469db42dcdaa,late_blight/b8b5b34a-6856-4c79-9681-047c1aa47ae0___RS_Late.B 6222.JPG,late_blight,PlantVillage:Tomato___Late_blight:::147.0,verified_group,f71a572ae2dd1bdaf034c28f,eligible_verified_subset
9c46394a3a5191227a01bf5a,late_blight/b8cf164c-05b8-455f-86de-fe785f40df9f___GHLB2 Leaf 8587.JPG,late_blight,fallback:9c46394a3a5191227a01bf5a,fallback_group,9c46394a3a5191227a01bf5a,exclude_unresolved_component
47e8218327317d03df8afa0a,late_blight/b9478b81-3911-4589-b169-84c1e1971906___RS_Late.B 5579.JPG,late_blight,PlantVillage:Tomato___Late_blight:::112.0,verified_group,94f4ad555773a179a7b5d88c,eligible_verified_subset
eff60a03213b30503a4bb6a8,late_blight/b96d76c8-4ad5-4bfb-bb21-faed3215583e___GHLB2 Leaf 8723.JPG,late_blight,fallback:eff60a03213b30503a4bb6a8,fallback_group,eff60a03213b30503a4bb6a8,exclude_unresolved_component
fdb49c0bcd2c993507e30439,late_blight/b96efa85-1d48-4a5e-9c80-4b1848182c93___RS_Late.B 6961.JPG,late_blight,PlantVillage:Tomato___Late_blight:::207.0,verified_group,f3e4bb528ff6cc10e66dce6e,eligible_verified_subset
6dbec2a17c69e8799dcd71f1,late_blight/b982e973-aede-4317-92fb-b8a2385d3172___RS_Late.B 5465.JPG,late_blight,PlantVillage:Tomato___Late_blight:::99.0,verified_group,d77b109a73ac32fbdc71d765,eligible_verified_subset
24e5fdd74471459629cc02c8,late_blight/b984cd6b-35cc-4f3d-824f-b663d08cae6b___GHLB2 Leaf 57.JPG,late_blight,fallback:24e5fdd74471459629cc02c8,fallback_group,24e5fdd74471459629cc02c8,exclude_unresolved_component
4f69a9aab160bcec8938ac6e,late_blight/b9acddbe-1fc4-44a8-9802-91f0d9f57e22___RS_Late.B 5026.JPG,late_blight,PlantVillage:Tomato___Late_blight:::37.0,verified_group,d3c0dbdb17a2e59ee3a9a817,eligible_verified_subset
dde4f528f0a84bb239c3cc26,late_blight/b9b1cf81-a68a-48a5-b3f2-25b45ecc81f7___RS_Late.B 5423.JPG,late_blight,PlantVillage:Tomato___Late_blight:::93.0,verified_group,6e8086063bb97ec62e3ca1b6,exclude_unresolved_component
1ea80d284923aed8f74baee5,late_blight/b9caae93-beaf-4587-ac29-b6db2f912cc8___RS_Late.B 6068.JPG,late_blight,PlantVillage:Tomato___Late_blight:::128.0,verified_group,908875bf70313c84de5aef45,eligible_verified_subset
97a595b7a38b11e5045939a8,late_blight/b9e6992c-f73a-410e-8b06-a6ce96192c6a___GHLB2 Leaf 9077.JPG,late_blight,fallback:97a595b7a38b11e5045939a8,fallback_group,97a595b7a38b11e5045939a8,exclude_unresolved_component
c4e3bd70ce4747aa93cec105,late_blight/ba09ee7e-4b6c-4f26-a626-7d8ee16e81e0___RS_Late.B 4859.JPG,late_blight,PlantVillage:Tomato___Late_blight:::7.0,verified_group,6eeb62cf21b19bc014029539,eligible_verified_subset
6d44d50d97dd6d337b261730,late_blight/ba86e24f-fe3e-4f17-a920-f8dba4ecb4d7___GHLB2 Leaf 8974.JPG,late_blight,fallback:6d44d50d97dd6d337b261730,fallback_group,6d44d50d97dd6d337b261730,exclude_unresolved_component
4059062798673f0287c737b2,late_blight/ba98d073-d05a-4dfd-ae35-3f1fda2c3110___RS_Late.B 4843.JPG,late_blight,PlantVillage:Tomato___Late_blight:::4.0,verified_group,6b60dd1422922e244c2f2147,eligible_verified_subset
8c17225290636fa8ccd07ee4,late_blight/baaa63dc-483f-44a6-ae09-855923e1607e___GHLB_PS Leaf 23.2 Day 9.jpg,late_blight,fallback:8c17225290636fa8ccd07ee4,fallback_group,8c17225290636fa8ccd07ee4,exclude_unresolved_component
45cf329a161c522842e76aff,late_blight/badd718d-0a43-411b-889c-d46a01834dba___RS_Late.B 5547.JPG,late_blight,PlantVillage:Tomato___Late_blight:::107.0,verified_group,b8d5c8340fa498b77da34e81,eligible_verified_subset
144ccca384f4ecddb6bc78cb,late_blight/bb058b97-a4b8-4a36-8179-2a8fa186085c___RS_Late.B 4927.JPG,late_blight,PlantVillage:Tomato___Late_blight:::19.0,verified_group,c9be0abb7e46c5ad9f0e007e,eligible_verified_subset
6d755f971cc4799768ea9246,late_blight/bb1be648-63dc-4973-8c88-f3de0dff30f4___RS_Late.B 6030.JPG,late_blight,PlantVillage:Tomato___Late_blight:::123.0,verified_group,6d755f971cc4799768ea9246,eligible_verified_subset
70099d0e403f193af587578f,late_blight/bb1cfbc3-b8eb-4a56-9313-86cffbea4524___GHLB_PS Leaf 30.1 Day 13.jpg,late_blight,fallback:70099d0e403f193af587578f,fallback_group,70099d0e403f193af587578f,exclude_unresolved_component
6b673e4bf52f799435b687c0,late_blight/bb29cc81-e986-4946-8267-a12f0b1b15de___RS_Late.B 5000.JPG,late_blight,PlantVillage:Tomato___Late_blight:::32.0,verified_group,eb121d7f979b947d6e6b504d,eligible_verified_subset
c429cdd86e48f8a700fc2a76,late_blight/bb2fca37-44c5-400e-b81e-b402549d45c1___GHLB_PS Leaf 43.3 Day 18.jpg,late_blight,fallback:c429cdd86e48f8a700fc2a76,fallback_group,c429cdd86e48f8a700fc2a76,exclude_unresolved_component
62e5c6782089ce9aa9308968,late_blight/bb41f69c-b5b4-4acb-b965-950eac2b49c8___GHLB2 Leaf 130.JPG,late_blight,fallback:62e5c6782089ce9aa9308968,fallback_group,62e5c6782089ce9aa9308968,exclude_unresolved_component
bdb63dd96ebc603d362e5dd5,late_blight/bb487e34-b328-40b9-a33f-592701216063___RS_Late.B 5175.JPG,late_blight,PlantVillage:Tomato___Late_blight:::65.0,verified_group,c1a8d1070416f931d723a849,eligible_verified_subset
d10fda5b7ff42cf2eecfc080,late_blight/bba9c7cc-21d8-43b7-acb2-9c079f810f89___RS_Late.B 6798.JPG,late_blight,PlantVillage:Tomato___Late_blight:::193.0,verified_group,ceb571dab10a7a9f5e89a769,eligible_verified_subset
aa69beeffe159d959a25b9a2,late_blight/bbb807e9-9eef-4220-bbcd-9663542c0d4e___GHLB2 Leaf 9035.JPG,late_blight,fallback:aa69beeffe159d959a25b9a2,fallback_group,aa69beeffe159d959a25b9a2,exclude_unresolved_component
7f7479e4e4e2e5989d076efa,late_blight/bbe6db0b-868d-4ca4-b8c7-f274b89dd9c8___GHLB2 Leaf 68.1.JPG,late_blight,fallback:7f7479e4e4e2e5989d076efa,fallback_group,7f7479e4e4e2e5989d076efa,exclude_unresolved_component
c4b549d5abce9e3212814a8a,late_blight/bbedca9b-8f66-4437-adb6-87f11edd8398___GHLB_PS Leaf 47.2 Day 18.jpg,late_blight,fallback:c4b549d5abce9e3212814a8a,fallback_group,c4b549d5abce9e3212814a8a,exclude_unresolved_component
c1214feca7fe18e0bfcff406,late_blight/bc21154c-09a0-4428-9afe-be7ea00739d8___GHLB2 Leaf 8656.JPG,late_blight,fallback:c1214feca7fe18e0bfcff406,fallback_group,c1214feca7fe18e0bfcff406,exclude_unresolved_component
e120d77496b7e8bf4cf5c46d,late_blight/bc5fd090-21b4-42d8-82b7-354a7697dc22___RS_Late.B 5546.JPG,late_blight,PlantVillage:Tomato___Late_blight:::107.0,verified_group,b8d5c8340fa498b77da34e81,eligible_verified_subset
67d7ee53e07894bb53942c03,late_blight/bc99db20-93a1-4a18-b268-339be33c0c63___GHLB2 Leaf 9024.JPG,late_blight,fallback:67d7ee53e07894bb53942c03,fallback_group,67d7ee53e07894bb53942c03,exclude_unresolved_component
1901ac78b4edadab86aa05a9,late_blight/bcd17890-dd3b-41c2-ab28-39ff0bb60610___RS_Late.B 5115.JPG,late_blight,PlantVillage:Tomato___Late_blight:::55.0,verified_group,220c91058570bb9a89a26217,eligible_verified_subset
992063fd0dc0b7e2206d5b47,late_blight/bcdc5e5b-406b-4325-a0bd-d6b917ab7c41___RS_Late.B 6875.JPG,late_blight,PlantVillage:Tomato___Late_blight:::199.0,verified_group,965b3b6dcda1d1a2730627eb,eligible_verified_subset
7d09a8c8ce66d51eda2679fd,late_blight/bceafbf0-d268-4ab1-b505-5a45c2fd0239___RS_Late.B 4953.JPG,late_blight,PlantVillage:Tomato___Late_blight:::23.0,verified_group,2f7a48fcfbbbe47c869222ca,eligible_verified_subset
b8eb94cd4b899973fbc8a5b8,late_blight/bd10f32e-3a27-4a58-9def-62555e99b223___RS_Late.B 6768.JPG,late_blight,PlantVillage:Tomato___Late_blight:::190.0,verified_group,2668841d941eafda34e8589c,eligible_verified_subset
25576f495596a88be6600755,late_blight/bd38d701-9972-4472-852c-b4e27f6d72e2___RS_Late.B 6581.JPG,late_blight,PlantVillage:Tomato___Late_blight:::176.0,verified_group,049f9cef81dfd9565b1b854e,eligible_verified_subset
ca9edffc0d7bad1984d5bb20,late_blight/bd4f09bd-ee85-4ab1-bce0-8cde3fdd7f1b___GHLB_PS Leaf 23.7 Day 13.jpg,late_blight,fallback:ca9edffc0d7bad1984d5bb20,fallback_group,edd31c5e96ab77587a77fa70,exclude_unresolved_component
0c5919810bb4a13a845bd8c3,late_blight/bd5a4716-1cf0-46d3-a905-320e4d84d34a___RS_Late.B 6199.JPG,late_blight,PlantVillage:Tomato___Late_blight:::144.0,verified_group,05c2c23da8bd61615256e9de,eligible_verified_subset
947c9665d183e9a8294b9d0d,late_blight/bd5b09dc-ca07-455b-9ff4-e02a5c7e8a42___RS_Late.B 6202.JPG,late_blight,PlantVillage:Tomato___Late_blight:::144.0,verified_group,05c2c23da8bd61615256e9de,eligible_verified_subset
5d3bbcdf5607011c2a362f0c,late_blight/bd9341f4-34d9-4acb-9aa0-5dbff08f8ba6___GHLB_PS Leaf 23 Day 9.jpg,late_blight,fallback:5d3bbcdf5607011c2a362f0c,fallback_group,5d3bbcdf5607011c2a362f0c,exclude_unresolved_component
4d266c936d96884515eee759,late_blight/be22c9d7-82af-4062-89c3-24cc59d461dd___GHLB Leaf 1.6 Day 12.JPG,late_blight,fallback:4d266c936d96884515eee759,fallback_group,4d266c936d96884515eee759,exclude_unresolved_component
fc54dc92ae6c1caa7aed1036,late_blight/be2cc67b-7311-47a4-bcf7-bf62bf429533___GHLB2 Leaf 9008.JPG,late_blight,fallback:fc54dc92ae6c1caa7aed1036,fallback_group,fc54dc92ae6c1caa7aed1036,exclude_unresolved_component
386e35c66a304a4cd91bd7d8,late_blight/be5c294b-38cc-44b8-b404-ab7d899cb717___GHLB2 Leaf 161.1.JPG,late_blight,fallback:386e35c66a304a4cd91bd7d8,fallback_group,386e35c66a304a4cd91bd7d8,exclude_unresolved_component
38ec5d0f1c5cf0ad588f9169,late_blight/be8780d8-bf1c-44c6-af2c-5d67fa08d15f___RS_Late.B 4847.JPG,late_blight,PlantVillage:Tomato___Late_blight:::5.0,verified_group,4698e5761bca378ad7daf0b8,eligible_verified_subset
a64f1cfd10feed371507a8ad,late_blight/be9f181f-5692-4811-9678-69dbe94d6ecc___RS_Late.B 4838.JPG,late_blight,PlantVillage:Tomato___Late_blight:::3.0,verified_group,bd31ab570fa80767285dc082,eligible_verified_subset
cb7af48c62e9d395a7d98838,late_blight/bea930ce-b822-464c-9c2b-8e181d0ba3f8___RS_Late.B 7127.JPG,late_blight,PlantVillage:Tomato___Late_blight:::225.0,verified_group,ba73a847a3c1c25d6a75308d,eligible_verified_subset
a12458428de9bf504971ce3f,late_blight/beadaf43-1ab3-447b-b60a-d9c3cc8214ff___RS_Late.B 6293.JPG,late_blight,PlantVillage:Tomato___Late_blight:::156.0,verified_group,2df8fe657fbdeca94b019014,eligible_verified_subset
a04459cd0cfb73c1c36b817a,late_blight/bec2da2e-5c4d-4248-9518-92667847aa7c___GHLB2 Leaf 99.1.JPG,late_blight,fallback:a04459cd0cfb73c1c36b817a,fallback_group,a04459cd0cfb73c1c36b817a,exclude_unresolved_component
2c98f6214ce83574196919e8,late_blight/bf014d78-5f3a-4748-a026-dc80d95cbc3f___GHLB2 Leaf 164.JPG,late_blight,fallback:2c98f6214ce83574196919e8,fallback_group,2c98f6214ce83574196919e8,exclude_unresolved_component
25bc0a4834f3afbce302aaa1,late_blight/bf0b58c2-1d95-4f37-80ea-1bcd82e9c59b___GHLB2 Leaf 145.4.JPG,late_blight,fallback:25bc0a4834f3afbce302aaa1,fallback_group,25bc0a4834f3afbce302aaa1,exclude_unresolved_component
2f8220dc178a4c23d2da6007,late_blight/bf1dbfe2-cbad-428f-9d91-4a63de9121bd___RS_Late.B 5036.JPG,late_blight,PlantVillage:Tomato___Late_blight:::39.0,verified_group,1aa03432c05f39ebc35eeff8,eligible_verified_subset
434eed2f47038266a0b5a872,late_blight/bf6cc0d5-0c8c-4a49-80d1-970c3e691073___RS_Late.B 4987.JPG,late_blight,PlantVillage:Tomato___Late_blight:::30.0,verified_group,b7e5aa94c2198859b11e226a,eligible_verified_subset
d3c427ef1bbffa31de4b7614,late_blight/bf89b543-1d30-4648-8b4a-bb8d1f2f913a___GHLB2 Leaf 8606.JPG,late_blight,fallback:d3c427ef1bbffa31de4b7614,fallback_group,d3c427ef1bbffa31de4b7614,exclude_unresolved_component
c8911ec63d46469416e336cc,late_blight/bff1cbac-a141-4eda-ab29-b34dee705bce___GHLB_PS Leaf 47 Day 18.jpg,late_blight,fallback:c8911ec63d46469416e336cc,fallback_group,c8911ec63d46469416e336cc,exclude_unresolved_component
5c90ff82888775a99ebce47f,late_blight/bff5e162-e242-484d-ac72-96c0da9a39f7___RS_Late.B 6284.JPG,late_blight,PlantVillage:Tomato___Late_blight:::154.0,verified_group,46d7c6a603970f5a57513922,eligible_verified_subset
bafb82cc3c6ab4396d49b919,late_blight/c0267369-b9ec-471e-b8a2-9aa3fc77b3c1___GHLB2 Leaf 9028.JPG,late_blight,fallback:bafb82cc3c6ab4396d49b919,fallback_group,bafb82cc3c6ab4396d49b919,exclude_unresolved_component
4766e5b9a5ac848047931c98,late_blight/c02d8671-0b42-4fb3-a7c7-5bbb002ca6d3___GHLB2 Leaf 8935.JPG,late_blight,fallback:4766e5b9a5ac848047931c98,fallback_group,4766e5b9a5ac848047931c98,exclude_unresolved_component
d140cbdc2c626884e994d537,late_blight/c03b8994-6c6e-4997-83fd-803f3cc580ad___GHLB2 Leaf 8833.JPG,late_blight,fallback:d140cbdc2c626884e994d537,fallback_group,d140cbdc2c626884e994d537,exclude_unresolved_component
f0b8a7ffdbc461029a991dfb,late_blight/c042e7e2-a583-4709-b944-830965256802___GHLB2 Leaf 110.JPG,late_blight,fallback:f0b8a7ffdbc461029a991dfb,fallback_group,f0b8a7ffdbc461029a991dfb,exclude_unresolved_component
a1cafbc388ea9496664d6c0f,late_blight/c062b009-0e6e-4cf0-976c-004a06b7e6ee___GHLB2 Leaf 8881.JPG,late_blight,fallback:a1cafbc388ea9496664d6c0f,fallback_group,a1cafbc388ea9496664d6c0f,exclude_unresolved_component
35711441f25f07a7f3697b7c,late_blight/c0767cc9-acc8-4f4b-b9b5-1958899633ef___GHLB2 Leaf 8807.JPG,late_blight,fallback:35711441f25f07a7f3697b7c,fallback_group,35711441f25f07a7f3697b7c,exclude_unresolved_component
ec5d701070b27c4ff9eca3d5,late_blight/c0b62c7a-4b0c-43d6-80d9-d5c6eef43325___RS_Late.B 6114.JPG,late_blight,PlantVillage:Tomato___Late_blight:::133.0,verified_group,d228042d12d2b24783404a5c,eligible_verified_subset
5aae5c7c4cce247adba08c45,late_blight/c0cd110f-ee8a-428e-aa00-d51f89b5a843___GHLB2 Leaf 8639.JPG,late_blight,fallback:5aae5c7c4cce247adba08c45,fallback_group,5aae5c7c4cce247adba08c45,exclude_unresolved_component
cefb60e9a36413343333e7bd,late_blight/c0eb1cc5-185a-4f20-b8cd-a3943cd9588b___RS_Late.B 6541.JPG,late_blight,PlantVillage:Tomato___Late_blight:::173.0,verified_group,3f2db58c562bd5e6264ab342,eligible_verified_subset
4d9100aaa025ea904201c526,late_blight/c1114ce7-8c10-4854-8c07-66b3500ae853___GHLB_PS Leaf 8 Day 7.jpg,late_blight,fallback:4d9100aaa025ea904201c526,fallback_group,4d9100aaa025ea904201c526,exclude_unresolved_component
809898bc694b697c8b253706,late_blight/c14302ad-0333-4038-8b4f-a4f75049fbaa___RS_Late.B 6939.JPG,late_blight,PlantVillage:Tomato___Late_blight:::206.0,verified_group,3d251ded37b16250fc580ad0,eligible_verified_subset
996e96a6c9781b795abb9016,late_blight/c1775bad-7c02-41fb-bb7d-f8df91d60ac3___GHLB_PS Leaf 23.5 Day 13.jpg,late_blight,fallback:996e96a6c9781b795abb9016,fallback_group,3e5c309f6a2cbd9d4c112e38,exclude_unresolved_component
b21d308ee871a93d7d067e31,late_blight/c179ebbe-601b-474c-b9be-8704c6677f4d___RS_Late.B 6957.JPG,late_blight,PlantVillage:Tomato___Late_blight:::207.0,verified_group,f3e4bb528ff6cc10e66dce6e,eligible_verified_subset
7a05bc1c8e66ec76899da722,late_blight/c18f749d-9774-43f6-9c27-ff3d532f551a___RS_Late.B 7100.JPG,late_blight,PlantVillage:Tomato___Late_blight:::222.0,verified_group,6cd25b95d6e87d2d89b6a259,eligible_verified_subset
8a26b92696586d4f2f549a3e,late_blight/c1a8547c-0345-490b-840b-124dbf54fbd4___GHLB2 Leaf 8541.JPG,late_blight,fallback:8a26b92696586d4f2f549a3e,fallback_group,8a26b92696586d4f2f549a3e,exclude_unresolved_component
099bbb674d4ca0bf1a2884b6,late_blight/c1af9374-2c73-4af4-a139-7b636467743f___RS_Late.B 5592.JPG,late_blight,PlantVillage:Tomato___Late_blight:::114.0,verified_group,1bed7e7e17d5873773bc35f4,eligible_verified_subset
319eae1937a03dfa69b4ad17,late_blight/c1b4525c-bbef-4cef-ae46-ed82b0ba2f48___RS_Late.B 6996.JPG,late_blight,PlantVillage:Tomato___Late_blight:::211.0,verified_group,316f1fa4eec4ae1521a0774f,eligible_verified_subset
95ace9a8ea639c8d3466135b,late_blight/c1d826c3-84d2-4f96-9eb5-4eaf983c43be___GHLB2 Leaf 8766.JPG,late_blight,fallback:95ace9a8ea639c8d3466135b,fallback_group,95ace9a8ea639c8d3466135b,exclude_unresolved_component
01ef86126bd4a768709ea605,late_blight/c1f3a153-7738-4cdc-a8a2-003e7221001a___GHLB2 Leaf 9013.JPG,late_blight,fallback:01ef86126bd4a768709ea605,fallback_group,01ef86126bd4a768709ea605,exclude_unresolved_component
1722ce8ec974d86c90bf8e22,late_blight/c215da6d-139c-40b7-aeae-41138ff98a1c___GHLB2 Leaf 8932.JPG,late_blight,fallback:1722ce8ec974d86c90bf8e22,fallback_group,1722ce8ec974d86c90bf8e22,exclude_unresolved_component
31a7968012b8fcb7cf4d22ca,late_blight/c2180e2a-653d-4f7d-b2a0-10208ff7829f___RS_Late.B 6368.JPG,late_blight,PlantVillage:Tomato___Late_blight:::162.0,verified_group,65d632e380478c65a1e1847a,eligible_verified_subset
3a315402b9ea2fe67687937d,late_blight/c2206073-244f-49ca-afe8-4455d00133b9___RS_Late.B 6805.JPG,late_blight,PlantVillage:Tomato___Late_blight:::194.0,verified_group,cda27aed2874b1981e1488d6,eligible_verified_subset
df1fa4d3d3e52353fb006d0e,late_blight/c2327b45-3e5f-4f36-8f5b-2146c89d446d___RS_Late.B 6343.JPG,late_blight,PlantVillage:Tomato___Late_blight:::159.0,verified_group,fd76a4b5557ef8582e5fece1,eligible_verified_subset
cd0e7c3cfa39e43b9a80b8f5,late_blight/c2807026-8e9e-4710-b475-5411a3c69d68___RS_Late.B 4853.JPG,late_blight,PlantVillage:Tomato___Late_blight:::6.0,verified_group,0e45995433665c9d15834bdd,eligible_verified_subset
b352a8b5acfa8b819382421f,late_blight/c2c75d71-71ea-43c4-b70d-7bc16e8230ab___GHLB2 Leaf 104.JPG,late_blight,fallback:b352a8b5acfa8b819382421f,fallback_group,b352a8b5acfa8b819382421f,exclude_unresolved_component
8654883dc921a0903a14b4f8,late_blight/c2d71717-0650-4ab0-859e-a7390243b2bc___RS_Late.B 6443.JPG,late_blight,PlantVillage:Tomato___Late_blight:::166.0,verified_group,864f249482ec4434ed2c82d6,eligible_verified_subset
e2dfd65d3b5a78878f752d94,late_blight/c2f279ce-0890-4bfc-81a9-b896fa940027___GHLB2 Leaf 8542.JPG,late_blight,fallback:e2dfd65d3b5a78878f752d94,fallback_group,e2dfd65d3b5a78878f752d94,exclude_unresolved_component
202c96dc3b157dc4840aa97a,late_blight/c3459ef4-41aa-415d-9941-e3fbdac87f20___GHLB_PS Leaf 8 Day 13.jpg,late_blight,fallback:202c96dc3b157dc4840aa97a,fallback_group,202c96dc3b157dc4840aa97a,exclude_unresolved_component
a8dbb9a078b79d1e87ee3efd,late_blight/c3a42f36-c157-43ce-b12b-af47bf026171___GHLB2 Leaf 105.1.JPG,late_blight,fallback:a8dbb9a078b79d1e87ee3efd,fallback_group,a8dbb9a078b79d1e87ee3efd,exclude_unresolved_component
2ccb0d3c584771586f0beb38,late_blight/c3a5ec63-9d0d-48a2-898a-9bc31b4443a9___GHLB_PS Leaf 1.2 Day 16.jpg,late_blight,fallback:2ccb0d3c584771586f0beb38,fallback_group,2ccb0d3c584771586f0beb38,exclude_unresolved_component
c3b058aff7e1cbe6ef20d211,late_blight/c3adf8f1-bab4-4130-ba60-0fe65e08d5a5___RS_Late.B 5079.JPG,late_blight,PlantVillage:Tomato___Late_blight:::47.0,verified_group,8b9aa78c392f6af65eb6213d,eligible_verified_subset
85b7df607f0ed29029b3fe35,late_blight/c3dc2bc8-bf20-4cc6-8601-420f43555bc5___RS_Late.B 5056.JPG,late_blight,PlantVillage:Tomato___Late_blight:::43.0,verified_group,e91028a59cc133e07aa2eea9,eligible_verified_subset
7d8588c468726ded0bc19786,late_blight/c3fc678f-f7ad-4b41-b1f4-5abc1f5461b5___RS_Late.B 7142.JPG,late_blight,PlantVillage:Tomato___Late_blight:::227.0,verified_group,1d041595fee7c39eaac11a31,eligible_verified_subset
f882a4135e4c351d54d8eb5e,late_blight/c421eebc-d8ec-42d7-bcc9-a615343216a0___GHLB2 Leaf 8912.JPG,late_blight,fallback:f882a4135e4c351d54d8eb5e,fallback_group,ffe6ba750670f710c0027e35,exclude_unresolved_component
f9a99a5920677d5fea00a848,late_blight/c451aa60-ebde-4dfd-a008-ad6e4cfef3fe___RS_Late.B 6857.JPG,late_blight,PlantVillage:Tomato___Late_blight:::197.0,verified_group,f9a99a5920677d5fea00a848,eligible_verified_subset
1c2eeee339deaaf6498b146f,late_blight/c47ca13e-af6a-4e74-bb38-12faeffd8eae___GHLB2 Leaf 163.1.JPG,late_blight,fallback:1c2eeee339deaaf6498b146f,fallback_group,1c2eeee339deaaf6498b146f,exclude_unresolved_component
a6ca03401336f1378134a35a,late_blight/c483c433-f51f-4e00-beb8-642a07628971___GHLB2 Leaf 8960.JPG,late_blight,fallback:a6ca03401336f1378134a35a,fallback_group,a6ca03401336f1378134a35a,exclude_unresolved_component
59fc8c54a24503fa37668cda,late_blight/c49f101c-9495-4a82-aabe-5f3adb220ef0___RS_Late.B 6597.JPG,late_blight,PlantVillage:Tomato___Late_blight:::178.0,verified_group,3fd6e67f7d18cc2ca4fb998e,eligible_verified_subset
77baa3848a3751a69bc456dd,late_blight/c4e17a14-ebac-4e2b-b00f-8b6b5e267b42___RS_Late.B 5097.JPG,late_blight,PlantVillage:Tomato___Late_blight:::51.0,verified_group,1645982c80dd7ebb91942b2e,eligible_verified_subset
5b969a9cf5060fe39f40f21b,late_blight/c4e95382-4bc7-4271-89ba-889f1dc55a2b___GHLB2 Leaf 9093.JPG,late_blight,fallback:5b969a9cf5060fe39f40f21b,fallback_group,5b969a9cf5060fe39f40f21b,exclude_unresolved_component
cb88f829113e2165ade50c2a,late_blight/c4f45383-715a-48b2-8ec7-c45d1c230a9d___GHLB_PS Leaf 13.1 Day 7.jpg,late_blight,fallback:cb88f829113e2165ade50c2a,fallback_group,cb88f829113e2165ade50c2a,exclude_unresolved_component
209d4e11ee57e1eb69d5e36c,late_blight/c50640d9-3647-4ef0-95c5-31fc5e8b688a___GHLB2 Leaf 8908.JPG,late_blight,fallback:209d4e11ee57e1eb69d5e36c,fallback_group,209d4e11ee57e1eb69d5e36c,exclude_unresolved_component
88aa3392ae9d4a53684b2797,late_blight/c5150ba8-d8c4-47a3-9938-83715b767693___RS_Late.B 6912.JPG,late_blight,PlantVillage:Tomato___Late_blight:::204.0,verified_group,22b1b6a125d8972e35cbfea5,eligible_verified_subset
410802e53abee8b19acbc8af,late_blight/c56dfea3-420f-46cf-b974-cec54b2c6992___GHLB_PS Leaf 2 Day 18.jpg,late_blight,fallback:410802e53abee8b19acbc8af,fallback_group,410802e53abee8b19acbc8af,exclude_unresolved_component
803a26dc28009503293762d2,late_blight/c57464ef-c813-4ee5-90db-2b196b996d57___GHLB2 Leaf 154.3.JPG,late_blight,fallback:803a26dc28009503293762d2,fallback_group,803a26dc28009503293762d2,exclude_unresolved_component
50566fdf10bfcf48ef0c2b97,late_blight/c5749d4c-332c-4017-bcb8-c22d5dbcc91e___GHLB2 Leaf 8803.JPG,late_blight,fallback:50566fdf10bfcf48ef0c2b97,fallback_group,50566fdf10bfcf48ef0c2b97,exclude_unresolved_component
74cd1bcd7f9f3b889bc57fa8,late_blight/c59952b7-66e1-484d-a2e2-d240e7b12680___GHLB2 Leaf 8553.JPG,late_blight,fallback:74cd1bcd7f9f3b889bc57fa8,fallback_group,74cd1bcd7f9f3b889bc57fa8,exclude_unresolved_component
3f109878dccfb0a4a8f7a1b5,late_blight/c5a7ebaa-df40-4cea-87d0-1f87ad7f58c0___RS_Late.B 6143.JPG,late_blight,PlantVillage:Tomato___Late_blight:::137.0,verified_group,5d2de855641764e72048baf0,eligible_verified_subset
fd8ac13a105d0b1389d6fc41,late_blight/c5b2af5b-c27f-4ed3-83e5-e2bfe096f024___RS_Late.B 6918.JPG,late_blight,PlantVillage:Tomato___Late_blight:::204.0,verified_group,22b1b6a125d8972e35cbfea5,eligible_verified_subset
15c966c05cda4422dadbd61f,late_blight/c614e6d5-04cc-4846-9867-84c83961c5cf___GHLB2 Leaf 8617.JPG,late_blight,fallback:15c966c05cda4422dadbd61f,fallback_group,15c966c05cda4422dadbd61f,exclude_unresolved_component
014886b08b8eed7ad8fe7a21,late_blight/c61bce34-b48f-4042-9ca6-f0287ecc3509___RS_Late.B 6970.JPG,late_blight,PlantVillage:Tomato___Late_blight:::208.0,verified_group,c9ae74bb72dd1da19f48dcf5,eligible_verified_subset
afe140b07c16944f89d846a7,late_blight/c68a177e-bd9d-4995-a8ab-9ef75bcef2fe___GHLB2 Leaf 8995.JPG,late_blight,fallback:afe140b07c16944f89d846a7,fallback_group,afe140b07c16944f89d846a7,exclude_unresolved_component
b555c3a22807e6d10e85a8c8,late_blight/c69d0486-1baa-479e-947f-6b8d069279ff___RS_Late.B 5200.JPG,late_blight,PlantVillage:Tomato___Late_blight:::69.0,verified_group,b555c3a22807e6d10e85a8c8,eligible_verified_subset
65029e9fef0e0a03f633ffc3,late_blight/c6cfdcc7-c5e6-45bc-8b5a-709bf2753902___RS_Late.B 7081.JPG,late_blight,PlantVillage:Tomato___Late_blight:::220.0,verified_group,1c839f0b2a498bc289c7c8ed,eligible_verified_subset
ef781fba7433decba5e16ace,late_blight/c6d3045a-d685-4e70-9e68-daaecabdddf4___GHLB2 Leaf 159.2.JPG,late_blight,fallback:ef781fba7433decba5e16ace,fallback_group,ef781fba7433decba5e16ace,exclude_unresolved_component
bb5cdea2ffb6b967a435c483,late_blight/c6dd1b5a-316b-468a-837a-707071a1ff98___GHLB2 Leaf 8790.JPG,late_blight,fallback:bb5cdea2ffb6b967a435c483,fallback_group,bb5cdea2ffb6b967a435c483,exclude_unresolved_component
41868eb7a687f0706afadde4,late_blight/c6f2f79f-4554-4869-84e0-32df4ed15eb4___RS_Late.B 6399.JPG,late_blight,PlantVillage:Tomato___Late_blight:::163.0,verified_group,c9dac97984af1402aaf805a3,eligible_verified_subset
0f1c449db07c81bb91058416,late_blight/c7249538-0d8d-4d6e-807f-eb693e3586ff___RS_Late.B 6032.JPG,late_blight,PlantVillage:Tomato___Late_blight:::123.0,verified_group,6d755f971cc4799768ea9246,eligible_verified_subset
4c469dd156c555c69765137d,late_blight/c7261dbf-10be-44a3-9ac5-77100d5bb9ad___RS_Late.B 7064.JPG,late_blight,PlantVillage:Tomato___Late_blight:::218.0,verified_group,f7d0b42cd53454fd9a11cf56,eligible_verified_subset
2fce9e9b7c04d9f12ebcf4e1,late_blight/c73d4fb4-db6b-4f53-b15a-d739d9703b27___GHLB Leaf 23 Day 18.JPG,late_blight,fallback:2fce9e9b7c04d9f12ebcf4e1,fallback_group,2fce9e9b7c04d9f12ebcf4e1,exclude_unresolved_component
a7e228fc7691d26be63aa4f8,late_blight/c74ae94e-2ddf-4c47-a90a-fbf4bac11a2d___GHLB2 Leaf 9117.JPG,late_blight,fallback:a7e228fc7691d26be63aa4f8,fallback_group,a7e228fc7691d26be63aa4f8,exclude_unresolved_component
22816537b2da8ec80f3e90ff,late_blight/c782c37e-851e-4601-ab5a-65f627a7a099___RS_Late.B 4911.JPG,late_blight,PlantVillage:Tomato___Late_blight:::15.0,verified_group,0bb2d1409f3b7de2737d07ad,eligible_verified_subset
ca55a271a02ffef75bc16abf,late_blight/c7871a80-0d29-40ab-b117-344808cb3485___GHLB_PS Leaf 33 Day 13.jpg,late_blight,fallback:ca55a271a02ffef75bc16abf,fallback_group,ca55a271a02ffef75bc16abf,exclude_unresolved_component
c94e441ff6ba5b158c8eb078,late_blight/c7c6bb21-8005-4584-b983-f5c35eb51e29___RS_Late.B 5061.JPG,late_blight,PlantVillage:Tomato___Late_blight:::44.0,verified_group,5b8c47ca0a9d46843073680a,eligible_verified_subset
4997e52ebbd1e79b1037dca1,late_blight/c7eaa5c7-da88-4df5-bba2-f89c61c82c86___RS_Late.B 4929.JPG,late_blight,PlantVillage:Tomato___Late_blight:::19.0,verified_group,c9be0abb7e46c5ad9f0e007e,eligible_verified_subset
7d0ab03d58474dce044bbab3,late_blight/c873c09b-f3b9-466c-bd1d-dc069eefde79___GHLB2 Leaf 9063.JPG,late_blight,fallback:7d0ab03d58474dce044bbab3,fallback_group,7d0ab03d58474dce044bbab3,exclude_unresolved_component
c7b78599406330fe91ea735b,late_blight/c88e92df-e964-428e-9d8b-df1e402fa41f___GHLB_PS Leaf 27.1 Day 13.jpg,late_blight,fallback:c7b78599406330fe91ea735b,fallback_group,c7b78599406330fe91ea735b,exclude_unresolved_component
f191a6c1a19955954ed0166c,late_blight/c8e70ac1-1fbc-496d-a6eb-954ef48d4f56___RS_Late.B 4932.JPG,late_blight,PlantVillage:Tomato___Late_blight:::20.0,verified_group,971f5807b860dc798a1406b9,eligible_verified_subset
fef87ebd47176d74fbfc743b,late_blight/c8fbd03f-4935-4199-8f8d-7bc1cc9e024d___GHLB2 Leaf 8941.JPG,late_blight,fallback:fef87ebd47176d74fbfc743b,fallback_group,fef87ebd47176d74fbfc743b,exclude_unresolved_component
878760887ccbbbd30334a9bb,late_blight/c8fca126-5379-4a48-8de1-5fcc8643999b___RS_Late.B 6934.JPG,late_blight,PlantVillage:Tomato___Late_blight:::206.0,verified_group,3d251ded37b16250fc580ad0,eligible_verified_subset
2f379705e392a2910831c3a0,late_blight/c91400cf-83f0-4472-9504-3234ccecf65c___RS_Late.B 5218.JPG,late_blight,PlantVillage:Tomato___Late_blight:::71.0,verified_group,df9b03607f6c66f5d3603582,eligible_verified_subset
96989e6dc3984b179a0f60cc,late_blight/c9165329-532e-447d-b380-e4f15106ee15___RS_Late.B 6350.JPG,late_blight,PlantVillage:Tomato___Late_blight:::160.0,verified_group,028294c6038ba5f944edbd25,eligible_verified_subset
13701dd945ece2785b905cbb,late_blight/c9258e44-7f45-4baf-8140-69d4857c56ee___GHLB_PS Leaf 45 Day 18.jpg,late_blight,fallback:13701dd945ece2785b905cbb,fallback_group,13701dd945ece2785b905cbb,exclude_unresolved_component
736b286efb58218dc121e9e7,late_blight/c92709f9-fb16-4c49-8651-8081edbc502d___GHLB2 Leaf 131.1.JPG,late_blight,fallback:736b286efb58218dc121e9e7,fallback_group,736b286efb58218dc121e9e7,exclude_unresolved_component
84119f86b69f0edaf52fa7ea,late_blight/c933cfb7-d1c7-420b-88d0-7df28ae6ab2d___GHLB_PS Leaf 36.1 Day 13.jpg,late_blight,fallback:84119f86b69f0edaf52fa7ea,fallback_group,84119f86b69f0edaf52fa7ea,exclude_unresolved_component
c8e1bbdcc9639da972d13c5c,late_blight/c933f19c-7b00-4dca-b2c4-94d3b9212f92___GHLB2 Leaf 8985.JPG,late_blight,fallback:c8e1bbdcc9639da972d13c5c,fallback_group,c8e1bbdcc9639da972d13c5c,exclude_unresolved_component
4dcaad1a218a6bb5879f9c51,late_blight/c95eaeb8-7673-4411-bbbe-b2464526f303___RS_Late.B 6233.JPG,late_blight,PlantVillage:Tomato___Late_blight:::148.0,verified_group,cda882242e811b1557f8108f,eligible_verified_subset
15bf61cef5bdef71a980a8b7,late_blight/c991e311-e10c-4505-a01a-3ad7c92d3e3b___RS_Late.B 7194.JPG,late_blight,PlantVillage:Tomato___Late_blight:::230.0,verified_group,28200ff7584a73acabaf01e1,eligible_verified_subset
3a0fd192ff6684300498ee19,late_blight/c9ae05d3-8ffd-49a4-abc3-ceeeabdc1e0d___GHLB2 Leaf 55.JPG,late_blight,fallback:3a0fd192ff6684300498ee19,fallback_group,3a0fd192ff6684300498ee19,exclude_unresolved_component
00fdc99ae532cd0f4a93b334,late_blight/c9bcf015-b951-4176-bc2c-d8c067b64c66___RS_Late.B 5489.JPG,late_blight,PlantVillage:Tomato___Late_blight:::101.0,verified_group,14bff025c17911b94d3e5463,eligible_verified_subset
63470475a2efe0a0266f3188,late_blight/c9c8854f-00f2-4bec-b263-f03354f58114___RS_Late.B 6997.JPG,late_blight,PlantVillage:Tomato___Late_blight:::211.0,verified_group,316f1fa4eec4ae1521a0774f,eligible_verified_subset
48f47c26d4d558bf05622347,late_blight/c9e551e1-6732-49e5-898e-a8dfbcc7b0c3___RS_Late.B 4959.JPG,late_blight,PlantVillage:Tomato___Late_blight:::24.0,verified_group,f908fda8332386871a37f606,eligible_verified_subset
3f232bdf2e58abe839ef4753,late_blight/c9f19d2a-8c9d-4ac1-b077-545c5d6f53a9___GHLB_PS Leaf 53 Day 18 .jpg,late_blight,fallback:3f232bdf2e58abe839ef4753,fallback_group,3f232bdf2e58abe839ef4753,exclude_unresolved_component
4d9bd42f9b6495164a0a3f82,late_blight/c9fa4b23-358b-4df7-a457-79573e018906___GHLB2 Leaf 8870.JPG,late_blight,fallback:4d9bd42f9b6495164a0a3f82,fallback_group,4d9bd42f9b6495164a0a3f82,exclude_unresolved_component
de4e5d77734145bc0bb2f50c,late_blight/ca5daff3-da8c-404a-b51a-02612ca741e4___GHLB2 Leaf 8722.JPG,late_blight,fallback:de4e5d77734145bc0bb2f50c,fallback_group,de4e5d77734145bc0bb2f50c,exclude_unresolved_component
ccc241142d8854068c1cd3da,late_blight/ca6362b2-b680-4348-a795-3bc37275e70f___GHLB2 Leaf 79.JPG,late_blight,fallback:ccc241142d8854068c1cd3da,fallback_group,ccc241142d8854068c1cd3da,exclude_unresolved_component
ed564ca5ca571d1fd49d768b,late_blight/cac3a565-799f-4b66-a575-5ad6ff356d37___GHLB_PS Leaf 2.3 Day 8.jpg,late_blight,fallback:ed564ca5ca571d1fd49d768b,fallback_group,ed564ca5ca571d1fd49d768b,exclude_unresolved_component
92be9f762a698a294936e5d4,late_blight/cad32686-aa52-4c8d-85e7-2578027af2a5___RS_Late.B 4857.JPG,late_blight,PlantVillage:Tomato___Late_blight:::7.0,verified_group,6eeb62cf21b19bc014029539,eligible_verified_subset
de62f05cf60f3d79063f4e89,late_blight/caf4164d-4f6f-4a75-b394-924f89e0d040___GHLB2 Leaf 8759.JPG,late_blight,fallback:de62f05cf60f3d79063f4e89,fallback_group,de62f05cf60f3d79063f4e89,exclude_unresolved_component
6c4ec6f21fa7571ab7c9ed48,late_blight/cb11b3a4-a1f5-43a2-a7ff-399d7674b708___GHLB_PS Leaf 2.2 Day 18.jpg,late_blight,fallback:6c4ec6f21fa7571ab7c9ed48,fallback_group,6c4ec6f21fa7571ab7c9ed48,exclude_unresolved_component
b2007c23469bff86ddbdbbd8,late_blight/cb3bd866-dd84-4f7e-9226-b4a2a2c7f2ae___GH_HL Leaf 173.2.JPG,late_blight,fallback:b2007c23469bff86ddbdbbd8,fallback_group,b2007c23469bff86ddbdbbd8,exclude_unresolved_component
1c4f19d74b8f2aaaef9d5ba9,late_blight/cb56bd8e-f217-4537-9d35-a62d6b82f48f___GHLB2 Leaf 8769.JPG,late_blight,fallback:1c4f19d74b8f2aaaef9d5ba9,fallback_group,1c4f19d74b8f2aaaef9d5ba9,exclude_unresolved_component
b537fd05d281bfe16d5b17d8,late_blight/cbad7bd4-3406-415b-b82c-bf4f995e8eec___GHLB2 Leaf 115.2.JPG,late_blight,fallback:b537fd05d281bfe16d5b17d8,fallback_group,b537fd05d281bfe16d5b17d8,exclude_unresolved_component
3e999519c74ffa8507358dc8,late_blight/cbba9493-51c1-4cad-b194-0ca6ac3a3059___RS_Late.B 6773.JPG,late_blight,PlantVillage:Tomato___Late_blight:::190.0,verified_group,2668841d941eafda34e8589c,eligible_verified_subset
edee0e86493d7261e50a1a0a,late_blight/cbbf7dc3-4ff9-4864-bd26-54ed77b01e51___RS_Late.B 6628.JPG,late_blight,PlantVillage:Tomato___Late_blight:::180.0,verified_group,c58af7e639ccd689bc1eaec9,eligible_verified_subset
999a271e53c466baa6f34ffd,late_blight/cbf0f139-7683-47f8-a107-4180deee217e___RS_Late.B 6029.JPG,late_blight,PlantVillage:Tomato___Late_blight:::123.0,verified_group,6d755f971cc4799768ea9246,eligible_verified_subset
222a9904a48b9f06b69c4405,late_blight/cbf8d72d-f718-4b68-b609-42b790845c38___GHLB2 Leaf 8887.JPG,late_blight,fallback:222a9904a48b9f06b69c4405,fallback_group,222a9904a48b9f06b69c4405,exclude_unresolved_component
427065a15b09f2bf27e31299,late_blight/cc182d88-d09a-4caa-948a-91db3007290a___GHLB_PS Leaf 2.1 Day 7.jpg,late_blight,fallback:427065a15b09f2bf27e31299,fallback_group,427065a15b09f2bf27e31299,exclude_unresolved_component
c22fe985b95d27d7672addff,late_blight/cc31ca99-6a1c-4e62-bc6b-044c99ba2c62___RS_Late.B 6775.JPG,late_blight,PlantVillage:Tomato___Late_blight:::191.0,verified_group,4d634c3aa26a6c0481b9b48b,eligible_verified_subset
443d97c811d811c9852fee20,late_blight/cc5c76c0-2858-483e-8f1e-4e472116725b___RS_Late.B 5629.JPG,late_blight,PlantVillage:Tomato___Late_blight:::119.0,verified_group,3731d0c4a5e6b9cf2c7154fb,eligible_verified_subset
c804f8e6538c11392548020d,late_blight/cc822a81-2140-421a-957c-e4ccfa2c0ba5___RS_Late.B 5357.JPG,late_blight,PlantVillage:Tomato___Late_blight:::84.0,verified_group,8272a34962fe57e04a940543,eligible_verified_subset
c0a8ae01f2d4a7bf58702e6a,late_blight/ccbeb4a7-7a15-4246-9ffa-1807e58b3afc___RS_Late.B 4849.JPG,late_blight,PlantVillage:Tomato___Late_blight:::5.0,verified_group,4698e5761bca378ad7daf0b8,eligible_verified_subset
e3c4a982c58cdb4da596127b,late_blight/ccc1fb49-16b3-4cf6-b782-4b98e9429f7b___GHLB2 Leaf 8832.JPG,late_blight,fallback:e3c4a982c58cdb4da596127b,fallback_group,e3c4a982c58cdb4da596127b,exclude_unresolved_component
5cc0e53bd10ba7dc7768e22b,late_blight/ccc2f713-80ff-4e68-bb2d-14d6152dfa6d___GHLB2 Leaf 8898.JPG,late_blight,fallback:5cc0e53bd10ba7dc7768e22b,fallback_group,5cc0e53bd10ba7dc7768e22b,exclude_unresolved_component
69f0e172ade603fb311ba62a,late_blight/cd042eac-79ff-4b4c-a561-b24bc69f9215___RS_Late.B 6486.JPG,late_blight,PlantVillage:Tomato___Late_blight:::170.0,verified_group,a91d9f9c4c60cb0799553a1e,eligible_verified_subset
d3f4eced4f65dedbc9b2182a,late_blight/cd11a26c-4833-4829-b6b7-29b03bc8df4d___RS_Late.B 5615.JPG,late_blight,PlantVillage:Tomato___Late_blight:::118.0,verified_group,f1991284fabc7b57e623240a,eligible_verified_subset
314203a1477cfbf5a579e104,late_blight/cd30b663-6808-4c13-9c04-c7aff5fae382___RS_Late.B 5310.JPG,late_blight,PlantVillage:Tomato___Late_blight:::77.0,verified_group,699c2b6c0b824345deb53c1c,eligible_verified_subset
44a7680d34da334839f26657,late_blight/cd3a1b72-2538-4ed0-9b04-6485b4f0ab0c___RS_Late.B 7149.JPG,late_blight,PlantVillage:Tomato___Late_blight:::228.0,verified_group,d31c19c415f7d58f6420ffea,eligible_verified_subset
020b5ecc183eb09387e9be0d,late_blight/cd68ccb3-8745-4307-a7d0-15c6f4aa26f9___GHLB2 Leaf 8891.JPG,late_blight,fallback:020b5ecc183eb09387e9be0d,fallback_group,020b5ecc183eb09387e9be0d,exclude_unresolved_component
2450597d00a10cd61e172e64,late_blight/cd71e099-6bee-45ab-8de3-08be107939af___RS_Late.B 5040.JPG,late_blight,PlantVillage:Tomato___Late_blight:::40.0,verified_group,5596079b9bca769994a688b2,eligible_verified_subset
17c845ae3c53246c06cb500c,late_blight/cd74e79e-b798-4eec-8e3a-1c06a1da37f2___GHLB2 Leaf 8534.JPG,late_blight,fallback:17c845ae3c53246c06cb500c,fallback_group,17c845ae3c53246c06cb500c,exclude_unresolved_component
e60bd5fef2e66405fd1c116d,late_blight/cd8e0f91-3cbd-4327-9966-e8d3424d2612___GHLB2 Leaf 8713.JPG,late_blight,fallback:e60bd5fef2e66405fd1c116d,fallback_group,e60bd5fef2e66405fd1c116d,exclude_unresolved_component
56f48759e9a460481840a6f6,late_blight/cd97ced1-2870-4f00-b7c7-37b8903378b9___RS_Late.B 6926.JPG,late_blight,PlantVillage:Tomato___Late_blight:::205.0,verified_group,432faf84683e66f8f548ac7b,eligible_verified_subset
32069ded81f52c841d6bbf5e,late_blight/cdcc1a8c-7b80-4d56-a5b6-942f03928ea0___RS_Late.B 5233.JPG,late_blight,PlantVillage:Tomato___Late_blight:::73.0,verified_group,40fb83b0d96f570dabca20c8,eligible_verified_subset
9468b7a9874b0af7d8185138,late_blight/cdda8dae-ea06-49fd-bdc3-12852b4105b2___GHLB2 Leaf 8843.JPG,late_blight,fallback:9468b7a9874b0af7d8185138,fallback_group,9468b7a9874b0af7d8185138,exclude_unresolved_component
6dc7058a1f45052aff8b9bcd,late_blight/cdeb7f9d-c0de-4fbd-95a5-fbaaa51460dd___RS_Late.B 5571.JPG,late_blight,PlantVillage:Tomato___Late_blight:::110.0,verified_group,cfefa1113089dfd472300e07,eligible_verified_subset
5b0a7f4f70881e664effd8b9,late_blight/ce02cb11-2c42-48ab-b20a-6412252b7cf1___RS_Late.B 6249.JPG,late_blight,PlantVillage:Tomato___Late_blight:::149.0,verified_group,cf8350e3c340f1a596941a56,eligible_verified_subset
7da18ba1c7734be64bb78d25,late_blight/ce3f895d-e031-4ed9-ac40-7f6550894bff___GHLB_PS Leaf 52.1 Day 18.jpg,late_blight,fallback:7da18ba1c7734be64bb78d25,fallback_group,7da18ba1c7734be64bb78d25,exclude_unresolved_component
42503b0ab2455560f4d72553,late_blight/ce6a5c52-75d4-4d81-8d7e-3ece1c7812f3___GHLB2 Leaf 8872.JPG,late_blight,fallback:42503b0ab2455560f4d72553,fallback_group,42503b0ab2455560f4d72553,exclude_unresolved_component
cc506f763bdaef3a9f06ebd1,late_blight/ce70ced2-e8db-4eaf-9d4c-ae482126085f___RS_Late.B 6043.JPG,late_blight,PlantVillage:Tomato___Late_blight:::125.0,verified_group,72e861e91d6ee172fc84a02f,eligible_verified_subset
923dbf798abc8b7565fcf161,late_blight/ce90a66b-6d07-4fc1-89bd-af0de0c5dee1___GHLB2 Leaf 108.JPG,late_blight,fallback:923dbf798abc8b7565fcf161,fallback_group,923dbf798abc8b7565fcf161,exclude_unresolved_component
da04d70e0ef7b1af73a5371a,late_blight/cebd5337-bb61-4454-93da-bba4169f0802___GHLB2 Leaf 145.JPG,late_blight,fallback:da04d70e0ef7b1af73a5371a,fallback_group,450e42126a5a30025a122c39,exclude_unresolved_component
6472d6dc05e9db99ebd2436d,late_blight/cec774a0-92f4-4446-af6a-f0743e667461___RS_Late.B 5171.JPG,late_blight,PlantVillage:Tomato___Late_blight:::64.0,verified_group,2adfa133cd039b1f00998ace,eligible_verified_subset
376bb04bfd2ab6053faa9aaf,late_blight/cedebb08-bf5c-434a-931e-63ce9621b77e___GHLB2 Leaf 9091.JPG,late_blight,fallback:376bb04bfd2ab6053faa9aaf,fallback_group,376bb04bfd2ab6053faa9aaf,exclude_unresolved_component
cd20fa31fd239508c143ea47,late_blight/ceec7525-b67e-43fc-8967-77d57133afba___RS_Late.B 5586.JPG,late_blight,PlantVillage:Tomato___Late_blight:::113.0,verified_group,44480b76022af3f4a9078302,eligible_verified_subset
0110627c110f9d8ab5a97cc8,late_blight/cf0469e3-6a8c-4d3b-a1d3-43b99619b472___GHLB2 Leaf 8699.JPG,late_blight,fallback:0110627c110f9d8ab5a97cc8,fallback_group,c4e306b76750294555333148,exclude_unresolved_component
f2f4d9bbdb49b0d377c59675,late_blight/cf17b854-3985-4aaa-a044-9babdc780668___GHLB2 Leaf 8775.JPG,late_blight,fallback:f2f4d9bbdb49b0d377c59675,fallback_group,f2f4d9bbdb49b0d377c59675,exclude_unresolved_component
c95fbf47fd49bdbd8d224268,late_blight/cf21ccf7-0ad0-44cb-b541-a03d3921afcf___GHLB2 Leaf 8798.JPG,late_blight,fallback:c95fbf47fd49bdbd8d224268,fallback_group,c95fbf47fd49bdbd8d224268,exclude_unresolved_component
3d5da7e02d73fc79f41fea39,late_blight/cf2e943e-c8d7-43eb-a137-72f6b67b187a___RS_Late.B 7192.JPG,late_blight,PlantVillage:Tomato___Late_blight:::230.0,verified_group,28200ff7584a73acabaf01e1,eligible_verified_subset
a874a375e3156ce1c9eb32e7,late_blight/cf724383-bfe7-454a-9f22-bb59072d56ae___RS_Late.B 5442.JPG,late_blight,PlantVillage:Tomato___Late_blight:::95.0,verified_group,2a8bc560967a973d9571415b,eligible_verified_subset
d26ce5b13742f261d8adba00,late_blight/cf848353-3cc5-4d85-95ae-453c7da065f4___RS_Late.B 6756.JPG,late_blight,PlantVillage:Tomato___Late_blight:::189.0,verified_group,dc00c6f38ceb8c77f8637c84,eligible_verified_subset
bb0ad7d2fd83226d1cae2c77,late_blight/cfa1ba1d-b853-441d-99b4-0d9d413c8eb0___RS_Late.B 5288.JPG,late_blight,PlantVillage:Tomato___Late_blight:::76.0,verified_group,cc3528a656a2b0b861dfab17,eligible_verified_subset
d7bd725c69af15cde6baf651,late_blight/cfaaca13-e947-4cc1-aa07-1611b17879a4___GHLB2 Leaf 9118.JPG,late_blight,fallback:d7bd725c69af15cde6baf651,fallback_group,d7bd725c69af15cde6baf651,exclude_unresolved_component
639112931fe300259f43a56e,late_blight/d029a830-f39c-4668-b413-45b69e2b3640___RS_Late.B 4841.JPG,late_blight,PlantVillage:Tomato___Late_blight:::3.0,verified_group,bd31ab570fa80767285dc082,eligible_verified_subset
62cd7e0f04987641d1183fbf,late_blight/d0811c38-0d61-4bd1-a9a3-49d990c0cfbc___GHLB2 Leaf 8931.JPG,late_blight,fallback:62cd7e0f04987641d1183fbf,fallback_group,62cd7e0f04987641d1183fbf,exclude_unresolved_component
b670e3deade17946934326f7,late_blight/d08bee32-4f76-4a08-9158-69fe55da2ddb___GHLB Leaf 23 Day 12.JPG,late_blight,fallback:b670e3deade17946934326f7,fallback_group,b670e3deade17946934326f7,exclude_unresolved_component
7915cc4f8e92f02a3926a9fc,late_blight/d0badc95-d04c-457b-8db8-aa6e198f4bd6___GHLB Leaf 10 Day 6.jpeg,late_blight,fallback:7915cc4f8e92f02a3926a9fc,fallback_group,7915cc4f8e92f02a3926a9fc,exclude_unresolved_component
c0634fb0cba8a78c23caebc5,late_blight/d0d54368-8903-496b-9b2c-705a3d4cf8d6___RS_Late.B 5377.JPG,late_blight,PlantVillage:Tomato___Late_blight:::85.0,verified_group,2bbc496a42c3f0504a94bcaa,eligible_verified_subset
fcdd953bb70d48c2d5b60d0f,late_blight/d0dceae1-6bf8-475a-99fa-f27accadece0___GHLB2 Leaf 8778.JPG,late_blight,fallback:fcdd953bb70d48c2d5b60d0f,fallback_group,fcdd953bb70d48c2d5b60d0f,exclude_unresolved_component
858ae6420d59316934564a8c,late_blight/d11994f7-7c51-41b1-8225-c628e0e15885___GHLB2 Leaf 8683.JPG,late_blight,fallback:858ae6420d59316934564a8c,fallback_group,858ae6420d59316934564a8c,exclude_unresolved_component
2121ac5abdadd1726449f839,late_blight/d1c1488e-f121-4b32-a7f6-24c25ee6b766___RS_Late.B 7102.JPG,late_blight,PlantVillage:Tomato___Late_blight:::222.0,verified_group,6cd25b95d6e87d2d89b6a259,eligible_verified_subset
d1394b61572a66cb6cc718de,late_blight/d1f8e85b-aa57-460d-8ea2-90ceb345478c___GHLB Leaf 2.7 Day 12.JPG,late_blight,fallback:d1394b61572a66cb6cc718de,fallback_group,d1394b61572a66cb6cc718de,exclude_unresolved_component
1ebca527eff8f9b01f33c8bd,late_blight/d2564630-8c1a-484b-a4e1-8c98905750d0___RS_Late.B 5014.JPG,late_blight,PlantVillage:Tomato___Late_blight:::34.0,verified_group,c7d2b41a49d3b5d8ef69820e,eligible_verified_subset
87992e218c84fac0ff7ab8a3,late_blight/d2619e9f-172d-4c42-8513-0ab522c02824___GHLB Leaf 2.2 Day 16.JPG,late_blight,fallback:87992e218c84fac0ff7ab8a3,fallback_group,87992e218c84fac0ff7ab8a3,exclude_unresolved_component
d0bb08d9f4cd0c9901996cf6,late_blight/d26fdac6-4355-4875-8c27-ebb1eaa50a8d___RS_Late.B 5119.JPG,late_blight,PlantVillage:Tomato___Late_blight:::55.0,verified_group,220c91058570bb9a89a26217,eligible_verified_subset
cf79ac0607dabd5edb7e3b86,late_blight/d28832cb-6291-40c8-b48e-c6019c1eb6a5___RS_Late.B 6437.JPG,late_blight,PlantVillage:Tomato___Late_blight:::166.0,verified_group,864f249482ec4434ed2c82d6,eligible_verified_subset
293e3cafb81c0cdcd9425d53,late_blight/d2892ccc-cc57-49ff-88eb-5aa2ee0f862e___GHLB2 Leaf 74.JPG,late_blight,fallback:293e3cafb81c0cdcd9425d53,fallback_group,293e3cafb81c0cdcd9425d53,exclude_unresolved_component
65ff73ca1bbd4c03b2e9e12a,late_blight/d28bd097-8584-4269-a82b-43d6f5df787b___RS_Late.B 4832.JPG,late_blight,PlantVillage:Tomato___Late_blight:::2.0,verified_group,a1879aff7465a1c3b9b09150,eligible_verified_subset
4f9f616ae70e08f4d34daf76,late_blight/d2b12108-4222-4653-85f2-9d59c5929c1e___RS_Late.B 6360.JPG,late_blight,PlantVillage:Tomato___Late_blight:::161.0,verified_group,336f431d967a51f01db0f41a,eligible_verified_subset
b98bca4c9c72e37bc948b7a0,late_blight/d2b2f190-12e4-467b-b64b-50b50d452a95___RS_Late.B 4913.JPG,late_blight,PlantVillage:Tomato___Late_blight:::16.0,verified_group,f793ec922d6cc21f1a3e9648,eligible_verified_subset
e4e49eb1b73032695b1c8041,late_blight/d2c04ad0-6dbc-4f9c-8566-446bcc9b5953___GHLB2 Leaf 8679.JPG,late_blight,fallback:e4e49eb1b73032695b1c8041,fallback_group,e4e49eb1b73032695b1c8041,exclude_unresolved_component
4fad0109581320040a9638a1,late_blight/d2ef0edd-4a4f-4245-85a8-34309ef9ef71___GHLB_PS Leaf 46.1 Day 18.jpg,late_blight,fallback:4fad0109581320040a9638a1,fallback_group,4fad0109581320040a9638a1,exclude_unresolved_component
3cb560b756294edc47624a0a,late_blight/d31734a0-98c8-43a2-9b17-166785e192f8___GHLB2 Leaf 8706.JPG,late_blight,fallback:3cb560b756294edc47624a0a,fallback_group,3cb560b756294edc47624a0a,exclude_unresolved_component
10297047296a1816faacb299,late_blight/d346f7f2-7cc9-43ef-bfcf-fbfd9d9db724___GHLB_PS Leaf 18 Day 8.jpg,late_blight,fallback:10297047296a1816faacb299,fallback_group,10297047296a1816faacb299,exclude_unresolved_component
6d7f400c9f6c816032d38cef,late_blight/d348146e-9cb0-45be-b0ba-78fc310b92da___GHLB2 Leaf 9101.JPG,late_blight,fallback:6d7f400c9f6c816032d38cef,fallback_group,6d7f400c9f6c816032d38cef,exclude_unresolved_component
bad21c239545c406c9cfebe7,late_blight/d373ae28-23fa-48ac-9745-7b9f405698d5___RS_Late.B 5391.JPG,late_blight,PlantVillage:Tomato___Late_blight:::88.0,verified_group,5c2413e2ecf0f9964e9d1e75,eligible_verified_subset
efdc1eea79a50978c23b372a,late_blight/d3756978-23f4-48a2-a7e5-9b32c9453059___GHLB2 Leaf 160.3.JPG,late_blight,fallback:efdc1eea79a50978c23b372a,fallback_group,efdc1eea79a50978c23b372a,exclude_unresolved_component
cddf9c1fe3e81ed50de9aa70,late_blight/d37ac919-98d9-4838-8fb2-0499175b5be4___RS_Late.B 6819.JPG,late_blight,PlantVillage:Tomato___Late_blight:::195.0,verified_group,2600cc5b9c5b45ba4bf31d77,eligible_verified_subset
44ca5265e6a4e6eee10762ad,late_blight/d3cc7383-40d6-490c-9cd7-a089f462ff54___RS_Late.B 5208.JPG,late_blight,PlantVillage:Tomato___Late_blight:::70.0,verified_group,c095389a0ffaf56f46c7fa5f,eligible_verified_subset
15eafca3e1f4f012ef933696,late_blight/d3d532b0-4927-4818-a12c-709ce0134435___GHLB2 Leaf 9051.JPG,late_blight,fallback:15eafca3e1f4f012ef933696,fallback_group,15eafca3e1f4f012ef933696,exclude_unresolved_component
f4d725a2a40ac6c60ebf1fa3,late_blight/d3ee22da-7e5e-4c46-9d04-a710007aff19___RS_Late.B 6257.JPG,late_blight,PlantVillage:Tomato___Late_blight:::150.0,verified_group,60544535ed572e0b08f51051,eligible_verified_subset
a6c718c15a712140a8dba269,late_blight/d3f4d20f-839b-452d-81e6-e61cc0047fda___GHLB Leaf 1.2 Day 12.JPG,late_blight,fallback:a6c718c15a712140a8dba269,fallback_group,a6c718c15a712140a8dba269,exclude_unresolved_component
aad67091bb2002d574723fc6,late_blight/d41d839a-339e-4d0f-985b-04ddd8a5b556___GHLB2 Leaf 8823.JPG,late_blight,fallback:aad67091bb2002d574723fc6,fallback_group,aad67091bb2002d574723fc6,exclude_unresolved_component
ae2266446473f46577afca53,late_blight/d42db004-b176-449f-9290-061fb92738d2___RS_Late.B 7139.JPG,late_blight,PlantVillage:Tomato___Late_blight:::227.0,verified_group,1d041595fee7c39eaac11a31,eligible_verified_subset
4cb58306dd7a244133435481,late_blight/d45e9f86-2819-4c41-886c-73b7012674b3___GHLB Leaf 2 Day 16 .JPG,late_blight,fallback:4cb58306dd7a244133435481,fallback_group,4cb58306dd7a244133435481,exclude_unresolved_component
8c8497f4796e5cc23c34749d,late_blight/d491156d-bcb8-47b9-b6b9-3f1d2dc1777f___GHLB2 Leaf 8779.JPG,late_blight,fallback:8c8497f4796e5cc23c34749d,fallback_group,8c8497f4796e5cc23c34749d,exclude_unresolved_component
df67492e5a2fb27477e52a99,late_blight/d4ac342b-52cf-490f-808f-410d101fcd4b___RS_Late.B 5483.JPG,late_blight,PlantVillage:Tomato___Late_blight:::100.0,verified_group,9c44ef9dfb1a3c94eb512b99,eligible_verified_subset
7826be44e7eabeefb3f21b8a,late_blight/d4af5357-afc6-4a81-8d7c-bf8f947c3c91___RS_Late.B 6908.JPG,late_blight,PlantVillage:Tomato___Late_blight:::203.0,verified_group,8270f2581f0653f23c8d99c0,eligible_verified_subset
412b25822b5693c25f6762a8,late_blight/d4f41a97-4705-48e0-9707-2deeb12e4ef6___GHLB Leaf 8 Day 6.JPG,late_blight,fallback:412b25822b5693c25f6762a8,fallback_group,412b25822b5693c25f6762a8,exclude_unresolved_component
5bcd06caf76c352fa2abdafc,late_blight/d4f4500b-9ebe-41fe-84ed-00278dc646b7___GHLB2 Leaf 9017.JPG,late_blight,fallback:5bcd06caf76c352fa2abdafc,fallback_group,5bcd06caf76c352fa2abdafc,exclude_unresolved_component
7235a72566d049f495e7a013,late_blight/d519ec29-c557-4ef7-b572-a954c6ec4187___GHLB2 Leaf 9007.JPG,late_blight,fallback:7235a72566d049f495e7a013,fallback_group,7235a72566d049f495e7a013,exclude_unresolved_component
de3ac6b9e5e1288e592230aa,late_blight/d55910c3-3530-4bde-94a7-6748f5fadfb4___RS_Late.B 7161.JPG,late_blight,PlantVillage:Tomato___Late_blight:::229.0,verified_group,70208b11c112ff318ddc768f,eligible_verified_subset
5d127c0113d8c2062bccf0d8,late_blight/d56280c8-1442-476c-bdc8-8bb99edad8dd___GHLB2 Leaf 8847.JPG,late_blight,fallback:5d127c0113d8c2062bccf0d8,fallback_group,5d127c0113d8c2062bccf0d8,exclude_unresolved_component
e96067fc8eb7ab235007b2c8,late_blight/d5b8a6e0-d0f6-4271-9d20-2e2d98834b8e___RS_Late.B 4952.JPG,late_blight,PlantVillage:Tomato___Late_blight:::23.0,verified_group,2f7a48fcfbbbe47c869222ca,eligible_verified_subset
de9c6283f6592b0b7d2f51f2,late_blight/d5d97236-2cf4-4910-a0a9-b15223afbdbf___RS_Late.B 6049.JPG,late_blight,PlantVillage:Tomato___Late_blight:::126.0,verified_group,9d4b0f1e5aed5ccaab7e0d5e,eligible_verified_subset
bd9306cd0b22a2f24e404b60,late_blight/d5f68aaa-5700-4957-b08c-dcab8be0d49e___GHLB_PS Leaf 1 Day 9.jpg,late_blight,fallback:bd9306cd0b22a2f24e404b60,fallback_group,bd9306cd0b22a2f24e404b60,exclude_unresolved_component
6aff2e4edf70377451a20d03,late_blight/d5fc4513-574d-4be6-a8ba-1dc840b21fc4___RS_Late.B 6470.JPG,late_blight,PlantVillage:Tomato___Late_blight:::169.0,verified_group,5ed1c2ae332b0db32730ab23,eligible_verified_subset
816bd983db0ba720d9314232,late_blight/d6027b84-ede4-4b4a-b76b-3fa65f4e663c___RS_Late.B 5198.JPG,late_blight,PlantVillage:Tomato___Late_blight:::69.0,verified_group,b555c3a22807e6d10e85a8c8,eligible_verified_subset
9cf9473accfec1947dc5ef32,late_blight/d61d71af-a2aa-442b-9dd4-37cf1f86e4c5___RS_Late.B 5609.JPG,late_blight,PlantVillage:Tomato___Late_blight:::117.0,verified_group,d11a669dd14c243a1d5396dd,eligible_verified_subset
2c391f665341bc816d301724,late_blight/d63639eb-4a20-4321-b8b6-38de563a1ee6___GHLB_PS Leaf 26.4 Day 13.jpg,late_blight,fallback:2c391f665341bc816d301724,fallback_group,2c391f665341bc816d301724,exclude_unresolved_component
53114a8fdebe21344fe6181e,late_blight/d63c86b6-4cd6-4982-b12c-c770ce2a2ef3___RS_Late.B 6574.JPG,late_blight,PlantVillage:Tomato___Late_blight:::175.0,verified_group,6e5296cb27eda4b2c50ae050,eligible_verified_subset
054da10e44036cc35f437868,late_blight/d648ce42-6742-44b2-95b9-a01b24e3054a___RS_Late.B 6116.JPG,late_blight,PlantVillage:Tomato___Late_blight:::133.0,verified_group,d228042d12d2b24783404a5c,eligible_verified_subset
95f63db191fe6ff74bc6ee87,late_blight/d67013bf-2462-4626-a4fa-e352e7d3008b___GHLB2ES Leaf 139.1.JPG,late_blight,fallback:95f63db191fe6ff74bc6ee87,fallback_group,45f23d80db8c18421680df85,exclude_unresolved_component
a03dcbc413bf167d20636b41,late_blight/d674cbf6-0cdc-407a-97ea-c3f53f2c51e4___GH_HL Leaf 170.JPG,late_blight,fallback:a03dcbc413bf167d20636b41,fallback_group,3de5cdb4425fe29b214adb5a,exclude_unresolved_component
edd655b7aebd21a06a137eb1,late_blight/d69cda61-f13d-4d73-9a4b-ac0e7c386389___GHLB2 Leaf 98.JPG,late_blight,fallback:edd655b7aebd21a06a137eb1,fallback_group,edd655b7aebd21a06a137eb1,exclude_unresolved_component
4d68088bccacafa0285ecaa2,late_blight/d6ccb948-fdd5-4357-bb6a-c3df838ea465___GHLB_PS Leaf 8.1 Day 8.jpg,late_blight,fallback:4d68088bccacafa0285ecaa2,fallback_group,4d68088bccacafa0285ecaa2,exclude_unresolved_component
f055d52c968d5894e580b96a,late_blight/d6dde2e1-097a-4d45-b646-0110aaa06107___GHLB2 Leaf 8816.JPG,late_blight,fallback:f055d52c968d5894e580b96a,fallback_group,547e7b376c54d3fed45df352,exclude_unresolved_component
991e3556c51eea64fefc51a3,late_blight/d6e1f9c1-f0f2-4370-8eb5-aba74edd815a___RS_Late.B 5209.JPG,late_blight,PlantVillage:Tomato___Late_blight:::70.0,verified_group,c095389a0ffaf56f46c7fa5f,eligible_verified_subset
f56a35edead7ca44fc097b96,late_blight/d6e6897a-5083-4914-9903-804c5684a956___GHLB2 Leaf 102.JPG,late_blight,fallback:f56a35edead7ca44fc097b96,fallback_group,f56a35edead7ca44fc097b96,exclude_unresolved_component
960583751e5a7393b6713c87,late_blight/d6e9c42c-39cb-42a7-8d9b-a926fe21f926___RS_Late.B 6684.JPG,late_blight,PlantVillage:Tomato___Late_blight:::184.0,verified_group,e59d6491e54547ec714b28ad,eligible_verified_subset
ad560e0ff67abd75468810f8,late_blight/d7052146-5be7-4d3d-a2a7-32d4277c26a2___GHLB2ES Leaf 141.JPG,late_blight,fallback:ad560e0ff67abd75468810f8,fallback_group,ad560e0ff67abd75468810f8,exclude_unresolved_component
5f82ac3e8bd7a4d0239b0357,late_blight/d70b86ba-e117-43d6-ad51-43c67d9a2483___RS_Late.B 6347.JPG,late_blight,PlantVillage:Tomato___Late_blight:::159.0,verified_group,fd76a4b5557ef8582e5fece1,eligible_verified_subset
61385567bf7dcac9dc5ee6d4,late_blight/d730c413-51de-4f47-86bd-e0763f5a5298___GHLB2 Leaf 8894.JPG,late_blight,fallback:61385567bf7dcac9dc5ee6d4,fallback_group,61385567bf7dcac9dc5ee6d4,exclude_unresolved_component
6c29f1ef2c3cff08f81eee31,late_blight/d730e978-5e96-4a43-878b-33ffc5b635c4___GHLB2 Leaf 8972.JPG,late_blight,fallback:6c29f1ef2c3cff08f81eee31,fallback_group,6c29f1ef2c3cff08f81eee31,exclude_unresolved_component
ba1c99a415ee974a337ecb07,late_blight/d75573fb-2bd8-43fa-9af5-3f219e35142f___RS_Late.B 5070.JPG,late_blight,PlantVillage:Tomato___Late_blight:::46.0,verified_group,5da96bd4701959b8ca033f78,eligible_verified_subset
d3cc46b2c6b435ea6a6990b5,late_blight/d75d625f-502f-4d16-b78f-b87c2a0f10e7___GHLB2 Leaf 8535.JPG,late_blight,fallback:d3cc46b2c6b435ea6a6990b5,fallback_group,d3cc46b2c6b435ea6a6990b5,exclude_unresolved_component
a00499dc42de71572e8b140b,late_blight/d7b354a6-7044-408d-85ee-b34576e901a4___RS_Late.B 4872.JPG,late_blight,PlantVillage:Tomato___Late_blight:::10.0,verified_group,66dcba2e4169220e0831f11c,eligible_verified_subset
f6d3b5b99d6f15954747ac76,late_blight/d7d87536-e71c-4324-a00a-107b9ee00614___GHLB_PS Leaf 22.1 Day 9.jpg,late_blight,fallback:f6d3b5b99d6f15954747ac76,fallback_group,f6d3b5b99d6f15954747ac76,exclude_unresolved_component
4df8c72a0e6a185467dedf4c,late_blight/d7fdf98a-cca7-441b-8014-ddeab2111617___RS_Late.B 6714.JPG,late_blight,PlantVillage:Tomato___Late_blight:::186.0,verified_group,4df8c72a0e6a185467dedf4c,eligible_verified_subset
93c83d6ae756f8782481b9de,late_blight/d81682aa-746b-4e07-af2b-52ebb6f4c017___GHLB2 Leaf 102.JPG,late_blight,fallback:93c83d6ae756f8782481b9de,fallback_group,f56a35edead7ca44fc097b96,exclude_unresolved_component
5155fa6e947fce9264ba7587,late_blight/d82b634e-9a19-497b-b698-aaf100d622a1___GHLB_PS Leaf 24 Day 13.jpg,late_blight,fallback:5155fa6e947fce9264ba7587,fallback_group,7cf5d4e797517d18825dfc6d,exclude_unresolved_component
44fdd566f4055487cfffc9ff,late_blight/d84f5ea2-462a-40e2-8b01-916a65588aaf___GHLB_PS Leaf 22 Day 9.jpg,late_blight,fallback:44fdd566f4055487cfffc9ff,fallback_group,44fdd566f4055487cfffc9ff,exclude_unresolved_component
5739d5cb40bf146e0798ae4c,late_blight/d865620c-16b6-484b-a45b-71ebc126d53f___GHLB2 Leaf 8795.JPG,late_blight,fallback:5739d5cb40bf146e0798ae4c,fallback_group,5739d5cb40bf146e0798ae4c,exclude_unresolved_component
6b51ea49e7271337f22e918a,late_blight/d8674a0f-a63f-4d10-852a-4913ba977823___GHLB2 Leaf 8568.JPG,late_blight,fallback:6b51ea49e7271337f22e918a,fallback_group,6b51ea49e7271337f22e918a,exclude_unresolved_component
5bcb2d6be034b9e474fe8138,late_blight/d86aad3d-070a-4247-a3cb-a66e6b774fd3___RS_Late.B 7114.JPG,late_blight,PlantVillage:Tomato___Late_blight:::224.0,verified_group,8f4c8193ef15808ce3628e85,eligible_verified_subset
c957c319bfea6abfa3d40c92,late_blight/d87455f4-a924-426a-8c62-b9870b8a6d34___RS_Late.B 6024.JPG,late_blight,PlantVillage:Tomato___Late_blight:::122.0,verified_group,a7313cac9cd325ff1ea07edc,eligible_verified_subset
abc1e954af222c9988d36bd1,late_blight/d8856c76-c822-408c-9113-e1eadedb5cba___RS_Late.B 5491.JPG,late_blight,PlantVillage:Tomato___Late_blight:::102.0,verified_group,db89783a85c755ef007d8440,eligible_verified_subset
c24583303aa7ceed2fab4754,late_blight/d886ffed-a35b-4954-9066-b708c34fc998___GHLB2 Leaf 82.1.JPG,late_blight,fallback:c24583303aa7ceed2fab4754,fallback_group,c24583303aa7ceed2fab4754,exclude_unresolved_component
14aed740a4ecbb926cb39147,late_blight/d8b0ded7-7d30-4b52-acea-d1a3ca70a392___RS_Late.B 6096.JPG,late_blight,PlantVillage:Tomato___Late_blight:::132.0,verified_group,10750af775746d9cebdab5b4,eligible_verified_subset
72c317573c0ae9bb133c0640,late_blight/d8eb0541-a9f1-423b-8e71-24a031f19530___GHLB2 Leaf 134.1.JPG,late_blight,fallback:72c317573c0ae9bb133c0640,fallback_group,f50fd7cacf2b350dc2d169a2,exclude_unresolved_component
43a02ac49665678cd7859453,late_blight/d91538d7-1e25-442d-8963-86fec71a6545___RS_Late.B 6365.JPG,late_blight,PlantVillage:Tomato___Late_blight:::161.0,verified_group,336f431d967a51f01db0f41a,eligible_verified_subset
90571852271578890021c94e,late_blight/d9432e3e-282e-450c-9375-a3b062353075___RS_Late.B 6430.JPG,late_blight,PlantVillage:Tomato___Late_blight:::165.0,verified_group,ace860fb8b395c149d95e9dc,eligible_verified_subset
4d5d3e669e63074f9903c106,late_blight/d9459215-359a-48d1-babe-be3b7b11cd9d___GHLB Leaf 2 Day 12.JPG,late_blight,fallback:4d5d3e669e63074f9903c106,fallback_group,4d5d3e669e63074f9903c106,exclude_unresolved_component
0f8fd093f99482d8234aebdc,late_blight/d966df9d-0762-4353-8b70-72c9b390013e___RS_Late.B 5591.JPG,late_blight,PlantVillage:Tomato___Late_blight:::114.0,verified_group,1bed7e7e17d5873773bc35f4,eligible_verified_subset
10742c1fad5b9e9527a1d4de,late_blight/d984c49c-ff38-46b9-a176-b966c8c8f9ef___RS_Late.B 4991.JPG,late_blight,PlantVillage:Tomato___Late_blight:::31.0,verified_group,f4e9e2c0b16990f2021e1cc7,eligible_verified_subset
a3027df2221dd1ea99919050,late_blight/d989b5d3-715f-4d85-8475-0a2ec3beaa98___RS_Late.B 5022.JPG,late_blight,PlantVillage:Tomato___Late_blight:::36.0,verified_group,f7388082429a5e41ccfa7665,eligible_verified_subset
aeacc36f4d2fdb07d2f00ec5,late_blight/d9ebf5e5-a626-48f3-b649-db74d12e62ad___RS_Late.B 5478.JPG,late_blight,PlantVillage:Tomato___Late_blight:::100.0,verified_group,9c44ef9dfb1a3c94eb512b99,eligible_verified_subset
925e2630eca0a1a25e0f02f0,late_blight/da40dbcb-5ed7-428a-9c64-34c0b6ab7219___GHLB2 Leaf 9009.JPG,late_blight,fallback:925e2630eca0a1a25e0f02f0,fallback_group,925e2630eca0a1a25e0f02f0,exclude_unresolved_component
eb969c5f6eb4e76bd91123cb,late_blight/da45101e-9448-4e0c-a735-91c558e60c8f___RS_Late.B 5290.JPG,late_blight,PlantVillage:Tomato___Late_blight:::76.0,verified_group,cc3528a656a2b0b861dfab17,eligible_verified_subset
1bc6597903ffec9c5df82265,late_blight/dadc7e0f-8caf-4db0-9a05-f4b724c73bc2___GHLB2 Leaf 8685.JPG,late_blight,fallback:1bc6597903ffec9c5df82265,fallback_group,1bc6597903ffec9c5df82265,exclude_unresolved_component
65c9f63688d6f5fc6f7390ae,late_blight/dbb8c0f5-faf2-450b-919e-38c5b51af399___RS_Late.B 6717.JPG,late_blight,PlantVillage:Tomato___Late_blight:::186.0,verified_group,4df8c72a0e6a185467dedf4c,eligible_verified_subset
4e792e51433812c7f52a9ac0,late_blight/dbb9fbf0-e196-4730-ac80-859b7dd74188___RS_Late.B 5498.JPG,late_blight,PlantVillage:Tomato___Late_blight:::103.0,verified_group,adb2a9e135be4dea79d604ef,eligible_verified_subset
1dbac83189856a331cbbca55,late_blight/dbbe0ac5-5cb6-4bcd-940a-f0a8104d4e79___RS_Late.B 6067.JPG,late_blight,PlantVillage:Tomato___Late_blight:::128.0,verified_group,908875bf70313c84de5aef45,eligible_verified_subset
01188ace38509ac2168dc545,late_blight/dbd66146-54e6-4621-870d-24208b99e254___RS_Late.B 7051.JPG,late_blight,PlantVillage:Tomato___Late_blight:::216.0,verified_group,1422d02b742fd6aab8258dd7,eligible_verified_subset
9dd098f7cee001b45ede74f9,late_blight/dbd83a4e-d95f-4ffe-8257-eaaa638b06a7___RS_Late.B 6548.JPG,late_blight,PlantVillage:Tomato___Late_blight:::174.0,verified_group,ac927e67a4bd148377a48791,eligible_verified_subset
434a9d8e127e36d02bc416ba,late_blight/dbecc777-f8a4-4222-9872-051d44b19b2c___RS_Late.B 6426.JPG,late_blight,PlantVillage:Tomato___Late_blight:::165.0,verified_group,ace860fb8b395c149d95e9dc,eligible_verified_subset
a7b6c88f939f523c0e349dde,late_blight/dbedc9c1-d7f8-4eef-b4bf-d36689c57c60___GHLB Leaf 27 Day 12.JPG,late_blight,fallback:a7b6c88f939f523c0e349dde,fallback_group,a7b6c88f939f523c0e349dde,exclude_unresolved_component
85f50eab4c38e363d1878a04,late_blight/dc2ac355-9488-4cc0-8762-d61ab62f99bd___RS_Late.B 4968.JPG,late_blight,PlantVillage:Tomato___Late_blight:::26.0,verified_group,0341f4adada76e5ed762c025,eligible_verified_subset
73a79dab291bcbeaaf126060,late_blight/dcbd45d3-2e47-49e3-a887-d2aca70cfa33___RS_Late.B 6818.JPG,late_blight,PlantVillage:Tomato___Late_blight:::195.0,verified_group,2600cc5b9c5b45ba4bf31d77,eligible_verified_subset
d8dd7c227a2594675be93d09,late_blight/dce856b2-1c63-4305-97ab-5ab443f462bf___RS_Late.B 6099.JPG,late_blight,PlantVillage:Tomato___Late_blight:::132.0,verified_group,10750af775746d9cebdab5b4,eligible_verified_subset
1a658ce9e3505d45c99c4d7f,late_blight/dcf0db57-e7d2-487f-b9df-2ec299e0ee48___GHLB_PS Leaf 17.1 Day 8.jpg,late_blight,fallback:1a658ce9e3505d45c99c4d7f,fallback_group,1a658ce9e3505d45c99c4d7f,exclude_unresolved_component
266678dbb9e5405aaeb4d1b4,late_blight/dd3bd618-677a-4661-81bd-8ac871ad8549___GHLB2 Leaf 8884.JPG,late_blight,fallback:266678dbb9e5405aaeb4d1b4,fallback_group,266678dbb9e5405aaeb4d1b4,exclude_unresolved_component
cb2d233f1f9de0790e6f3d61,late_blight/dd52a1b4-1d20-4417-96c9-48baac62f15b___RS_Late.B 5202.JPG,late_blight,PlantVillage:Tomato___Late_blight:::69.0,verified_group,b555c3a22807e6d10e85a8c8,eligible_verified_subset
e8068ba912c471aba723b1f8,late_blight/dd5e7367-9830-4f2e-8022-cb5dc60afd24___GHLB2 Leaf 8549.JPG,late_blight,fallback:e8068ba912c471aba723b1f8,fallback_group,e8068ba912c471aba723b1f8,exclude_unresolved_component
b1bfd1205931661c9df96122,late_blight/dd84ae03-7d7d-4e12-8f9f-f684abdcb320___RS_Late.B 5637.JPG,late_blight,PlantVillage:Tomato___Late_blight:::120.0,verified_group,976a71a5b72963ea8de13a9e,eligible_verified_subset
de6f45e4d09dd2d57748b7a1,late_blight/dd8724f0-f7ea-47de-8cbb-42c0fdd7f02a___RS_Late.B 5048.JPG,late_blight,PlantVillage:Tomato___Late_blight:::41.0,verified_group,02a2ab0b7f74b6b6bae5c815,eligible_verified_subset
27642c7fae621c26068d8c10,late_blight/dd8c1f50-0407-4011-8dea-a8d0e6c7dbf1___RS_Late.B 6725.JPG,late_blight,PlantVillage:Tomato___Late_blight:::187.0,verified_group,b7052b4a326c6daab903e6d6,eligible_verified_subset
df86598f4f6ff34529fc26b3,late_blight/ddbd7e1c-c100-4298-a7f5-ebae1e9cff38___GHLB Leaf 1 Day 12.JPG,late_blight,fallback:df86598f4f6ff34529fc26b3,fallback_group,df86598f4f6ff34529fc26b3,exclude_unresolved_component
60167558fc2d93e9e9fdc460,late_blight/de272472-c653-4102-beac-6813da817d21___GHLB2 Leaf 153.2.JPG,late_blight,fallback:60167558fc2d93e9e9fdc460,fallback_group,abd052b2b60157c23eaddbef,exclude_unresolved_component
4b09d05be6860355cecf784a,late_blight/de27bd5c-d08e-4815-8e31-3a2e497065d2___GHLB2 Leaf 8748.JPG,late_blight,fallback:4b09d05be6860355cecf784a,fallback_group,4b09d05be6860355cecf784a,exclude_unresolved_component
9499194dfbda5a11f0e6b614,late_blight/de2e16e8-b372-4d2e-ab3b-30b21c30faa7___GHLB_PS Leaf 1.5 Day 18.jpg,late_blight,fallback:9499194dfbda5a11f0e6b614,fallback_group,9499194dfbda5a11f0e6b614,exclude_unresolved_component
b912ad4d78aa859729d0a473,late_blight/de4f6bd2-15df-45c2-aa3e-da9c42586e67___RS_Late.B 5100.JPG,late_blight,PlantVillage:Tomato___Late_blight:::52.0,verified_group,edaaccec585eb5e0e4e13d5d,eligible_verified_subset
32238ade993e86dd436744dc,late_blight/de7adfd4-221a-4564-8937-6ae593891fbd___RS_Late.B 5219.JPG,late_blight,PlantVillage:Tomato___Late_blight:::71.0,verified_group,df9b03607f6c66f5d3603582,eligible_verified_subset
d1f9fe732ab2d5ece799a56c,late_blight/de8d11a4-24da-489d-9c88-0d7cf5344cdc___GHLB_PS Leaf 2.3 Day 16.jpg,late_blight,fallback:d1f9fe732ab2d5ece799a56c,fallback_group,d1f9fe732ab2d5ece799a56c,exclude_unresolved_component
63adb355e970c1e76eeb00e3,late_blight/de8d81c6-d032-4d55-92c3-690da726fa0c___GHLB2ES Leaf 119.1.JPG,late_blight,fallback:63adb355e970c1e76eeb00e3,fallback_group,63adb355e970c1e76eeb00e3,exclude_unresolved_component
bf12a73e39975a55275c0da6,late_blight/dee4e35c-5c87-4922-9a1f-b97dcc40e7f1___GHLB2 Leaf 8690.JPG,late_blight,fallback:bf12a73e39975a55275c0da6,fallback_group,bf12a73e39975a55275c0da6,exclude_unresolved_component
1fa1ae0c68c26baa9478f8ab,late_blight/def2ded7-c610-404f-909f-83325dc4c85e___RS_Late.B 6854.JPG,late_blight,PlantVillage:Tomato___Late_blight:::197.0,verified_group,f9a99a5920677d5fea00a848,eligible_verified_subset
65d0aaad11e8d03ab03d75b6,late_blight/def832df-c202-4e72-ae0a-0687e62c70ce___RS_Late.B 5071.JPG,late_blight,PlantVillage:Tomato___Late_blight:::46.0,verified_group,5da96bd4701959b8ca033f78,eligible_verified_subset
1cc13636b678ac000ca40545,late_blight/df13d0be-1ef9-4371-bf7f-bedb930fc190___RS_Late.B 4846.JPG,late_blight,PlantVillage:Tomato___Late_blight:::4.0,verified_group,6b60dd1422922e244c2f2147,eligible_verified_subset
fedbf0c9aef49f2a29ded675,late_blight/df64e1d3-7700-423e-983e-2b082ff4a36b___GHLB2 Leaf 9099.JPG,late_blight,fallback:fedbf0c9aef49f2a29ded675,fallback_group,fedbf0c9aef49f2a29ded675,exclude_unresolved_component
69ab75d0494fded03a7b748d,late_blight/df7775b2-73f3-4708-86d5-a56e2bbb3337___RS_Late.B 5378.JPG,late_blight,PlantVillage:Tomato___Late_blight:::85.0,verified_group,2bbc496a42c3f0504a94bcaa,eligible_verified_subset
edecea70f93f2bbe9a02b7f6,late_blight/df7a9adb-6294-4866-9f39-6fc3d7a8ffdf___RS_Late.B 4978.JPG,late_blight,PlantVillage:Tomato___Late_blight:::28.0,verified_group,b6b7f0f012c5d55b0826b503,eligible_verified_subset
6c605175bc168f567540da1d,late_blight/df84e2a1-7517-4096-b555-67fe2b7a7156___GHLB2 Leaf 9003.JPG,late_blight,fallback:6c605175bc168f567540da1d,fallback_group,6c605175bc168f567540da1d,exclude_unresolved_component
a4dbb8b8c05949fc19fe6ed7,late_blight/df95ecc8-c074-4d29-8571-0fae8d2a620a___RS_Late.B 7191.JPG,late_blight,PlantVillage:Tomato___Late_blight:::230.0,verified_group,28200ff7584a73acabaf01e1,eligible_verified_subset
993cf80f1e1f6e1d833be782,late_blight/dfa645f2-9296-4d21-bc31-5f0496b3c31f___GHLB2 Leaf 8814.JPG,late_blight,fallback:993cf80f1e1f6e1d833be782,fallback_group,993cf80f1e1f6e1d833be782,exclude_unresolved_component
53f95794df1dd52da7ad97bd,late_blight/dfbac5b2-1a64-4db0-8045-eaabfdbfb790___RS_Late.B 6039.JPG,late_blight,PlantVillage:Tomato___Late_blight:::124.0,verified_group,d09903d70110092d63cec3cd,eligible_verified_subset
5eb518237c43c09d4a8054f4,late_blight/dfc45d56-7ecb-46a5-b9da-9297df393f7b___RS_Late.B 6928.JPG,late_blight,PlantVillage:Tomato___Late_blight:::205.0,verified_group,432faf84683e66f8f548ac7b,eligible_verified_subset
ee7b94fea77feb36de377f5e,late_blight/dfec08ce-f3c8-4b55-a3c0-2d8f88d4aae5___RS_Late.B 6324.JPG,late_blight,PlantVillage:Tomato___Late_blight:::158.0,verified_group,cfbd035740a8a7bbb15f114d,eligible_verified_subset
51ac20da191270423e2cfc01,late_blight/dfed006d-7f5e-4a06-a73b-dc6cc837b59a___GHLB2 Leaf 8793.JPG,late_blight,fallback:51ac20da191270423e2cfc01,fallback_group,51ac20da191270423e2cfc01,exclude_unresolved_component
0cfa0c5f3c50d285b17ef84b,late_blight/e03114a0-8053-460a-b653-eef873b1c531___RS_Late.B 5532.JPG,late_blight,PlantVillage:Tomato___Late_blight:::105.0,verified_group,aab10fbacb700124efe5607c,eligible_verified_subset
e0d28db7e1aad731427485f9,late_blight/e03a5780-cd8e-431e-8497-4d1233c793d2___GHLB_PS Leaf 28.1 Day 13.JPG,late_blight,fallback:e0d28db7e1aad731427485f9,fallback_group,e0d28db7e1aad731427485f9,exclude_unresolved_component
f430731e844419b994bdfb87,late_blight/e09b337d-7ad9-42c8-9ca4-8c782ff942b1___RS_Late.B 5575.JPG,late_blight,PlantVillage:Tomato___Late_blight:::111.0,verified_group,e7f3b7f0cc1b075dfdaa12f0,eligible_verified_subset
4587b726bb8ee28b5f8b3d65,late_blight/e0bea030-e8ac-4f3c-a87d-bca3090ad600___RS_Late.B 6434.JPG,late_blight,PlantVillage:Tomato___Late_blight:::166.0,verified_group,864f249482ec4434ed2c82d6,eligible_verified_subset
dcb01401fef357281b5343e7,late_blight/e0cf0b07-8ee9-406e-a7fb-5410ba7c84b7___GHLB2 Leaf 8630.JPG,late_blight,fallback:dcb01401fef357281b5343e7,fallback_group,dcb01401fef357281b5343e7,exclude_unresolved_component
02ac01cd84884fe2b78bf622,late_blight/e0d19a18-0c58-4424-a433-bb50ed57cf8e___RS_Late.B 5159.JPG,late_blight,PlantVillage:Tomato___Late_blight:::62.0,verified_group,681e7db498a48765ebcb5fc9,eligible_verified_subset
e613a212fbcf1ad8fe3d0439,late_blight/e1088349-de49-4d96-9405-6163002bf9de___RS_Late.B 6904.JPG,late_blight,PlantVillage:Tomato___Late_blight:::202.0,verified_group,2d8bddc6c5caa1fd5a91811a,eligible_verified_subset
3a46060389864db614ae2054,late_blight/e10eb7f2-7449-4061-bb0a-49fa55abd423___RS_Late.B 6718.JPG,late_blight,PlantVillage:Tomato___Late_blight:::186.0,verified_group,4df8c72a0e6a185467dedf4c,eligible_verified_subset
22de5e8acd65957ca14caf12,late_blight/e114b022-a00f-4055-9ff0-ae67c6722607___RS_Late.B 5024.JPG,late_blight,PlantVillage:Tomato___Late_blight:::36.0,verified_group,f7388082429a5e41ccfa7665,eligible_verified_subset
48fa673b41540739866cef50,late_blight/e131a4c1-21d7-40cd-a19f-02456e411750___GHLB Leaf 3 Day 1.JPG,late_blight,fallback:48fa673b41540739866cef50,fallback_group,48fa673b41540739866cef50,exclude_unresolved_component
599e3dd646d8a4d36af7fc91,late_blight/e142d2de-6aeb-4d1c-9184-d6e46647ad6a___RS_Late.B 5203.JPG,late_blight,PlantVillage:Tomato___Late_blight:::69.0,verified_group,b555c3a22807e6d10e85a8c8,eligible_verified_subset
1e209710667a49b9c16c31bf,late_blight/e14dc5d0-5671-43e0-9d32-a8331c9455a4___RS_Late.B 6123.JPG,late_blight,PlantVillage:Tomato___Late_blight:::134.0,verified_group,a8cee74c1833d3b3d40ce3a8,eligible_verified_subset
e6d102709695291dd085e42c,late_blight/e1501757-3235-4051-b460-52c0f6e45add___RS_Late.B 4910.JPG,late_blight,PlantVillage:Tomato___Late_blight:::15.0,verified_group,0bb2d1409f3b7de2737d07ad,eligible_verified_subset
89db137a91da9be9e0cbaf81,late_blight/e1836b6b-a14d-402a-ac9f-db7d12feeec9___RS_Late.B 4924.JPG,late_blight,PlantVillage:Tomato___Late_blight:::18.0,verified_group,9cefd0953b3287a917a5e765,eligible_verified_subset
8464b9953388e087e1dfe548,late_blight/e19d885a-349c-4e13-b015-5c17d2895b30___GHLB2 Leaf 94.JPG,late_blight,fallback:8464b9953388e087e1dfe548,fallback_group,8464b9953388e087e1dfe548,exclude_unresolved_component
482f6dbfcb5eea3f95521d92,late_blight/e1d00dcb-f2cb-41ca-8a45-a46c43e7c90e___GHLB2 Leaf 8697.JPG,late_blight,fallback:482f6dbfcb5eea3f95521d92,fallback_group,482f6dbfcb5eea3f95521d92,exclude_unresolved_component
bef4e89f9faccf8e879e7443,late_blight/e1fa1e4a-7259-496f-8066-79678f36f3e8___GHLB2 Leaf 8593.JPG,late_blight,fallback:bef4e89f9faccf8e879e7443,fallback_group,bef4e89f9faccf8e879e7443,exclude_unresolved_component
8d3d58478c203f74788519d8,late_blight/e20107e7-137f-400e-817f-5dc4c58e5d70___GHLB2 Leaf 8677.JPG,late_blight,fallback:8d3d58478c203f74788519d8,fallback_group,dfef2f829b7130282cf4971f,exclude_unresolved_component
1a567f6916af28aa7a70ec0f,late_blight/e22dc874-f57d-4b17-bc6d-7d35bdbadc35___GHLB2 Leaf 8663.JPG,late_blight,fallback:1a567f6916af28aa7a70ec0f,fallback_group,1a567f6916af28aa7a70ec0f,exclude_unresolved_component
7d3d1262f7d8b069ec5bff19,late_blight/e23b8722-9058-4a6c-8e8e-f95904497eeb___RS_Late.B 5426.JPG,late_blight,PlantVillage:Tomato___Late_blight:::93.0,verified_group,6e8086063bb97ec62e3ca1b6,exclude_unresolved_component
7591fbca743bc90a19e1b744,late_blight/e242de40-3f89-46e9-b490-d42378965c9f___RS_Late.B 5595.JPG,late_blight,PlantVillage:Tomato___Late_blight:::115.0,verified_group,bdf9cb9ff6bb0440c6197dfc,eligible_verified_subset
139d1c43b4e618a4cbe97bfe,late_blight/e27901d0-1f93-4342-a8d1-6e19f234b296___GHLB2 Leaf 8916.JPG,late_blight,fallback:139d1c43b4e618a4cbe97bfe,fallback_group,139d1c43b4e618a4cbe97bfe,exclude_unresolved_component
e43f57da6c968edb9df67a09,late_blight/e28f932e-5ee0-4306-ac45-514c9c3c9476___GHLB2 Leaf 60.1.JPG,late_blight,fallback:e43f57da6c968edb9df67a09,fallback_group,e43f57da6c968edb9df67a09,exclude_unresolved_component
1d4e042fd3aba36cff28ac25,late_blight/e2acf01a-92f6-47b2-bc21-e830899f9f0b___GHLB2 Leaf 95.2.JPG,late_blight,fallback:1d4e042fd3aba36cff28ac25,fallback_group,1d4e042fd3aba36cff28ac25,exclude_unresolved_component
2f36ed6920884dec1c0b9ae1,late_blight/e2b1f31d-3d36-447c-bf95-4662e2fb0dd4___GHLB2 Leaf 8626.JPG,late_blight,fallback:2f36ed6920884dec1c0b9ae1,fallback_group,2f36ed6920884dec1c0b9ae1,exclude_unresolved_component
bfc3658428efa21162da822f,late_blight/e2da8dd8-6170-4106-8aa2-5b45d7aa2ff2___RS_Late.B 6159.JPG,late_blight,PlantVillage:Tomato___Late_blight:::139.0,verified_group,fb9ec3a43f852108209a79d5,eligible_verified_subset
e528998341d650aa25e26634,late_blight/e2e89956-491c-42a0-9154-6b8ef41cd63b___GHLB2 Leaf 8689.JPG,late_blight,fallback:e528998341d650aa25e26634,fallback_group,e528998341d650aa25e26634,exclude_unresolved_component
a34b0041ee6fc88588057b6f,late_blight/e2f784ec-10de-4556-8dea-47c9d2c4e791___GHLB2 Leaf 147.2.JPG,late_blight,fallback:a34b0041ee6fc88588057b6f,fallback_group,a34b0041ee6fc88588057b6f,exclude_unresolved_component
54cea084c147048281ac20da,late_blight/e33f0c2f-ff87-42e2-a31f-aaf232e67e10___RS_Late.B 5231.JPG,late_blight,PlantVillage:Tomato___Late_blight:::73.0,verified_group,40fb83b0d96f570dabca20c8,eligible_verified_subset
61e9d80a69d2dfe9923c742d,late_blight/e35dbe92-b70f-40ee-bd8a-a12ae07682a2___GHLB2 Leaf 9109.JPG,late_blight,fallback:61e9d80a69d2dfe9923c742d,fallback_group,61e9d80a69d2dfe9923c742d,exclude_unresolved_component
7342aa19ede9fa2005175ea1,late_blight/e377be2b-1780-4789-a082-3ec683942ca2___GHLB2 Leaf 60.JPG,late_blight,fallback:7342aa19ede9fa2005175ea1,fallback_group,7342aa19ede9fa2005175ea1,exclude_unresolved_component
cd36f284205b0df136365640,late_blight/e3c4a4e5-4ec3-404f-8dbd-7de9dd3f184a___RS_Late.B 5073.JPG,late_blight,PlantVillage:Tomato___Late_blight:::46.0,verified_group,5da96bd4701959b8ca033f78,eligible_verified_subset
6f2ba10fec7de17d74224d56,late_blight/e3c902d2-2086-4025-9a8a-de26b1682cb2___RS_Late.B 5186.JPG,late_blight,PlantVillage:Tomato___Late_blight:::67.0,verified_group,2a0c3378d064c25e92c8d9dd,eligible_verified_subset
93821f812c67b6ced82d6c4c,late_blight/e3df7441-295f-4a70-833c-4127b5b738d5___GHLB2 Leaf 8760.JPG,late_blight,fallback:93821f812c67b6ced82d6c4c,fallback_group,93821f812c67b6ced82d6c4c,exclude_unresolved_component
a23b0e988532d5dcadb5894d,late_blight/e4be24d1-b3c1-4d03-b35a-56dddf1902fe___RS_Late.B 4855.JPG,late_blight,PlantVillage:Tomato___Late_blight:::6.0,verified_group,0e45995433665c9d15834bdd,eligible_verified_subset
55b87d4018002e371dfeaf12,late_blight/e4d14fec-dc38-4e88-ac83-1f1b75be5de7___RS_Late.B 6450.JPG,late_blight,PlantVillage:Tomato___Late_blight:::167.0,verified_group,e7303a2ddafc21cb77dffe60,eligible_verified_subset
728be0a8a4e0c1831611d544,late_blight/e4d4bf26-efb3-4e64-8355-20e433b5c139___RS_Late.B 7057.JPG,late_blight,PlantVillage:Tomato___Late_blight:::217.0,verified_group,ab14f9508103499c709c36d8,eligible_verified_subset
c66164afed9ce585d5c6653d,late_blight/e4da845b-394d-4c3b-8f7c-cdab011acafd___RS_Late.B 6712.JPG,late_blight,PlantVillage:Tomato___Late_blight:::185.0,verified_group,5082e855fde3e6b98526c274,eligible_verified_subset
03d1518f5ba2baf21fdc7706,late_blight/e4ec79b5-94df-42dd-8425-bd68d2320c5f___RS_Late.B 5406.JPG,late_blight,PlantVillage:Tomato___Late_blight:::90.0,verified_group,172a46126780c2704f5af17a,eligible_verified_subset
67326946c0489609ea9e63e5,late_blight/e4f561cc-0e83-4718-90bf-2648db94a4bb___GHLB2 Leaf 162.1.JPG,late_blight,fallback:67326946c0489609ea9e63e5,fallback_group,67326946c0489609ea9e63e5,exclude_unresolved_component
c3d3b32c86c46ff2ade645af,late_blight/e51e78f1-e9c9-482c-9a4c-b10bb026aa55___GHLB Leaf 23.4 Day 12.JPG,late_blight,fallback:c3d3b32c86c46ff2ade645af,fallback_group,c3d3b32c86c46ff2ade645af,exclude_unresolved_component
d9455efa991ab39b4866fcee,late_blight/e55af4aa-1f1c-4300-86ca-bdcff04bef80___GHLB_PS Leaf 2 Day 9.jpg,late_blight,fallback:d9455efa991ab39b4866fcee,fallback_group,d9455efa991ab39b4866fcee,exclude_unresolved_component
b10b9927cf8bd117099570b5,late_blight/e56aa8e4-cb6f-4333-816b-3494fc4fe25e___GHLB2 Leaf 8764.JPG,late_blight,fallback:b10b9927cf8bd117099570b5,fallback_group,b10b9927cf8bd117099570b5,exclude_unresolved_component
77469694c28b0d08e74b2fca,late_blight/e56bc72a-6c24-4746-bd53-741c470e1be2___RS_Late.B 4990.JPG,late_blight,PlantVillage:Tomato___Late_blight:::31.0,verified_group,f4e9e2c0b16990f2021e1cc7,eligible_verified_subset
69a8f41d73674b4b3f6a58ea,late_blight/e58ca54a-9a89-4a92-9869-dc3273e769d9___GHLB2 Leaf 113.2.JPG,late_blight,fallback:69a8f41d73674b4b3f6a58ea,fallback_group,69a8f41d73674b4b3f6a58ea,exclude_unresolved_component
67e17f329d2da09ddb11d6d5,late_blight/e59e9af1-5baf-4eac-9afc-8ae3171fd062___GHLB2 Leaf 77.2.JPG,late_blight,fallback:67e17f329d2da09ddb11d6d5,fallback_group,67e17f329d2da09ddb11d6d5,exclude_unresolved_component
549a81eb526a673d0875c435,late_blight/e5b328bf-1f13-4831-bd63-b1bdb30f02d9___GHLB2 Leaf 8674.JPG,late_blight,fallback:549a81eb526a673d0875c435,fallback_group,549a81eb526a673d0875c435,exclude_unresolved_component
684c1cbd586e6b5c8bf0e2d3,late_blight/e5b50c59-e517-4dcc-8887-8bd2ca748329___GHLB2ES Leaf 142.jpg,late_blight,fallback:684c1cbd586e6b5c8bf0e2d3,fallback_group,684c1cbd586e6b5c8bf0e2d3,exclude_unresolved_component
9c51e15052e18a3473b6d71a,late_blight/e5b81597-d794-40e5-8f14-0b5792c4a680___RS_Late.B 6757.JPG,late_blight,PlantVillage:Tomato___Late_blight:::189.0,verified_group,dc00c6f38ceb8c77f8637c84,eligible_verified_subset
442215c8a9c50f95422294b6,late_blight/e5c62da4-e09d-4dc5-a5b1-63a5f85826de___RS_Late.B 6981.JPG,late_blight,PlantVillage:Tomato___Late_blight:::210.0,verified_group,d95ef9e4c08500c86d9052ed,eligible_verified_subset
96c7da7be5135939e8526d9a,late_blight/e5d1a9ef-23a4-45ee-ae3d-62644b71d803___RS_Late.B 5412.JPG,late_blight,PlantVillage:Tomato___Late_blight:::91.0,verified_group,99aa2fe8087018353316641a,eligible_verified_subset
edc4cfa4b4e4755125e2cf82,late_blight/e5d707cd-077c-43af-bda9-6138e516ff51___GHLB2 Leaf 8999.JPG,late_blight,fallback:edc4cfa4b4e4755125e2cf82,fallback_group,96aa0062a1e03448c5299a0d,exclude_unresolved_component
9476e0d0a7cbc24d84d762c5,late_blight/e5d815b6-dd10-41a3-83e7-c25b6fd5d0c2___GHLB2 Leaf 9015.JPG,late_blight,fallback:9476e0d0a7cbc24d84d762c5,fallback_group,9476e0d0a7cbc24d84d762c5,exclude_unresolved_component
b532dcf5ff408c9dfdfdced9,late_blight/e5f21018-4aac-42f7-a397-a973907ac4ec___GHLB2 Leaf 156.JPG,late_blight,fallback:b532dcf5ff408c9dfdfdced9,fallback_group,b532dcf5ff408c9dfdfdced9,exclude_unresolved_component
41bb92c56abfc2ae191766db,late_blight/e60c6680-9c50-4063-9eb9-6e77980afcfa___RS_Late.B 5343.JPG,late_blight,PlantVillage:Tomato___Late_blight:::82.0,verified_group,4b9a7238b4669b9df5052199,eligible_verified_subset
73f17f9e4a92ca8662c05c52,late_blight/e615ae3b-8526-42f0-9c0f-2678e0a50ad4___RS_Late.B 6145.JPG,late_blight,PlantVillage:Tomato___Late_blight:::138.0,verified_group,91d5f324a2aedb2ccf0f5c37,eligible_verified_subset
e7eb2dadab162e1068b40c5e,late_blight/e64d0e92-dbc2-44c2-b96a-3da5dc3a1c39___GHLB_PS Leaf 15.1 Day 8.jpg,late_blight,fallback:e7eb2dadab162e1068b40c5e,fallback_group,e7eb2dadab162e1068b40c5e,exclude_unresolved_component
86386ae0ecd9dcb242a77bc3,late_blight/e6636324-6e8e-4981-8bb7-5deafced5fbd___RS_Late.B 5228.JPG,late_blight,PlantVillage:Tomato___Late_blight:::72.0,verified_group,ff433fc4ca5e92dcaaf839f3,eligible_verified_subset
357d4f76fb058315b073d1cb,late_blight/e6644ce4-5856-4627-b08d-36ac786afaa5___RS_Late.B 6856.JPG,late_blight,PlantVillage:Tomato___Late_blight:::197.0,verified_group,f9a99a5920677d5fea00a848,eligible_verified_subset
115c904f403821b26550107a,late_blight/e6703c22-86f7-4bdf-9733-072180761976___RS_Late.B 5522.JPG,late_blight,PlantVillage:Tomato___Late_blight:::104.0,verified_group,6de15803551dc102d4872fda,eligible_verified_subset
618aa3ec676f839412fb2ba9,late_blight/e678adf4-2b13-4027-91e8-e997c6362de0___GHLB2 Leaf 8714.JPG,late_blight,fallback:618aa3ec676f839412fb2ba9,fallback_group,f5efccefe091a8937e4b7365,exclude_unresolved_component
4c1b789a4e691867a935a9ee,late_blight/e686c35e-fcb4-463b-ad2a-2c1da18135bb___GHLB2 Leaf 9023.JPG,late_blight,fallback:4c1b789a4e691867a935a9ee,fallback_group,4c1b789a4e691867a935a9ee,exclude_unresolved_component
6cfcb5e213296e9769c1179d,late_blight/e7619088-871f-422e-a6e8-5c8a7da70b3e___GHLB2 Leaf 8825.JPG,late_blight,fallback:6cfcb5e213296e9769c1179d,fallback_group,6cfcb5e213296e9769c1179d,exclude_unresolved_component
4535da679e67c3ae16ef2d41,late_blight/e798b45b-9267-4cc7-a459-808f9944fd49___RS_Late.B 5003.JPG,late_blight,PlantVillage:Tomato___Late_blight:::32.0,verified_group,eb121d7f979b947d6e6b504d,eligible_verified_subset
1e400c651066ed2552e86b59,late_blight/e7a25945-e168-4539-8324-7465310c2795___GHLB2 Leaf 8958.JPG,late_blight,fallback:1e400c651066ed2552e86b59,fallback_group,1e400c651066ed2552e86b59,exclude_unresolved_component
1c811f0bd2526d34dcb3d660,late_blight/e7aaf85a-7392-43b1-9b10-6f1fb0045cba___GHLB2 Leaf 8961.JPG,late_blight,fallback:1c811f0bd2526d34dcb3d660,fallback_group,1c811f0bd2526d34dcb3d660,exclude_unresolved_component
2df595db8cbf662eadd973f2,late_blight/e7ad9c9f-d300-4246-8e98-4e364eb4d7b6___GHLB Leaf 23.1 Day 18.JPG,late_blight,fallback:2df595db8cbf662eadd973f2,fallback_group,2df595db8cbf662eadd973f2,exclude_unresolved_component
27fab8dc494274b505b03ae4,late_blight/e82e3fd9-cc3c-4196-9bef-178576b882de___RS_Late.B 6316.JPG,late_blight,PlantVillage:Tomato___Late_blight:::157.0,verified_group,f2632910ca344eb5a77565b9,eligible_verified_subset
4f1c0b29f95002af0f532ea5,late_blight/e837f5b0-6d32-481e-872c-a2db611d20c3___RS_Late.B 6804.JPG,late_blight,PlantVillage:Tomato___Late_blight:::194.0,verified_group,cda27aed2874b1981e1488d6,eligible_verified_subset
4575b7dee07257124d2ffd86,late_blight/e85eea01-1188-4b85-8650-c64536c3a937___RS_Late.B 6754.JPG,late_blight,PlantVillage:Tomato___Late_blight:::189.0,verified_group,dc00c6f38ceb8c77f8637c84,eligible_verified_subset
0147fd0bbe2000e237630565,late_blight/e877b612-7d3e-4ad9-81ae-5dd50979fbb1___RS_Late.B 4949.JPG,late_blight,PlantVillage:Tomato___Late_blight:::22.0,verified_group,3aee12640719fd7a1f4d7c7d,eligible_verified_subset
ae4606c0c117483ccf7d0bb3,late_blight/e8c3e15e-99ae-4c47-9d27-4d94c2b96e8a___GHLB_PS Leaf 26.3 Day 13.jpg,late_blight,fallback:ae4606c0c117483ccf7d0bb3,fallback_group,ae4606c0c117483ccf7d0bb3,exclude_unresolved_component
e4aa9a6a2d8aca5349a8ac9d,late_blight/e90482fd-1a84-462a-b28d-cb9b6aee18eb___RS_Late.B 6161.JPG,late_blight,PlantVillage:Tomato___Late_blight:::139.0,verified_group,fb9ec3a43f852108209a79d5,eligible_verified_subset
6accd8ea3bb2ecbcdadf4d5f,late_blight/e920998f-6980-4011-90f7-78fdc1c4eaad___RS_Late.B 6118.JPG,late_blight,PlantVillage:Tomato___Late_blight:::133.0,verified_group,d228042d12d2b24783404a5c,eligible_verified_subset
5cf3e9ad2fe4bad2ef81af51,late_blight/e927308b-cd4a-4ff5-9654-218a6030e4a1___GHLB2 Leaf 8725.JPG,late_blight,fallback:5cf3e9ad2fe4bad2ef81af51,fallback_group,5cf3e9ad2fe4bad2ef81af51,exclude_unresolved_component
35f7ff28a6756c9b1948ce6d,late_blight/e93721af-a478-4021-8d9a-bffdc1ba7c45___RS_Late.B 5050.JPG,late_blight,PlantVillage:Tomato___Late_blight:::42.0,verified_group,90335c2d175ccb7c77c63cc9,eligible_verified_subset
db40343e05c552c061146d15,late_blight/e95ca31b-0e75-4ec5-986a-29ce5dce1a01___GHLB2 Leaf 8643.JPG,late_blight,fallback:db40343e05c552c061146d15,fallback_group,db40343e05c552c061146d15,exclude_unresolved_component
1a523735e7351fb5c3a65818,late_blight/e96512ac-0b63-4476-b7cf-aca6ca084853___RS_Late.B 5082.JPG,late_blight,PlantVillage:Tomato___Late_blight:::48.0,verified_group,3dce901e3229f5fefbe60bb7,eligible_verified_subset
f44488e21bc9a9b8906b0842,late_blight/e980207c-6e67-4caf-8973-7128ca2a1c12___GHLB2 Leaf 8876.JPG,late_blight,fallback:f44488e21bc9a9b8906b0842,fallback_group,f44488e21bc9a9b8906b0842,exclude_unresolved_component
825dc9aac258d57d744d009f,late_blight/e9b2e447-add8-4ff1-a24b-eb577d0085c7___GHLB2 Leaf 8589.JPG,late_blight,fallback:825dc9aac258d57d744d009f,fallback_group,825dc9aac258d57d744d009f,exclude_unresolved_component
57c2e2715174f3a5980197a2,late_blight/e9ef618a-46ef-4e2d-a76e-a2423336b29b___GHLB_PS Leaf 43 Day 18.jpg,late_blight,fallback:57c2e2715174f3a5980197a2,fallback_group,57c2e2715174f3a5980197a2,exclude_unresolved_component
14330f20362c1508bfc71c99,late_blight/ea0c20e8-ad9f-48a0-830c-280dbeeed370___GHLB_PS Leaf 48.1 Day 18.jpg,late_blight,fallback:14330f20362c1508bfc71c99,fallback_group,14330f20362c1508bfc71c99,exclude_unresolved_component
5b0fa63b7900989936d8c50d,late_blight/ea16e464-19b9-47aa-a1a6-3c33c0cfd609___GHLB2 Leaf 153.JPG,late_blight,fallback:5b0fa63b7900989936d8c50d,fallback_group,5b0fa63b7900989936d8c50d,exclude_unresolved_component
31068ecc72a1358a55e68dbc,late_blight/ea42a7f6-5683-41d6-b3fc-acf07d1865e4___GHLB_PS Leaf 8 Day 9.jpg,late_blight,fallback:31068ecc72a1358a55e68dbc,fallback_group,31068ecc72a1358a55e68dbc,exclude_unresolved_component
1806448f11f6babae43e387d,late_blight/ea5e3f60-2a08-45b9-94b7-f0b934a1a3e4___RS_Late.B 5055.JPG,late_blight,PlantVillage:Tomato___Late_blight:::43.0,verified_group,e91028a59cc133e07aa2eea9,eligible_verified_subset
812c392cc00fa26ffcd881de,late_blight/ea727260-767f-4f18-802f-a8105d82d912___RS_Late.B 6245.JPG,late_blight,PlantVillage:Tomato___Late_blight:::149.0,verified_group,cf8350e3c340f1a596941a56,eligible_verified_subset
a418cb0622df8a889a00a53b,late_blight/ea8996e6-05f4-4792-9704-e2c796b0fbf2___RS_Late.B 5075.JPG,late_blight,PlantVillage:Tomato___Late_blight:::47.0,verified_group,8b9aa78c392f6af65eb6213d,eligible_verified_subset
70535769d6301b4fb7a9f3c1,late_blight/ea9e87df-efa8-4be3-8181-59a4b24dc3b7___RS_Late.B 6279.JPG,late_blight,PlantVillage:Tomato___Late_blight:::154.0,verified_group,46d7c6a603970f5a57513922,eligible_verified_subset
ef3fe5f972996f0adf58ab3a,late_blight/eab0e4c2-79de-42ef-b9fd-19b4cb03d0e9___RS_Late.B 6979.JPG,late_blight,PlantVillage:Tomato___Late_blight:::209.0,verified_group,2e6e70c5d138b8b67477e899,eligible_verified_subset
d46ad8c2524a752d8e530686,late_blight/eb1ee57d-0468-4a6c-941d-342cb60ea600___RS_Late.B 5420.JPG,late_blight,PlantVillage:Tomato___Late_blight:::92.0,verified_group,c7599d4430763b4386daf925,eligible_verified_subset
a2dfd21b2ce724c3a1ad2c7c,late_blight/eb5ce385-86d7-439c-b3e4-ca375a739afa___GHLB2 Leaf 8603.JPG,late_blight,fallback:a2dfd21b2ce724c3a1ad2c7c,fallback_group,a2dfd21b2ce724c3a1ad2c7c,exclude_unresolved_component
8bff209befcdb75a518ea9b4,late_blight/eb5d32dd-f958-422e-acae-d68ec83e0408___RS_Late.B 6455.JPG,late_blight,PlantVillage:Tomato___Late_blight:::168.0,verified_group,5af37eb82d16892a8016746b,eligible_verified_subset
941cc546f9684a4da284d1fd,late_blight/eb6ec9fb-d564-4736-a18c-bd77cddd0c2a___RS_Late.B 5385.JPG,late_blight,PlantVillage:Tomato___Late_blight:::86.0,verified_group,4634197999925faf893c9368,eligible_verified_subset
ed4c99b9a87188059adebbbc,late_blight/eb7dd120-4002-4c01-a06a-1b32ad93a7a3___GHLB2 Leaf 9110.JPG,late_blight,fallback:ed4c99b9a87188059adebbbc,fallback_group,ed4c99b9a87188059adebbbc,exclude_unresolved_component
2e98672aa2b2906897216da3,late_blight/eb816984-283e-4a3b-846d-9bf24b1cce8d___GHLB_PS Leaf 37.2 Day 13.jpg,late_blight,fallback:2e98672aa2b2906897216da3,fallback_group,2e98672aa2b2906897216da3,exclude_unresolved_component
67954729a14e7cbf48f846ea,late_blight/ebbdadc5-972c-45fb-a6c2-99e8015cf4a9___RS_Late.B 5479.JPG,late_blight,PlantVillage:Tomato___Late_blight:::100.0,verified_group,9c44ef9dfb1a3c94eb512b99,eligible_verified_subset
4151d0be0d885491a9b0b29d,late_blight/ebc97633-07ff-405a-b186-18b8aa607b9d___GHLB2 Leaf 8635.JPG,late_blight,fallback:4151d0be0d885491a9b0b29d,fallback_group,4151d0be0d885491a9b0b29d,exclude_unresolved_component
2cacd9199105829c7dce4ead,late_blight/ebe561c5-4d97-4008-a998-a7c02ed6d3d3___GHLB2 Leaf 87.JPG,late_blight,fallback:2cacd9199105829c7dce4ead,fallback_group,2cacd9199105829c7dce4ead,exclude_unresolved_component
5e409482a680a3a646218093,late_blight/ec18fe55-482e-4d1f-aa17-715b89f8a371___RS_Late.B 5093.JPG,late_blight,PlantVillage:Tomato___Late_blight:::50.0,verified_group,a19fb559cc785ce6109b1ca8,eligible_verified_subset
c19074e4dd615d54aca2d7b3,late_blight/ec3d3481-5b97-446c-a1e7-c97334166a50___RS_Late.B 7029.JPG,late_blight,PlantVillage:Tomato___Late_blight:::214.0,verified_group,a089bd00b851229db9264de7,eligible_verified_subset
03a5283f0eefedf5966f692b,late_blight/ec658169-804d-46eb-b014-30a3ce6abdb6___GHLB2 Leaf 8899.JPG,late_blight,fallback:03a5283f0eefedf5966f692b,fallback_group,03a5283f0eefedf5966f692b,exclude_unresolved_component
6e924e6b075f5f0e817b8879,late_blight/ec8b22c9-a1b5-402c-9f9c-5bd24a209b94___RS_Late.B 6687.JPG,late_blight,PlantVillage:Tomato___Late_blight:::184.0,verified_group,e59d6491e54547ec714b28ad,eligible_verified_subset
da62b3fb2e288ec26287619e,late_blight/ecacf5db-abcf-408c-b41a-93e339fbfc0c___RS_Late.B 6405.JPG,late_blight,PlantVillage:Tomato___Late_blight:::163.0,verified_group,c9dac97984af1402aaf805a3,eligible_verified_subset
315f11bfa10d26aefc10747f,late_blight/ecb763a0-f905-48f2-a142-afa120068c82___GHLB2ES Leaf 119.2.JPG,late_blight,fallback:315f11bfa10d26aefc10747f,fallback_group,315f11bfa10d26aefc10747f,exclude_unresolved_component
d0381e5fc116f3ed68ad3ac0,late_blight/ecfdf723-18dd-46d5-9d22-a54289e9d765___GHLB_PS Leaf 31 Day 12.jpg,late_blight,fallback:d0381e5fc116f3ed68ad3ac0,fallback_group,d0381e5fc116f3ed68ad3ac0,exclude_unresolved_component
191f8ceb799b8b9e8768f527,late_blight/ed06f115-9ca4-44d7-be94-e514a5ca58ce___GHLB2 Leaf 148.3.JPG,late_blight,fallback:191f8ceb799b8b9e8768f527,fallback_group,191f8ceb799b8b9e8768f527,exclude_unresolved_component
4947e9fc5678148b8913015c,late_blight/ed1a1e55-f2b9-46d3-ab88-8742f569e831___GHLB2 Leaf 8758.JPG,late_blight,fallback:4947e9fc5678148b8913015c,fallback_group,4947e9fc5678148b8913015c,exclude_unresolved_component
b6f88ed39e3eb006f125b778,late_blight/ed469069-15cf-4996-9f2a-ede8139d1543___RS_Late.B 4914.JPG,late_blight,PlantVillage:Tomato___Late_blight:::16.0,verified_group,f793ec922d6cc21f1a3e9648,eligible_verified_subset
2232953f32ba915133182e63,late_blight/ed6a8fb9-9fa8-4d3d-a727-676ec58d147a___RS_Late.B 7036.JPG,late_blight,PlantVillage:Tomato___Late_blight:::214.0,verified_group,a089bd00b851229db9264de7,eligible_verified_subset
60179f38a9ab10535140e5ee,late_blight/ed70dd6e-db68-4cf5-95b6-e25c67be113f___RS_Late.B 4966.JPG,late_blight,PlantVillage:Tomato___Late_blight:::25.0,verified_group,a16f9f0cae0eca83a1aa3928,eligible_verified_subset
9abf9a3b8d40e84253e62093,late_blight/ed974f5b-e999-46a9-9e22-da51da2766b6___GHLB_PS Leaf 8 Day 16.jpg,late_blight,fallback:9abf9a3b8d40e84253e62093,fallback_group,9abf9a3b8d40e84253e62093,exclude_unresolved_component
3b121cdbaa64c30e7fa57dbe,late_blight/eda41abe-61cf-439d-9562-e03fee3cd2ca___GHLB2 Leaf 8802.JPG,late_blight,fallback:3b121cdbaa64c30e7fa57dbe,fallback_group,3b121cdbaa64c30e7fa57dbe,exclude_unresolved_component
39b9174ab0065b0a283759cf,late_blight/edab4e30-5e08-4bf9-92eb-695d4472add6___RS_Late.B 5582.JPG,late_blight,PlantVillage:Tomato___Late_blight:::112.0,verified_group,94f4ad555773a179a7b5d88c,eligible_verified_subset
a8fd5f7f8df9fc9ec4db630d,late_blight/edaeb655-f663-4be5-900a-17255d65c997___GHLB2 Leaf 8768.JPG,late_blight,fallback:a8fd5f7f8df9fc9ec4db630d,fallback_group,a8fd5f7f8df9fc9ec4db630d,exclude_unresolved_component
596e769e08567910fae70bb7,late_blight/edec546b-3d6b-40e1-a11e-fb03a34cad5a___GHLB2 Leaf 8613.JPG,late_blight,fallback:596e769e08567910fae70bb7,fallback_group,596e769e08567910fae70bb7,exclude_unresolved_component
88583a95aebdd0552881bf78,late_blight/ee0c6d7f-7728-406b-b715-67ba31384954___RS_Late.B 5293.JPG,late_blight,PlantVillage:Tomato___Late_blight:::76.0,verified_group,cc3528a656a2b0b861dfab17,eligible_verified_subset
b855fe93449a1b870e4673cf,late_blight/ee137d7e-8e50-484b-aee0-e6de0a1ed4f7___RS_Late.B 6353.JPG,late_blight,PlantVillage:Tomato___Late_blight:::160.0,verified_group,028294c6038ba5f944edbd25,eligible_verified_subset
3a1506896b0efa0a76faddae,late_blight/ee26dd7d-3a4e-44c1-af1a-34dfdaa3d585___GHLB_PS Leaf 1.2 Day 7.jpg,late_blight,fallback:3a1506896b0efa0a76faddae,fallback_group,3a1506896b0efa0a76faddae,exclude_unresolved_component
70ca227d6f7b06a267ccbea3,late_blight/ee85b4a0-f9ee-40a6-b612-66dd11414929___RS_Late.B 5069.JPG,late_blight,PlantVillage:Tomato___Late_blight:::45.0,verified_group,893de513c4ccc36919f91356,eligible_verified_subset
e454fdf86b8b3397560e0d16,late_blight/ee90e57e-7289-4dcd-af6f-a585d97628b7___RS_Late.B 7040.JPG,late_blight,PlantVillage:Tomato___Late_blight:::215.0,verified_group,5f8e9582603255d809a24010,eligible_verified_subset
b40a45ae953af3f84e841ded,late_blight/ee963b20-1464-49b5-a390-790b05e8daa1___RS_Late.B 5487.JPG,late_blight,PlantVillage:Tomato___Late_blight:::101.0,verified_group,14bff025c17911b94d3e5463,eligible_verified_subset
962e0681828803013b25754e,late_blight/eed357a4-620c-42ef-b626-cb3b5026abca___GHLB2 Leaf 8970.JPG,late_blight,fallback:962e0681828803013b25754e,fallback_group,962e0681828803013b25754e,exclude_unresolved_component
e2c96281109aacefca26294c,late_blight/eed6f6bd-c665-4839-9c91-aa545bbbc202___RS_Late.B 5618.JPG,late_blight,PlantVillage:Tomato___Late_blight:::118.0,verified_group,f1991284fabc7b57e623240a,eligible_verified_subset
7061ae606afabe536b5a5538,late_blight/eedd252b-1d20-4cc8-94ca-b8800334996c___GHLB2 Leaf 8667.JPG,late_blight,fallback:7061ae606afabe536b5a5538,fallback_group,7061ae606afabe536b5a5538,exclude_unresolved_component
3123784dc94c08562ae06588,late_blight/eeea993c-d0eb-4f36-acf4-187e01dc6b72___RS_Late.B 6028.JPG,late_blight,PlantVillage:Tomato___Late_blight:::123.0,verified_group,6d755f971cc4799768ea9246,eligible_verified_subset
96640e89fe9f83e342cf05d4,late_blight/ef5ac7be-8adc-4395-9a31-d970fb6e8c7a___RS_Late.B 4981.JPG,late_blight,PlantVillage:Tomato___Late_blight:::29.0,verified_group,4493aa2714d955b9f48f4428,eligible_verified_subset
e5373a320d1543e3dda48be6,late_blight/ef80fa2f-c46a-429d-a78a-b873bf6b27f9___RS_Late.B 6458.JPG,late_blight,PlantVillage:Tomato___Late_blight:::168.0,verified_group,5af37eb82d16892a8016746b,eligible_verified_subset
23ddb142a417bdb306c7a919,late_blight/efc16184-1012-4240-934b-85b2396b0d1d___RS_Late.B 5124.JPG,late_blight,PlantVillage:Tomato___Late_blight:::56.0,verified_group,839b6d0515dbf9182fa78b0a,eligible_verified_subset
0a4e7e71a11c95a8fccc3d8a,late_blight/efe3a784-f4d6-4635-bef8-c81fffeee36b___GHLB2 Leaf 8651.JPG,late_blight,fallback:0a4e7e71a11c95a8fccc3d8a,fallback_group,afd1e5b3623c993a15b865d3,exclude_unresolved_component
2c567f5ed38e72839b29c0b1,late_blight/f08ebd91-a148-4494-a45c-55ebc1bf1f60___GHLB2 Leaf 8942.JPG,late_blight,fallback:2c567f5ed38e72839b29c0b1,fallback_group,2c567f5ed38e72839b29c0b1,exclude_unresolved_component
4b949255c6537b575fb56edc,late_blight/f0ac2b25-fb74-43f7-9ca6-52bb05dd2ec2___RS_Late.B 6545.JPG,late_blight,PlantVillage:Tomato___Late_blight:::173.0,verified_group,3f2db58c562bd5e6264ab342,eligible_verified_subset
51cea295c5d4c75a07863d13,late_blight/f0f8cbf1-f7d3-47e1-8a7c-87df9b65beb2___GHLB2 Leaf 125.1.JPG,late_blight,fallback:51cea295c5d4c75a07863d13,fallback_group,51cea295c5d4c75a07863d13,exclude_unresolved_component
252af57004cdbd3ab003c738,late_blight/f14bdea6-8f1d-47c4-ab6f-dbf05c994901___GHLB2 Leaf 9046.JPG,late_blight,fallback:252af57004cdbd3ab003c738,fallback_group,252af57004cdbd3ab003c738,exclude_unresolved_component
3ab895bf69cf2454ca4e2c6f,late_blight/f15b868b-23ae-4e87-8053-6199c363e079___GHLB2 Leaf 8984.JPG,late_blight,fallback:3ab895bf69cf2454ca4e2c6f,fallback_group,3ab895bf69cf2454ca4e2c6f,exclude_unresolved_component
8091f44494bd095259c5c9b5,late_blight/f1604e72-b6ee-4b8b-81fa-cf3acc501e17___GHLB2 Leaf 8752.JPG,late_blight,fallback:8091f44494bd095259c5c9b5,fallback_group,8091f44494bd095259c5c9b5,exclude_unresolved_component
5f693f80993bc251b60845ce,late_blight/f1aca7db-32e7-4cbe-a9ca-0b185fd1a1a9___GHLB2 Leaf 89.1.JPG,late_blight,fallback:5f693f80993bc251b60845ce,fallback_group,5f693f80993bc251b60845ce,exclude_unresolved_component
100259fe2babb13595ec809a,late_blight/f20d4b66-977f-4294-92d2-98322f9a4cb0___RS_Late.B 5137.JPG,late_blight,PlantVillage:Tomato___Late_blight:::59.0,verified_group,efb8a849e9d578991a679253,eligible_verified_subset
252cba8cfbcb54a5a4809318,late_blight/f21ce358-48ea-4676-9395-22145c4c9707___GHLB_PS Leaf 25.1 Day 9.jpg,late_blight,fallback:252cba8cfbcb54a5a4809318,fallback_group,252cba8cfbcb54a5a4809318,exclude_unresolved_component
872b5aee668a7128f20d1c1b,late_blight/f2443e0e-d34e-4e25-aa5d-9653e2dd36ca___RS_Late.B 6465.JPG,late_blight,PlantVillage:Tomato___Late_blight:::169.0,verified_group,5ed1c2ae332b0db32730ab23,eligible_verified_subset
3e5a07739d77a14117b5e850,late_blight/f2581062-48ef-4957-bab3-9beb606ff3ef___RS_Late.B 6291.JPG,late_blight,PlantVillage:Tomato___Late_blight:::156.0,verified_group,2df8fe657fbdeca94b019014,eligible_verified_subset
fe3af32adfc490b95ee9db99,late_blight/f25bcf32-3bf7-4137-9d9a-ab195d4f7d3f___GHLB2 Leaf 9049.JPG,late_blight,fallback:fe3af32adfc490b95ee9db99,fallback_group,fe3af32adfc490b95ee9db99,exclude_unresolved_component
fdf077193c30cb116ace6c07,late_blight/f27d1b5c-46e2-442f-846d-dd5c6018bb2a___RS_Late.B 6984.JPG,late_blight,PlantVillage:Tomato___Late_blight:::210.0,verified_group,d95ef9e4c08500c86d9052ed,eligible_verified_subset
e292fc3761c717f6a3b349c8,late_blight/f28e0d02-2e81-4b32-92c7-7d08ce9e40d7___GHLB2 Leaf 9001.JPG,late_blight,fallback:e292fc3761c717f6a3b349c8,fallback_group,e292fc3761c717f6a3b349c8,exclude_unresolved_component
0d0dffdd80c0110509f8a97b,late_blight/f2c089b3-34a5-4300-848f-a0d6eebcb756___RS_Late.B 5174.JPG,late_blight,PlantVillage:Tomato___Late_blight:::65.0,verified_group,c1a8d1070416f931d723a849,eligible_verified_subset
3b83ccc6301629995721796c,late_blight/f2dba3c2-82b9-4a5a-9424-f24de8972266___GHLB2 Leaf 8901.JPG,late_blight,fallback:3b83ccc6301629995721796c,fallback_group,3b83ccc6301629995721796c,exclude_unresolved_component
c30bac3828015a544facc343,late_blight/f2dd9615-908e-4504-b38d-542765ae4f48___GHLB Leaf 8.3 Day 13.JPG,late_blight,fallback:c30bac3828015a544facc343,fallback_group,c30bac3828015a544facc343,exclude_unresolved_component
76179927aaea7c8633af6562,late_blight/f2f22a54-7995-4b43-83bf-5a0fba777466___RS_Late.B 5583.JPG,late_blight,PlantVillage:Tomato___Late_blight:::112.0,verified_group,94f4ad555773a179a7b5d88c,eligible_verified_subset
293022b82b4774ed3573d679,late_blight/f33028e4-68df-4312-ba25-94d65f03efcf___RS_Late.B 5530.JPG,late_blight,PlantVillage:Tomato___Late_blight:::105.0,verified_group,aab10fbacb700124efe5607c,eligible_verified_subset
f315a2bf494a26b86cd79978,late_blight/f336431f-8e79-4ff6-9afd-03bacf1bfaf2___RS_Late.B 5521.JPG,late_blight,PlantVillage:Tomato___Late_blight:::104.0,verified_group,6de15803551dc102d4872fda,eligible_verified_subset
7a7918372f617edf036771a8,late_blight/f348eaf2-65ef-47b1-af84-ffdedc4599e9___RS_Late.B 4895.JPG,late_blight,PlantVillage:Tomato___Late_blight:::12.0,verified_group,31b6772f4442b03557743b91,eligible_verified_subset
bb60abaf0f894082e0ce8c5c,late_blight/f34d61c3-c2de-4ed5-858b-03c7b21ebcb6___RS_Late.B 5018.JPG,late_blight,PlantVillage:Tomato___Late_blight:::35.0,verified_group,1d96668c84018c31a3f3322c,eligible_verified_subset
0fd632510752bdf42101a116,late_blight/f37f0878-31f2-402b-81c6-dd1af6e15899___RS_Late.B 5222.JPG,late_blight,PlantVillage:Tomato___Late_blight:::71.0,verified_group,df9b03607f6c66f5d3603582,eligible_verified_subset
9156936d07e7b067cb5fc4e9,late_blight/f385d5e4-5dff-4851-a806-95a608d04b17___GHLB2 Leaf 132.1.JPG,late_blight,fallback:9156936d07e7b067cb5fc4e9,fallback_group,9156936d07e7b067cb5fc4e9,exclude_unresolved_component
6c663423f0ac99bfa348ba80,late_blight/f3b38383-f6ff-4779-a57a-fd1766721555___GHLB2 Leaf 9088.JPG,late_blight,fallback:6c663423f0ac99bfa348ba80,fallback_group,6c663423f0ac99bfa348ba80,exclude_unresolved_component
1844ca73ac35c8e0327ae618,late_blight/f3c203d3-4246-4af5-adfd-37452f637024___GHLB2 Leaf 118.1.JPG,late_blight,fallback:1844ca73ac35c8e0327ae618,fallback_group,1844ca73ac35c8e0327ae618,exclude_unresolved_component
723a24f89f65b0a362d59f73,late_blight/f3e53136-750b-4394-96fe-0cd8c2f747bc___GHLB2 Leaf 8661.JPG,late_blight,fallback:723a24f89f65b0a362d59f73,fallback_group,723a24f89f65b0a362d59f73,exclude_unresolved_component
95d6053f81fdb1279851e6b7,late_blight/f401bc9a-3136-40cd-8a6b-99308e7de798___RS_Late.B 5004.JPG,late_blight,PlantVillage:Tomato___Late_blight:::32.0,verified_group,eb121d7f979b947d6e6b504d,eligible_verified_subset
7d01d08549293e1f937eb9f2,late_blight/f43df4fe-4544-4831-b9f9-a3c7b470b0e0___RS_Late.B 6801.JPG,late_blight,PlantVillage:Tomato___Late_blight:::193.0,verified_group,ceb571dab10a7a9f5e89a769,eligible_verified_subset
985e78d034f78b3865d60a33,late_blight/f482cb70-826d-462b-8dc9-d5d173df65cd___GHLB2 Leaf 8562.JPG,late_blight,fallback:985e78d034f78b3865d60a33,fallback_group,985e78d034f78b3865d60a33,exclude_unresolved_component
495899d304990f2f07c51818,late_blight/f4aa3db8-2ad1-4abc-bb2e-4b63ed4d966a___GHLB2 Leaf 107.2.JPG,late_blight,fallback:495899d304990f2f07c51818,fallback_group,495899d304990f2f07c51818,exclude_unresolved_component
49a4c2f1b94b8352abe21ec7,late_blight/f4ab4184-4d1b-4b06-83bd-6324281c8588___GHLB2 Leaf 8751.JPG,late_blight,fallback:49a4c2f1b94b8352abe21ec7,fallback_group,49a4c2f1b94b8352abe21ec7,exclude_unresolved_component
8ddc5adff512ef8857a51fa9,late_blight/f4c2eabd-d29b-44ac-bda7-46d4b07fe799___RS_Late.B 4852.JPG,late_blight,PlantVillage:Tomato___Late_blight:::5.0,verified_group,4698e5761bca378ad7daf0b8,eligible_verified_subset
735a60a0246b8599e8cb03e4,late_blight/f5261645-e84e-433a-8edb-ff53e8586646___GHLB2 Leaf 143.1.JPG,late_blight,fallback:735a60a0246b8599e8cb03e4,fallback_group,735a60a0246b8599e8cb03e4,exclude_unresolved_component
f28f967c1a5f8a1c4675e3af,late_blight/f52d0ec5-4bc7-4a32-b9a1-6930b6c3477d___RS_Late.B 6501.JPG,late_blight,PlantVillage:Tomato___Late_blight:::172.0,verified_group,4309bde211173be9f16fc340,eligible_verified_subset
fb363aa9455441f6559664ad,late_blight/f5538cfb-7556-4f4d-a680-6a15cc6283ab___RS_Late.B 4962.JPG,late_blight,PlantVillage:Tomato___Late_blight:::25.0,verified_group,a16f9f0cae0eca83a1aa3928,eligible_verified_subset
814ce7d33b93445e1f4f03d5,late_blight/f582a1b2-636d-4a0e-a113-5dcfb5c2d7e8___GHLB2 Leaf 9098.JPG,late_blight,fallback:814ce7d33b93445e1f4f03d5,fallback_group,814ce7d33b93445e1f4f03d5,exclude_unresolved_component
a603849e135552721025d254,late_blight/f59830b4-079b-4ca4-9c92-7416f0818a2b___RS_Late.B 5010.JPG,late_blight,PlantVillage:Tomato___Late_blight:::34.0,verified_group,c7d2b41a49d3b5d8ef69820e,eligible_verified_subset
bc572dbd63971ef0fcafe5a1,late_blight/f5aebbf7-df07-4682-8d3b-3dd46e2e36c4___GHLB2 Leaf 9092.JPG,late_blight,fallback:bc572dbd63971ef0fcafe5a1,fallback_group,bc572dbd63971ef0fcafe5a1,exclude_unresolved_component
1e2565b2e70a432a95106951,late_blight/f5cb0905-3729-492a-a45f-63c20ae7e6a1___RS_Late.B 6777.JPG,late_blight,PlantVillage:Tomato___Late_blight:::191.0,verified_group,4d634c3aa26a6c0481b9b48b,eligible_verified_subset
a30fab00fa96d2e66d590b97,late_blight/f5e90a98-8ea6-4547-a417-8370d08a1e1f___RS_Late.B 5196.JPG,late_blight,PlantVillage:Tomato___Late_blight:::68.0,verified_group,b9961f05fa299c0d938c2688,eligible_verified_subset
4a5b476720c47681760eec90,late_blight/f6114b61-d9c7-43fb-abb4-5a79501a624b___RS_Late.B 6715.JPG,late_blight,PlantVillage:Tomato___Late_blight:::186.0,verified_group,4df8c72a0e6a185467dedf4c,eligible_verified_subset
a606a51e400b76d6310320c3,late_blight/f66ada20-cd47-4393-b7c6-87f1f39fd741___GHLB_PS Leaf 41.1 Day 18.jpg,late_blight,fallback:a606a51e400b76d6310320c3,fallback_group,a606a51e400b76d6310320c3,exclude_unresolved_component
5c23055908499cd1a002402c,late_blight/f66e2c13-dd22-4277-8c73-ff987bc19064___GHLB2 Leaf 9090.JPG,late_blight,fallback:5c23055908499cd1a002402c,fallback_group,5c23055908499cd1a002402c,exclude_unresolved_component
aa50f8fdf4d21d89d4b7ab15,late_blight/f68ecc9a-4ac2-4dde-b2bb-97f2c438ffd8___GHLB2 Leaf 8964.JPG,late_blight,fallback:aa50f8fdf4d21d89d4b7ab15,fallback_group,aa50f8fdf4d21d89d4b7ab15,exclude_unresolved_component
22f20da1adb0c20f069ec561,late_blight/f73231ab-afd2-4d01-acd2-7ba229349de6___RS_Late.B 6969.JPG,late_blight,PlantVillage:Tomato___Late_blight:::208.0,verified_group,c9ae74bb72dd1da19f48dcf5,eligible_verified_subset
fb6b72be6b6ea0a11131c3a3,late_blight/f7b5ed86-c63c-49c3-90d0-e1f35f4a93e4___GHLB2 Leaf 8979.JPG,late_blight,fallback:fb6b72be6b6ea0a11131c3a3,fallback_group,fb6b72be6b6ea0a11131c3a3,exclude_unresolved_component
2db86dc2b3892ac70627d479,late_blight/f7b65254-1bf9-4bf5-88fb-52c88373587c___RS_Late.B 5225.JPG,late_blight,PlantVillage:Tomato___Late_blight:::72.0,verified_group,ff433fc4ca5e92dcaaf839f3,eligible_verified_subset
5942b1bc4662ab78ac4cf82f,late_blight/f7be50b3-65ad-4d0d-9c7f-55ab2de07b1b___GHLB_PS Leaf 19 Day 8.jpg,late_blight,fallback:5942b1bc4662ab78ac4cf82f,fallback_group,5942b1bc4662ab78ac4cf82f,exclude_unresolved_component
56fa9673d726161fb5b9180c,late_blight/f7d235fa-e0ef-4475-88d2-3bfa79f1ab6f___RS_Late.B 7059.JPG,late_blight,PlantVillage:Tomato___Late_blight:::217.0,verified_group,ab14f9508103499c709c36d8,eligible_verified_subset
8e83125760f83510a61547f2,late_blight/f7e7a40f-335d-45a6-b086-3f6b9779a5a0___RS_Late.B 4903.JPG,late_blight,PlantVillage:Tomato___Late_blight:::14.0,verified_group,05a737f7d3c165a7f61c5f38,eligible_verified_subset
b8eb4416f2fdc3aee9a62cc8,late_blight/f8024ad7-ded1-42aa-ab6d-139f7069d10e___RS_Late.B 7157.JPG,late_blight,PlantVillage:Tomato___Late_blight:::229.0,verified_group,70208b11c112ff318ddc768f,eligible_verified_subset
d3128dd72f618f370df97faa,late_blight/f80ccc0b-c422-485a-a2be-332769eb5ef4___GHLB2 Leaf 8704.JPG,late_blight,fallback:d3128dd72f618f370df97faa,fallback_group,d3128dd72f618f370df97faa,exclude_unresolved_component
3e5cbb08c3096c3a395f8ce2,late_blight/f8176522-163b-48ee-a1a2-ea94c782b4ad___RS_Late.B 6137.JPG,late_blight,PlantVillage:Tomato___Late_blight:::136.0,verified_group,040bfc15840df3c6c06603ae,eligible_verified_subset
0b427c24e763588314e92ddf,late_blight/f843c76c-a7d4-4031-abe2-9245602fbb15___GHLB_PS Leaf 49.1 Day 18.jpg,late_blight,fallback:0b427c24e763588314e92ddf,fallback_group,0b427c24e763588314e92ddf,exclude_unresolved_component
4748e6531cff060dfa07a877,late_blight/f84a91cc-ad11-409e-9115-1af741e5726d___RS_Late.B 5166.JPG,late_blight,PlantVillage:Tomato___Late_blight:::63.0,verified_group,c611c867e9b102595c60cbc0,eligible_verified_subset
db1b20ac59bf360fea9c7cd8,late_blight/f86cfe1b-5f7f-4f93-b54b-1f39d1c1e323___GHLB2 Leaf 8625.JPG,late_blight,fallback:db1b20ac59bf360fea9c7cd8,fallback_group,db1b20ac59bf360fea9c7cd8,exclude_unresolved_component
e45679d35a952c0e58fa9b18,late_blight/f879b7d4-efe4-4b31-8a89-35db50d561c9___RS_Late.B 4897.JPG,late_blight,PlantVillage:Tomato___Late_blight:::13.0,verified_group,75f13f9616f910ff4ba43f7b,eligible_verified_subset
618aad3e9f4e43e6e47e3c6d,late_blight/f891c2b9-aa37-4b0c-9777-6ce762eb9285___GHLB2 Leaf 8696.JPG,late_blight,fallback:618aad3e9f4e43e6e47e3c6d,fallback_group,618aad3e9f4e43e6e47e3c6d,exclude_unresolved_component
70185e1d62eb38cf4f20652e,late_blight/f8afeeda-7bed-422b-8535-67e221372eb7___RS_Late.B 5315.JPG,late_blight,PlantVillage:Tomato___Late_blight:::78.0,verified_group,528803e6c9eb13b5c7de4c28,eligible_verified_subset
9e315f6b21b3194fcef13ec3,late_blight/f8e2f06c-ffc4-426b-a7ad-300f6472fdcc___RS_Late.B 5238.JPG,late_blight,PlantVillage:Tomato___Late_blight:::74.0,verified_group,5542b8da527e0f76a869d8a2,eligible_verified_subset
2afa0bbe295f50e68153db4b,late_blight/f8ef82ce-300a-4b6d-af4d-14d5d081a9d3___RS_Late.B 6707.JPG,late_blight,PlantVillage:Tomato___Late_blight:::185.0,verified_group,5082e855fde3e6b98526c274,eligible_verified_subset
ddea43494b6caea3e43a09e0,late_blight/f91c4442-ad78-4785-b1a4-239b45b56ca1___GHLB2 Leaf 110.1.JPG,late_blight,fallback:ddea43494b6caea3e43a09e0,fallback_group,ddea43494b6caea3e43a09e0,exclude_unresolved_component
ddcc313207909faef036e66d,late_blight/f96c2269-cf72-448e-a1b7-d74f2e46a675___RS_Late.B 6851.JPG,late_blight,PlantVillage:Tomato___Late_blight:::197.0,verified_group,f9a99a5920677d5fea00a848,eligible_verified_subset
20c0f4cd5db31914aacd396f,late_blight/f972ee8f-5f07-49a0-974c-b919b0ad5b0b___RS_Late.B 4961.JPG,late_blight,PlantVillage:Tomato___Late_blight:::24.0,verified_group,f908fda8332386871a37f606,eligible_verified_subset
0864c956a97b9a4c68daf76e,late_blight/f9bae5e8-64d9-4a34-9269-b4d97d095b47___RS_Late.B 4861.JPG,late_blight,PlantVillage:Tomato___Late_blight:::7.0,verified_group,6eeb62cf21b19bc014029539,eligible_verified_subset
e4f93883626d4627f7e324d7,late_blight/f9f0fe7b-8c5d-4927-afc9-347aebab1ffa___RS_Late.B 4925.JPG,late_blight,PlantVillage:Tomato___Late_blight:::18.0,verified_group,9cefd0953b3287a917a5e765,eligible_verified_subset
9fb87dadf1dedec0c2b1bc5c,late_blight/f9f5cfa8-79df-4ed7-ba61-e7610509b3a5___RS_Late.B 6496.JPG,late_blight,PlantVillage:Tomato___Late_blight:::171.0,verified_group,6a6cfdb8f98cfcc2fce9ff8a,eligible_verified_subset
d6922c0940a2b42549a93cf2,late_blight/fa4ec25a-250d-4eb3-ba0d-9d1c51eb3995___GHLB2 Leaf 8990.JPG,late_blight,fallback:d6922c0940a2b42549a93cf2,fallback_group,d6922c0940a2b42549a93cf2,exclude_unresolved_component
abf101edc6ac678427457c65,late_blight/fa524c8c-e08d-43ee-9f33-3bd2bf9b09f5___GHLB2 Leaf 8686.JPG,late_blight,fallback:abf101edc6ac678427457c65,fallback_group,abf101edc6ac678427457c65,exclude_unresolved_component
3e77d31f22317b8fd379bfd1,late_blight/fa98c595-ea2f-415d-90de-25c0a3926eee___RS_Late.B 6993.JPG,late_blight,PlantVillage:Tomato___Late_blight:::211.0,verified_group,316f1fa4eec4ae1521a0774f,eligible_verified_subset
e23caa6672d95a32a74b7f47,late_blight/fabaa5c5-3180-49b7-b538-d1a31316afd8___GHLB2 Leaf 121.4.JPG,late_blight,fallback:e23caa6672d95a32a74b7f47,fallback_group,e23caa6672d95a32a74b7f47,exclude_unresolved_component
910a43f73a366a39336c2bc2,late_blight/fabba25a-e191-47c5-a468-6acf744312e1___GHLB2 Leaf 8835.JPG,late_blight,fallback:910a43f73a366a39336c2bc2,fallback_group,910a43f73a366a39336c2bc2,exclude_unresolved_component
afed4e1b7bd8861720852e9d,late_blight/fb584346-7e1d-46d6-ae0b-365b6ccad7ce___GHLB2 Leaf 8981.JPG,late_blight,fallback:afed4e1b7bd8861720852e9d,fallback_group,afed4e1b7bd8861720852e9d,exclude_unresolved_component
5d04b27d74da25e1b6d6e8da,late_blight/fb5dc387-cb1d-49bb-b81e-58d60705a2fd___GHLB_PS Leaf 1.3 Day 16.jpg,late_blight,fallback:5d04b27d74da25e1b6d6e8da,fallback_group,5d04b27d74da25e1b6d6e8da,exclude_unresolved_component
4ccba14853d1efd4aecf739f,late_blight/fbbe43eb-7d70-4053-97ac-908fb9af1a6f___RS_Late.B 6587.JPG,late_blight,PlantVillage:Tomato___Late_blight:::176.0,verified_group,049f9cef81dfd9565b1b854e,eligible_verified_subset
915a2ee9e23bfd39138f5571,late_blight/fbd28294-04c7-4f8a-8576-f523856c46d9___RS_Late.B 6640.JPG,late_blight,PlantVillage:Tomato___Late_blight:::181.0,verified_group,eebf4fff2489870903bd06a2,eligible_verified_subset
9c5b0f171e8d3e89a28cba05,late_blight/fbe8ab0c-7091-4bea-a2a5-94765096a7c9___RS_Late.B 6999.JPG,late_blight,PlantVillage:Tomato___Late_blight:::212.0,verified_group,ec4cbb23447d47c3544a3916,eligible_verified_subset
b4712ddd142bd663849b9f41,late_blight/fbf93d24-8df5-4361-9cb3-af61baf177f9___RS_Late.B 4943.JPG,late_blight,PlantVillage:Tomato___Late_blight:::21.0,verified_group,b2ac6ef2dc08a64e717d1210,eligible_verified_subset
065d947689e3bfda2011fc50,late_blight/fc0cec90-4a1e-4cdc-95cf-a34abc1dc8c9___GHLB2 Leaf 117.2.JPG,late_blight,fallback:065d947689e3bfda2011fc50,fallback_group,065d947689e3bfda2011fc50,exclude_unresolved_component
6b3189287f6de1b44a5169bb,late_blight/fc4eb42f-062f-4840-80f5-3244866a1e3a___GHLB2 Leaf 125.2.JPG,late_blight,fallback:6b3189287f6de1b44a5169bb,fallback_group,6b3189287f6de1b44a5169bb,exclude_unresolved_component
4943e1f22c1ec019080604c7,late_blight/fc77b008-6f35-40c7-96d4-64660bb624dc___GHLB2 Leaf 8812.JPG,late_blight,fallback:4943e1f22c1ec019080604c7,fallback_group,4943e1f22c1ec019080604c7,exclude_unresolved_component
d70cee49e7dc00ca691b7c63,late_blight/fcaf83f1-ddaa-4faf-a4aa-f657f5342474___RS_Late.B 6278.JPG,late_blight,PlantVillage:Tomato___Late_blight:::153.0,verified_group,c6094996a05a2a397caee125,eligible_verified_subset
fff69ea7e13b46ec63c0bbc2,late_blight/fcc13483-8986-4424-87cf-c0afc86576a4___RS_Late.B 5565.JPG,late_blight,PlantVillage:Tomato___Late_blight:::109.0,verified_group,f43dc38b6e424f7f8f98b87a,eligible_verified_subset
1454e39e447fd0ee1625e012,late_blight/fcd37e39-9a92-4896-8673-af928a380078___GHLB2 Leaf 8733.JPG,late_blight,fallback:1454e39e447fd0ee1625e012,fallback_group,1454e39e447fd0ee1625e012,exclude_unresolved_component
fb1bf9f6534e47b770474d27,late_blight/fce57140-eb13-4c01-8a18-88dc5e8a75dc___RS_Late.B 4923.JPG,late_blight,PlantVillage:Tomato___Late_blight:::18.0,verified_group,9cefd0953b3287a917a5e765,eligible_verified_subset
e59962dc63028ce15dd57fc3,late_blight/fce9cc3f-88ab-46d6-a26f-c6ff0e7c56e7___RS_Late.B 6372.JPG,late_blight,PlantVillage:Tomato___Late_blight:::162.0,verified_group,65d632e380478c65a1e1847a,eligible_verified_subset
ce5bc736e1beacf42f987296,late_blight/fcfe91fc-c578-4c6d-8fe4-b8ff4cfdb766___GHLB2 Leaf 75.1.JPG,late_blight,fallback:ce5bc736e1beacf42f987296,fallback_group,ce5bc736e1beacf42f987296,exclude_unresolved_component
1b694d5bd6a5439c5caaa6e2,late_blight/fd26b445-5839-4337-858c-a91dfdd812cc___GHLB2 Leaf 8743.JPG,late_blight,fallback:1b694d5bd6a5439c5caaa6e2,fallback_group,1b694d5bd6a5439c5caaa6e2,exclude_unresolved_component
f9ca584abf841ad6d3f81e07,late_blight/fd40e99e-2c60-42c1-a962-8681814b4e6e___GHLB2 Leaf 120.JPG,late_blight,fallback:f9ca584abf841ad6d3f81e07,fallback_group,f9ca584abf841ad6d3f81e07,exclude_unresolved_component
2f108b472d8341dd275d9dea,late_blight/fd99b211-340e-4ac0-9c33-b59e9c594ba2___GHLB2 Leaf 93.JPG,late_blight,fallback:2f108b472d8341dd275d9dea,fallback_group,2f108b472d8341dd275d9dea,exclude_unresolved_component
9378ed083165e28c478eb57a,late_blight/fdbc3a0b-5da5-452d-a6e4-b5a5e6dc396a___GHLB2 Leaf 8575.JPG,late_blight,fallback:9378ed083165e28c478eb57a,fallback_group,9378ed083165e28c478eb57a,exclude_unresolved_component
930c8563490264c3f2dd1d5a,late_blight/fddb6641-3785-4971-b44c-3cf0193112c2___GHLB_PS Leaf 43.2 Day 18.jpg,late_blight,fallback:930c8563490264c3f2dd1d5a,fallback_group,930c8563490264c3f2dd1d5a,exclude_unresolved_component
15921af32f0421563d060f44,late_blight/fe20bf11-9be6-480c-8c99-b7b391ac9653___GHLB_PS Leaf 44.2 Day 18.jpg,late_blight,fallback:15921af32f0421563d060f44,fallback_group,15921af32f0421563d060f44,exclude_unresolved_component
e8e2ab2494dfad2b74a85035,late_blight/fe416307-5c50-4c9f-96b5-f6e15ef79045___RS_Late.B 4975.JPG,late_blight,PlantVillage:Tomato___Late_blight:::27.0,verified_group,ab8975656b53a5e0f7702166,eligible_verified_subset
dd4c4f151ee2a61896358c0a,late_blight/fee09bd4-a9e3-4174-bd89-4f9b6f911902___GHLB2 Leaf 123.JPG,late_blight,fallback:dd4c4f151ee2a61896358c0a,fallback_group,dd4c4f151ee2a61896358c0a,exclude_unresolved_component
c6417c63a1e5458f95f5bc8e,late_blight/ff03c1b7-ae44-4b97-b0c8-ec2c6ca7f4e5___GHLB2ES Leaf 63.1.JPG,late_blight,fallback:c6417c63a1e5458f95f5bc8e,fallback_group,c6417c63a1e5458f95f5bc8e,exclude_unresolved_component
8ec298fefe1169c110367a71,late_blight/ff3ddd95-9c84-42fb-aef3-eceb2d5b1110___RS_Late.B 4831.JPG,late_blight,PlantVillage:Tomato___Late_blight:::1.0,verified_group,8b40b205260efaf627bb4306,eligible_verified_subset
bdc269c9b650987abb9918e5,late_blight/ff735d59-0023-4c97-853c-ff4083ba96d6___RS_Late.B 6263.JPG,late_blight,PlantVillage:Tomato___Late_blight:::151.0,verified_group,226ac9c768fc65dd77f829b6,eligible_verified_subset
b9b530bd28d1daeda761da0e,late_blight/ff82087d-e992-41fb-a2ec-f726d92e6c58___GHLB_PS Leaf 27 day 13.jpg,late_blight,fallback:b9b530bd28d1daeda761da0e,fallback_group,b9b530bd28d1daeda761da0e,exclude_unresolved_component
c178f3697e74493b284809ca,late_blight/ffe3f6a8-75bb-4584-8c7b-d92c814b5342___GHLB2 Leaf 81.1.JPG,late_blight,fallback:c178f3697e74493b284809ca,fallback_group,c178f3697e74493b284809ca,exclude_unresolved_component
